ACTIVITY_1,0810,0899,0910,0990,1010,1020,1030,1040,1050,1061,1062,1071,1072,1073,1074,1075,1079,1080,1101,1102,1103,1104,1200,1311,1312,1313,1391,1392,1393,1394,1399,1410,1511,1520,1610,1621,1622,1623,1629,1701,1702,1709,1811,1812,1920,2011,2012,2013,2021,2022,2023,2029,2030,2100,2211,2219,2220,2310,2391,2392,2393,2394,2395,2396,2399,2410,2420,2431,2432,2511,2512,2513,2520,2591,2592,2593,2599,2610,2620,2630,2640,2651,2652,2660,2670,2710,2731,2732,2733,2750,2790,2811,2812,2813,2814,2815,2816,2817,2818,2819,2821,2822,2823,2824,2825,2826,2829,2910,2920,2930,3011,3012,3020,3030,3040,3091,3092,3099,3100,3211,3212,3220,3230,3240,3250,3290,3510,3530,3600,3700,3811,3812,3821,3822,3830,4220,4290,4311,4312,4390,4530,4540,4610,4620,4630,4641,4649,4651,4652,4653,4659,4661,4662,4663,4669,4911,4922,4923,4930,5011,5012,5021,5022,5110,5120,5210,5221,5222,5223,5224,5229,5510,5520,5590,5911,5912,5913,5914,5920,6190,6201,6202,6209,6311,6810,6910,6920,7010,7020,7110,7210,7220,7310,7320,7410,7490,7710,7721,7730,7740,7810,7830,7911,7912,7990,8110,8129,8219,8220,8230,8291,8292,8299
0810,1.0,0.5454545454545454,0.2727272727272727,0.45454545454545453,0.6363636363636364,0.36363636363636365,0.45454545454545453,0.4166666666666667,0.5333333333333333,0.5454545454545454,0.18181818181818182,0.5454545454545454,0.2727272727272727,0.5454545454545454,0.45454545454545453,0.18181818181818182,0.2727272727272727,0.46153846153846156,0.6666666666666666,0.36363636363636365,0.6363636363636364,0.6363636363636364,0.6363636363636364,0.2727272727272727,0.09090909090909091,0.09090909090909091,0.36363636363636365,0.7272727272727273,0.18181818181818182,0.45454545454545453,0.2727272727272727,0.6666666666666666,0.2727272727272727,0.5454545454545454,0.8181818181818182,0.5454545454545454,0.7272727272727273,0.5454545454545454,0.6363636363636364,0.36363636363636365,0.36363636363636365,0.45454545454545453,0.5714285714285714,0.36363636363636365,0.5454545454545454,0.18181818181818182,0.5384615384615384,0.09090909090909091,0.2727272727272727,0.0,0.2727272727272727,0.18181818181818182,0.18181818181818182,0.2727272727272727,0.36363636363636365,0.45454545454545453,0.36363636363636365,0.36363636363636365,0.2727272727272727,0.36363636363636365,0.2727272727272727,0.46153846153846156,0.5,0.36363636363636365,0.6363636363636364,0.18181818181818182,0.2727272727272727,0.36363636363636365,0.36363636363636365,0.6666666666666666,0.2727272727272727,0.2727272727272727,0.36363636363636365,0.0,0.2727272727272727,0.09090909090909091,0.45454545454545453,0.09090909090909091,0.45454545454545453,0.2727272727272727,0.09090909090909091,0.09090909090909091,0.09090909090909091,0.18181818181818182,0.09090909090909091,0.36363636363636365,0.36363636363636365,0.7272727272727273,0.18181818181818182,0.45454545454545453,0.36363636363636365,0.18181818181818182,0.09090909090909091,0.09090909090909091,0.09090909090909091,0.09090909090909091,0.09090909090909091,0.18181818181818182,0.18181818181818182,0.0,0.2727272727272727,0.0,0.09090909090909091,0.36363636363636365,0.18181818181818182,0.09090909090909091,0.09090909090909091,0.0,0.2727272727272727,0.5454545454545454,0.36363636363636365,0.2727272727272727,0.5454545454545454,0.09090909090909091,0.0,0.09090909090909091,0.36363636363636365,0.36363636363636365,0.6363636363636364,0.2727272727272727,0.36363636363636365,0.09090909090909091,0.5454545454545454,0.36363636363636365,0.09090909090909091,0.36363636363636365,0.5384615384615384,0.6363636363636364,0.6153846153846154,0.18181818181818182,0.5454545454545454,0.36363636363636365,0.09090909090909091,0.36363636363636365,0.2727272727272727,0.6923076923076923,0.6153846153846154,0.2727272727272727,0.2727272727272727,0.18181818181818182,0.6666666666666666,0.18181818181818182,0.5454545454545454,0.36363636363636365,0.2727272727272727,0.18181818181818182,0.18181818181818182,0.2727272727272727,0.09090909090909091,0.36363636363636365,0.2727272727272727,0.5384615384615384,0.0,0.36363636363636365,0.5454545454545454,0.36363636363636365,0.5454545454545454,0.5833333333333334,0.5454545454545454,0.45454545454545453,0.2727272727272727,0.09090909090909091,0.36363636363636365,0.2727272727272727,0.2727272727272727,0.2727272727272727,0.5454545454545454,0.5454545454545454,0.6666666666666666,0.36363636363636365,0.09090909090909091,0.45454545454545453,0.36363636363636365,0.5454545454545454,0.2727272727272727,0.09090909090909091,0.2727272727272727,0.18181818181818182,0.45454545454545453,0.45454545454545453,0.7272727272727273,0.2727272727272727,0.36363636363636365,0.45454545454545453,0.5454545454545454,0.0,0.5454545454545454,0.0,0.5833333333333334,0.2727272727272727,0.36363636363636365,0.2727272727272727,0.36363636363636365,0.4166666666666667,0.45454545454545453,0.5454545454545454,0.36363636363636365,0.18181818181818182,0.36363636363636365,0.18181818181818182,0.2727272727272727,0.45454545454545453,0.45454545454545453,0.2727272727272727,0.2727272727272727,0.18181818181818182,0.18181818181818182,0.18181818181818182,0.36363636363636365,0.18181818181818182,0.18181818181818182,0.18181818181818182,0.18181818181818182
0899,0.5454545454545454,1.0,0.2222222222222222,0.2222222222222222,0.2727272727272727,0.3333333333333333,0.36363636363636365,0.5,0.4,0.36363636363636365,0.2222222222222222,0.4444444444444444,0.0,0.3,0.2222222222222222,0.4444444444444444,0.2,0.38461538461538464,0.3333333333333333,0.2222222222222222,0.36363636363636365,0.2727272727272727,0.3333333333333333,0.4444444444444444,0.2222222222222222,0.2222222222222222,0.3333333333333333,0.2727272727272727,0.2222222222222222,0.4444444444444444,0.2222222222222222,0.3333333333333333,0.3333333333333333,0.5,0.45454545454545453,0.4444444444444444,0.5,0.3333333333333333,0.3333333333333333,0.3333333333333333,0.1111111111111111,0.2,0.35714285714285715,0.4,0.4,0.3333333333333333,0.38461538461538464,0.2222222222222222,0.2222222222222222,0.1111111111111111,0.3333333333333333,0.2222222222222222,0.3333333333333333,0.3,0.1111111111111111,0.3333333333333333,0.1111111111111111,0.3333333333333333,0.2222222222222222,0.4444444444444444,0.2222222222222222,0.38461538461538464,0.5,0.4444444444444444,0.45454545454545453,0.2222222222222222,0.4444444444444444,0.1111111111111111,0.1111111111111111,0.4166666666666667,0.1111111111111111,0.1111111111111111,0.2222222222222222,0.1111111111111111,0.2222222222222222,0.2222222222222222,0.3333333333333333,0.0,0.1111111111111111,0.2222222222222222,0.1111111111111111,0.1111111111111111,0.1111111111111111,0.3333333333333333,0.1111111111111111,0.2222222222222222,0.3333333333333333,0.4,0.1111111111111111,0.3333333333333333,0.3333333333333333,0.1111111111111111,0.2222222222222222,0.1111111111111111,0.2222222222222222,0.2222222222222222,0.2222222222222222,0.1111111111111111,0.1111111111111111,0.1111111111111111,0.3333333333333333,0.1111111111111111,0.2222222222222222,0.3333333333333333,0.3333333333333333,0.2222222222222222,0.2222222222222222,0.0,0.2222222222222222,0.3333333333333333,0.3333333333333333,0.3333333333333333,0.4444444444444444,0.2222222222222222,0.0,0.1111111111111111,0.5555555555555556,0.3333333333333333,0.4444444444444444,0.3333333333333333,0.3333333333333333,0.1111111111111111,0.5555555555555556,0.2222222222222222,0.1111111111111111,0.2222222222222222,0.38461538461538464,0.3333333333333333,0.38461538461538464,0.0,0.3333333333333333,0.3333333333333333,0.2222222222222222,0.3333333333333333,0.2222222222222222,0.38461538461538464,0.46153846153846156,0.3333333333333333,0.4444444444444444,0.3333333333333333,0.3333333333333333,0.4444444444444444,0.3333333333333333,0.4444444444444444,0.5555555555555556,0.5,0.4444444444444444,0.5555555555555556,0.2222222222222222,0.5555555555555556,0.4444444444444444,0.23076923076923078,0.1111111111111111,0.3333333333333333,0.45454545454545453,0.4444444444444444,0.5,0.5,0.4444444444444444,0.4444444444444444,0.4444444444444444,0.2222222222222222,0.3333333333333333,0.4,0.2222222222222222,0.2222222222222222,0.3333333333333333,0.5454545454545454,0.5833333333333334,0.5555555555555556,0.2222222222222222,0.6666666666666666,0.5555555555555556,0.4444444444444444,0.4444444444444444,0.3333333333333333,0.3333333333333333,0.3333333333333333,0.4444444444444444,0.6,0.5,0.5555555555555556,0.4444444444444444,0.4444444444444444,0.4,0.2222222222222222,0.6,0.2222222222222222,0.5,0.3333333333333333,0.4444444444444444,0.4444444444444444,0.5,0.5,0.5555555555555556,0.7,0.4444444444444444,0.2222222222222222,0.3,0.3333333333333333,0.1111111111111111,0.4444444444444444,0.4,0.4444444444444444,0.3333333333333333,0.2222222222222222,0.3333333333333333,0.5555555555555556,0.4444444444444444,0.3333333333333333,0.4444444444444444,0.1111111111111111,0.4444444444444444
0910,0.2727272727272727,0.2222222222222222,1.0,0.3333333333333333,0.2727272727272727,0.2222222222222222,0.18181818181818182,0.25,0.2,0.09090909090909091,0.1111111111111111,0.1111111111111111,0.2857142857142857,0.1,0.125,0.14285714285714285,0.2,0.23076923076923078,0.08333333333333333,0.16666666666666666,0.2727272727272727,0.2727272727272727,0.3333333333333333,0.25,0.0,0.2,0.14285714285714285,0.2727272727272727,0.0,0.1111111111111111,0.2857142857142857,0.25,0.2,0.2,0.36363636363636365,0.1111111111111111,0.2,0.1111111111111111,0.375,0.125,0.14285714285714285,0.2,0.07142857142857142,0.1,0.2,0.16666666666666666,0.23076923076923078,0.14285714285714285,0.125,0.0,0.1111111111111111,0.125,0.2857142857142857,0.1,0.42857142857142855,0.25,0.14285714285714285,0.0,0.1111111111111111,0.125,0.16666666666666666,0.23076923076923078,0.14285714285714285,0.0,0.18181818181818182,0.4,0.25,0.14285714285714285,0.16666666666666666,0.16666666666666666,0.2,0.0,0.3333333333333333,0.0,0.0,0.0,0.2857142857142857,0.0,0.2857142857142857,0.2,0.0,0.25,0.0,0.0,0.0,0.0,0.0,0.3,0.0,0.25,0.16666666666666666,0.0,0.0,0.0,0.25,0.0,0.0,0.0,0.25,0.0,0.0,0.0,0.25,0.14285714285714285,0.0,0.0,0.0,0.0,0.0,0.2857142857142857,0.4,0.0,0.125,0.0,0.0,0.0,0.16666666666666666,0.0,0.25,0.16666666666666666,0.25,0.25,0.2222222222222222,0.2,0.0,0.0,0.23076923076923078,0.25,0.23076923076923078,0.0,0.2222222222222222,0.125,0.0,0.1111111111111111,0.3333333333333333,0.15384615384615385,0.23076923076923078,0.16666666666666666,0.0,0.16666666666666666,0.2,0.125,0.25,0.1111111111111111,0.0,0.0,0.0,0.1111111111111111,0.0,0.2222222222222222,0.125,0.23076923076923078,0.0,0.1111111111111111,0.0,0.2857142857142857,0.2,0.08333333333333333,0.2222222222222222,0.2857142857142857,0.16666666666666666,0.0,0.3333333333333333,0.2,0.16666666666666666,0.0,0.375,0.2727272727272727,0.16666666666666666,0.0,0.0,0.14285714285714285,0.14285714285714285,0.2222222222222222,0.25,0.0,0.0,0.2222222222222222,0.1111111111111111,0.2,0.3,0.14285714285714285,0.0,0.0,0.1,0.0,0.1,0.0,0.25,0.125,0.25,0.2222222222222222,0.1,0.25,0.125,0.1,0.1111111111111111,0.16666666666666666,0.1,0.2,0.25,0.1111111111111111,0.1,0.0,0.25,0.0,0.0,0.14285714285714285,0.3333333333333333,0.0,0.14285714285714285,0.0,0.16666666666666666
0990,0.45454545454545453,0.2222222222222222,0.3333333333333333,1.0,0.45454545454545453,0.2222222222222222,0.45454545454545453,0.25,0.3333333333333333,0.2727272727272727,0.2222222222222222,0.2222222222222222,0.42857142857142855,0.3,0.375,0.14285714285714285,0.3,0.38461538461538464,0.4166666666666667,0.0,0.2727272727272727,0.36363636363636365,0.5555555555555556,0.25,0.0,0.16666666666666666,0.2857142857142857,0.45454545454545453,0.16666666666666666,0.1111111111111111,0.42857142857142855,0.4166666666666667,0.16666666666666666,0.3,0.45454545454545453,0.3333333333333333,0.3,0.4444444444444444,0.5,0.25,0.5714285714285714,0.5,0.35714285714285715,0.3,0.3,0.16666666666666666,0.23076923076923078,0.2857142857142857,0.25,0.0,0.3333333333333333,0.25,0.2857142857142857,0.2,0.5714285714285714,0.5,0.5714285714285714,0.125,0.4444444444444444,0.375,0.16666666666666666,0.23076923076923078,0.14285714285714285,0.16666666666666666,0.45454545454545453,0.16666666666666666,0.0,0.42857142857142855,0.5,0.3333333333333333,0.5,0.3333333333333333,0.3333333333333333,0.0,0.5,0.0,0.5714285714285714,0.16666666666666666,0.42857142857142855,0.3333333333333333,0.0,0.3333333333333333,0.0,0.3333333333333333,0.16666666666666666,0.5,0.42857142857142855,0.4,0.3333333333333333,0.5,0.3333333333333333,0.3333333333333333,0.16666666666666666,0.16666666666666666,0.0,0.16666666666666666,0.16666666666666666,0.16666666666666666,0.16666666666666666,0.0,0.375,0.0,0.0,0.2857142857142857,0.3333333333333333,0.0,0.16666666666666666,0.0,0.42857142857142855,0.5714285714285714,0.16666666666666666,0.3333333333333333,0.375,0.16666666666666666,0.0,0.16666666666666666,0.3333333333333333,0.3333333333333333,0.375,0.0,0.125,0.0,0.3333333333333333,0.5,0.16666666666666666,0.14285714285714285,0.23076923076923078,0.625,0.38461538461538464,0.16666666666666666,0.3333333333333333,0.125,0.0,0.1111111111111111,0.16666666666666666,0.38461538461538464,0.38461538461538464,0.5,0.14285714285714285,0.16666666666666666,0.4,0.125,0.375,0.3333333333333333,0.14285714285714285,0.0,0.14285714285714285,0.1111111111111111,0.0,0.3333333333333333,0.125,0.3076923076923077,0.0,0.2222222222222222,0.2727272727272727,0.14285714285714285,0.1,0.3333333333333333,0.1111111111111111,0.2857142857142857,0.16666666666666666,0.16666666666666666,0.3333333333333333,0.1,0.16666666666666666,0.2222222222222222,0.375,0.18181818181818182,0.25,0.2222222222222222,0.0,0.14285714285714285,0.0,0.4444444444444444,0.25,0.16666666666666666,0.14285714285714285,0.1111111111111111,0.2222222222222222,0.1,0.4,0.14285714285714285,0.2857142857142857,0.42857142857142855,0.3,0.0,0.2,0.0,0.25,0.125,0.375,0.2222222222222222,0.1,0.16666666666666666,0.125,0.3,0.1111111111111111,0.16666666666666666,0.1,0.16666666666666666,0.375,0.4444444444444444,0.1,0.2222222222222222,0.25,0.3333333333333333,0.16666666666666666,0.0,0.3333333333333333,0.0,0.14285714285714285,0.3333333333333333,0.0
1010,0.6363636363636364,0.2727272727272727,0.2727272727272727,0.45454545454545453,1.0,0.45454545454545453,0.6363636363636364,0.5833333333333334,0.5333333333333333,0.45454545454545453,0.2727272727272727,0.45454545454545453,0.5454545454545454,0.5454545454545454,0.45454545454545453,0.18181818181818182,0.6363636363636364,0.6153846153846154,0.6666666666666666,0.36363636363636365,0.45454545454545453,0.7272727272727273,0.6363636363636364,0.36363636363636365,0.09090909090909091,0.09090909090909091,0.2727272727272727,0.8181818181818182,0.09090909090909091,0.36363636363636365,0.2727272727272727,0.75,0.09090909090909091,0.6363636363636364,0.7272727272727273,0.6363636363636364,0.45454545454545453,0.7272727272727273,0.6363636363636364,0.09090909090909091,0.5454545454545454,0.6363636363636364,0.5714285714285714,0.45454545454545453,0.5454545454545454,0.0,0.6153846153846154,0.09090909090909091,0.45454545454545453,0.09090909090909091,0.5454545454545454,0.18181818181818182,0.2727272727272727,0.36363636363636365,0.5454545454545454,0.45454545454545453,0.36363636363636365,0.36363636363636365,0.5454545454545454,0.45454545454545453,0.2727272727272727,0.6153846153846154,0.5,0.2727272727272727,0.36363636363636365,0.18181818181818182,0.18181818181818182,0.36363636363636365,0.36363636363636365,0.5833333333333334,0.36363636363636365,0.18181818181818182,0.2727272727272727,0.09090909090909091,0.2727272727272727,0.0,0.45454545454545453,0.09090909090909091,0.45454545454545453,0.2727272727272727,0.0,0.09090909090909091,0.09090909090909091,0.09090909090909091,0.09090909090909091,0.2727272727272727,0.2727272727272727,0.45454545454545453,0.2727272727272727,0.5454545454545454,0.36363636363636365,0.09090909090909091,0.09090909090909091,0.09090909090909091,0.09090909090909091,0.0,0.0,0.18181818181818182,0.18181818181818182,0.0,0.2727272727272727,0.0,0.09090909090909091,0.18181818181818182,0.18181818181818182,0.0,0.0,0.09090909090909091,0.2727272727272727,0.45454545454545453,0.18181818181818182,0.2727272727272727,0.6363636363636364,0.18181818181818182,0.0,0.18181818181818182,0.2727272727272727,0.18181818181818182,0.5454545454545454,0.2727272727272727,0.45454545454545453,0.18181818181818182,0.45454545454545453,0.36363636363636365,0.18181818181818182,0.2727272727272727,0.46153846153846156,0.6363636363636364,0.6923076923076923,0.18181818181818182,0.7272727272727273,0.2727272727272727,0.18181818181818182,0.36363636363636365,0.36363636363636365,0.6153846153846154,0.6923076923076923,0.2727272727272727,0.2727272727272727,0.18181818181818182,0.6666666666666666,0.36363636363636365,0.5454545454545454,0.5454545454545454,0.2727272727272727,0.2727272727272727,0.2727272727272727,0.18181818181818182,0.36363636363636365,0.5454545454545454,0.18181818181818182,0.6923076923076923,0.0,0.36363636363636365,0.5454545454545454,0.36363636363636365,0.45454545454545453,0.6666666666666666,0.45454545454545453,0.2727272727272727,0.09090909090909091,0.18181818181818182,0.45454545454545453,0.36363636363636365,0.2727272727272727,0.45454545454545453,0.5454545454545454,0.5454545454545454,0.4166666666666667,0.2727272727272727,0.09090909090909091,0.2727272727272727,0.2727272727272727,0.5454545454545454,0.2727272727272727,0.2727272727272727,0.36363636363636365,0.2727272727272727,0.36363636363636365,0.45454545454545453,0.5454545454545454,0.18181818181818182,0.36363636363636365,0.36363636363636365,0.45454545454545453,0.2727272727272727,0.36363636363636365,0.09090909090909091,0.4166666666666667,0.2727272727272727,0.2727272727272727,0.36363636363636365,0.36363636363636365,0.5833333333333334,0.18181818181818182,0.45454545454545453,0.45454545454545453,0.2727272727272727,0.45454545454545453,0.09090909090909091,0.36363636363636365,0.36363636363636365,0.45454545454545453,0.36363636363636365,0.45454545454545453,0.18181818181818182,0.2727272727272727,0.36363636363636365,0.5454545454545454,0.2727272727272727,0.18181818181818182,0.18181818181818182,0.2727272727272727
1020,0.36363636363636365,0.3333333333333333,0.2222222222222222,0.2222222222222222,0.45454545454545453,1.0,0.45454545454545453,0.3333333333333333,0.4,0.45454545454545453,0.4444444444444444,0.3333333333333333,0.4444444444444444,0.4,0.3333333333333333,0.3333333333333333,0.6,0.5384615384615384,0.3333333333333333,0.3333333333333333,0.45454545454545453,0.36363636363636365,0.2222222222222222,0.5555555555555556,0.3333333333333333,0.4444444444444444,0.5555555555555556,0.5454545454545454,0.2222222222222222,0.7777777777777778,0.5555555555555556,0.5,0.2222222222222222,0.4,0.45454545454545453,0.4444444444444444,0.4,0.3333333333333333,0.4444444444444444,0.5555555555555556,0.3333333333333333,0.5,0.42857142857142855,0.6,0.3,0.2222222222222222,0.38461538461538464,0.3333333333333333,0.3333333333333333,0.2222222222222222,0.6666666666666666,0.2222222222222222,0.2222222222222222,0.4,0.3333333333333333,0.2222222222222222,0.3333333333333333,0.5555555555555556,0.6666666666666666,0.4444444444444444,0.1111111111111111,0.38461538461538464,0.35714285714285715,0.3333333333333333,0.36363636363636365,0.1111111111111111,0.4444444444444444,0.3333333333333333,0.1111111111111111,0.4166666666666667,0.2222222222222222,0.2222222222222222,0.2222222222222222,0.1111111111111111,0.1111111111111111,0.1111111111111111,0.3333333333333333,0.1111111111111111,0.2222222222222222,0.1111111111111111,0.2222222222222222,0.2222222222222222,0.1111111111111111,0.1111111111111111,0.1111111111111111,0.1111111111111111,0.3333333333333333,0.5,0.0,0.3333333333333333,0.0,0.0,0.1111111111111111,0.1111111111111111,0.0,0.0,0.1111111111111111,0.2222222222222222,0.0,0.0,0.1111111111111111,0.0,0.0,0.3333333333333333,0.0,0.1111111111111111,0.1111111111111111,0.0,0.1111111111111111,0.3333333333333333,0.2222222222222222,0.2222222222222222,0.3333333333333333,0.3333333333333333,0.1111111111111111,0.1111111111111111,0.2222222222222222,0.3333333333333333,0.3333333333333333,0.2222222222222222,0.5555555555555556,0.0,0.3333333333333333,0.1111111111111111,0.0,0.5555555555555556,0.38461538461538464,0.2222222222222222,0.46153846153846156,0.4444444444444444,0.3333333333333333,0.4444444444444444,0.3333333333333333,0.2222222222222222,0.0,0.3076923076923077,0.38461538461538464,0.2222222222222222,0.1111111111111111,0.2222222222222222,0.4,0.5555555555555556,0.1111111111111111,0.3333333333333333,0.4444444444444444,0.5,0.3333333333333333,0.4444444444444444,0.4444444444444444,0.5555555555555556,0.3333333333333333,0.46153846153846156,0.1111111111111111,0.4444444444444444,0.5454545454545454,0.3333333333333333,0.5,0.4166666666666667,0.4444444444444444,0.3333333333333333,0.3333333333333333,0.0,0.2222222222222222,0.6,0.3333333333333333,0.4444444444444444,0.4444444444444444,0.45454545454545453,0.3333333333333333,0.3333333333333333,0.1111111111111111,0.3333333333333333,0.3333333333333333,0.3333333333333333,0.5555555555555556,0.1111111111111111,0.2222222222222222,0.5555555555555556,0.3333333333333333,0.4,0.3,0.3333333333333333,0.3333333333333333,0.2222222222222222,0.5,0.4444444444444444,0.4,0.1111111111111111,0.3333333333333333,0.3333333333333333,0.2222222222222222,0.4444444444444444,0.5,0.5,0.4444444444444444,0.5,0.5555555555555556,0.2222222222222222,0.6,0.1111111111111111,0.5555555555555556,0.3333333333333333,0.5,0.1111111111111111,0.6666666666666666,0.2222222222222222,0.3333333333333333,0.2222222222222222,0.6666666666666666,0.4444444444444444,0.4444444444444444,0.2222222222222222,0.2222222222222222
1030,0.45454545454545453,0.36363636363636365,0.18181818181818182,0.45454545454545453,0.6363636363636364,0.45454545454545453,1.0,0.75,0.6,0.6363636363636364,0.45454545454545453,0.36363636363636365,0.45454545454545453,0.7272727272727273,0.5454545454545454,0.18181818181818182,0.6363636363636364,0.6923076923076923,0.6666666666666666,0.18181818181818182,0.45454545454545453,0.7272727272727273,0.6363636363636364,0.45454545454545453,0.2727272727272727,0.2727272727272727,0.36363636363636365,0.5454545454545454,0.18181818181818182,0.45454545454545453,0.45454545454545453,0.6666666666666666,0.36363636363636365,0.6363636363636364,0.36363636363636365,0.45454545454545453,0.2727272727272727,0.5454545454545454,0.36363636363636365,0.2727272727272727,0.45454545454545453,0.7272727272727273,0.6428571428571429,0.6363636363636364,0.5454545454545454,0.09090909090909091,0.46153846153846156,0.2727272727272727,0.6363636363636364,0.36363636363636365,0.6363636363636364,0.36363636363636365,0.2727272727272727,0.6363636363636364,0.36363636363636365,0.45454545454545453,0.45454545454545453,0.2727272727272727,0.6363636363636364,0.6363636363636364,0.2727272727272727,0.6153846153846154,0.5,0.36363636363636365,0.6363636363636364,0.18181818181818182,0.36363636363636365,0.36363636363636365,0.36363636363636365,0.5833333333333334,0.45454545454545453,0.18181818181818182,0.2727272727272727,0.09090909090909091,0.2727272727272727,0.09090909090909091,0.45454545454545453,0.09090909090909091,0.2727272727272727,0.09090909090909091,0.0,0.09090909090909091,0.0,0.18181818181818182,0.09090909090909091,0.18181818181818182,0.2727272727272727,0.36363636363636365,0.18181818181818182,0.5454545454545454,0.2727272727272727,0.09090909090909091,0.18181818181818182,0.18181818181818182,0.09090909090909091,0.09090909090909091,0.0,0.09090909090909091,0.09090909090909091,0.09090909090909091,0.36363636363636365,0.09090909090909091,0.09090909090909091,0.18181818181818182,0.2727272727272727,0.18181818181818182,0.0,0.0,0.2727272727272727,0.36363636363636365,0.0,0.18181818181818182,0.45454545454545453,0.36363636363636365,0.0,0.2727272727272727,0.2727272727272727,0.09090909090909091,0.36363636363636365,0.18181818181818182,0.2727272727272727,0.0,0.2727272727272727,0.2727272727272727,0.18181818181818182,0.2727272727272727,0.5384615384615384,0.36363636363636365,0.7692307692307693,0.2727272727272727,0.45454545454545453,0.45454545454545453,0.18181818181818182,0.2727272727272727,0.2727272727272727,0.5384615384615384,0.6923076923076923,0.2727272727272727,0.2727272727272727,0.18181818181818182,0.6,0.5454545454545454,0.36363636363636365,0.6363636363636364,0.36363636363636365,0.5454545454545454,0.45454545454545453,0.36363636363636365,0.18181818181818182,0.36363636363636365,0.2727272727272727,0.6153846153846154,0.0,0.2727272727272727,0.6363636363636364,0.36363636363636365,0.18181818181818182,0.5,0.45454545454545453,0.2727272727272727,0.18181818181818182,0.18181818181818182,0.2727272727272727,0.6363636363636364,0.2727272727272727,0.45454545454545453,0.45454545454545453,0.5454545454545454,0.5,0.5454545454545454,0.18181818181818182,0.36363636363636365,0.2727272727272727,0.45454545454545453,0.36363636363636365,0.18181818181818182,0.2727272727272727,0.36363636363636365,0.09090909090909091,0.5454545454545454,0.2727272727272727,0.18181818181818182,0.2727272727272727,0.2727272727272727,0.36363636363636365,0.36363636363636365,0.2727272727272727,0.18181818181818182,0.5,0.09090909090909091,0.36363636363636365,0.5454545454545454,0.36363636363636365,0.5833333333333334,0.09090909090909091,0.45454545454545453,0.36363636363636365,0.18181818181818182,0.36363636363636365,0.0,0.45454545454545453,0.45454545454545453,0.5454545454545454,0.5454545454545454,0.2727272727272727,0.18181818181818182,0.36363636363636365,0.36363636363636365,0.5454545454545454,0.2727272727272727,0.2727272727272727,0.2727272727272727,0.18181818181818182
1040,0.4166666666666667,0.5,0.25,0.25,0.5833333333333334,0.3333333333333333,0.75,1.0,0.6666666666666666,0.5,0.4166666666666667,0.4166666666666667,0.4166666666666667,0.6666666666666666,0.4166666666666667,0.25,0.5833333333333334,0.6153846153846154,0.5833333333333334,0.3333333333333333,0.5,0.75,0.5833333333333334,0.5,0.25,0.25,0.25,0.5,0.16666666666666666,0.3333333333333333,0.3333333333333333,0.6666666666666666,0.3333333333333333,0.6666666666666666,0.4166666666666667,0.5,0.25,0.4166666666666667,0.4166666666666667,0.16666666666666666,0.25,0.5833333333333334,0.5714285714285714,0.4166666666666667,0.6666666666666666,0.16666666666666666,0.6153846153846154,0.3333333333333333,0.5,0.3333333333333333,0.5,0.3333333333333333,0.4166666666666667,0.5833333333333334,0.25,0.3333333333333333,0.25,0.25,0.4166666666666667,0.5,0.3333333333333333,0.7692307692307693,0.6428571428571429,0.3333333333333333,0.4166666666666667,0.25,0.4166666666666667,0.3333333333333333,0.25,0.5833333333333334,0.25,0.16666666666666666,0.3333333333333333,0.08333333333333333,0.08333333333333333,0.08333333333333333,0.4166666666666667,0.0,0.25,0.08333333333333333,0.0,0.08333333333333333,0.0,0.16666666666666666,0.08333333333333333,0.16666666666666666,0.16666666666666666,0.25,0.08333333333333333,0.4166666666666667,0.3333333333333333,0.0,0.16666666666666666,0.08333333333333333,0.16666666666666666,0.08333333333333333,0.08333333333333333,0.08333333333333333,0.08333333333333333,0.08333333333333333,0.25,0.08333333333333333,0.16666666666666666,0.16666666666666666,0.25,0.16666666666666666,0.08333333333333333,0.0,0.16666666666666666,0.25,0.16666666666666666,0.16666666666666666,0.4166666666666667,0.25,0.0,0.16666666666666666,0.3333333333333333,0.16666666666666666,0.4166666666666667,0.3333333333333333,0.4166666666666667,0.08333333333333333,0.25,0.16666666666666666,0.08333333333333333,0.25,0.6153846153846154,0.25,0.7692307692307693,0.16666666666666666,0.4166666666666667,0.3333333333333333,0.16666666666666666,0.3333333333333333,0.4166666666666667,0.5384615384615384,0.7692307692307693,0.25,0.4166666666666667,0.16666666666666666,0.6,0.5,0.4166666666666667,0.5833333333333334,0.4166666666666667,0.5833333333333334,0.5,0.4166666666666667,0.25,0.4166666666666667,0.3333333333333333,0.6923076923076923,0.08333333333333333,0.25,0.5,0.4166666666666667,0.4166666666666667,0.5,0.5,0.3333333333333333,0.25,0.16666666666666666,0.4166666666666667,0.5833333333333334,0.25,0.3333333333333333,0.4166666666666667,0.6666666666666666,0.5833333333333334,0.5833333333333334,0.25,0.4166666666666667,0.3333333333333333,0.5,0.3333333333333333,0.25,0.3333333333333333,0.4166666666666667,0.25,0.6666666666666666,0.4166666666666667,0.25,0.25,0.16666666666666666,0.25,0.4166666666666667,0.25,0.25,0.5833333333333334,0.25,0.3333333333333333,0.5,0.4166666666666667,0.75,0.25,0.4166666666666667,0.5,0.3333333333333333,0.4166666666666667,0.08333333333333333,0.4166666666666667,0.4166666666666667,0.6666666666666666,0.5,0.25,0.08333333333333333,0.3333333333333333,0.5,0.5833333333333334,0.25,0.25,0.08333333333333333,0.25
1050,0.5333333333333333,0.4,0.2,0.3333333333333333,0.5333333333333333,0.4,0.6,0.6666666666666666,1.0,0.5333333333333333,0.4,0.4,0.4666666666666667,0.6666666666666666,0.4,0.3333333333333333,0.5333333333333333,0.6666666666666666,0.7333333333333333,0.26666666666666666,0.6,0.6,0.4666666666666667,0.3333333333333333,0.2,0.2,0.3333333333333333,0.4666666666666667,0.2,0.3333333333333333,0.3333333333333333,0.6,0.26666666666666666,0.4,0.6,0.4666666666666667,0.4,0.4666666666666667,0.4,0.3333333333333333,0.3333333333333333,0.5333333333333333,0.6666666666666666,0.3333333333333333,0.5333333333333333,0.26666666666666666,0.6666666666666666,0.3333333333333333,0.4,0.26666666666666666,0.4666666666666667,0.4,0.26666666666666666,0.4,0.26666666666666666,0.26666666666666666,0.26666666666666666,0.26666666666666666,0.3333333333333333,0.4,0.2,0.6,0.6,0.26666666666666666,0.5333333333333333,0.13333333333333333,0.3333333333333333,0.3333333333333333,0.26666666666666666,0.5333333333333333,0.2,0.26666666666666666,0.3333333333333333,0.13333333333333333,0.26666666666666666,0.06666666666666667,0.4,0.0,0.2,0.13333333333333333,0.0,0.13333333333333333,0.06666666666666667,0.2,0.06666666666666667,0.2,0.3333333333333333,0.4,0.13333333333333333,0.3333333333333333,0.2,0.06666666666666667,0.13333333333333333,0.06666666666666667,0.06666666666666667,0.13333333333333333,0.13333333333333333,0.13333333333333333,0.0,0.06666666666666667,0.4,0.06666666666666667,0.06666666666666667,0.3333333333333333,0.2,0.13333333333333333,0.13333333333333333,0.06666666666666667,0.3333333333333333,0.2,0.2,0.4,0.3333333333333333,0.2,0.0,0.13333333333333333,0.26666666666666666,0.26666666666666666,0.4,0.2,0.3333333333333333,0.06666666666666667,0.4,0.13333333333333333,0.13333333333333333,0.3333333333333333,0.6666666666666666,0.4,0.6,0.26666666666666666,0.4,0.4,0.13333333333333333,0.26666666666666666,0.3333333333333333,0.8,0.6,0.26666666666666666,0.4,0.26666666666666666,0.8,0.4,0.4,0.4666666666666667,0.26666666666666666,0.4666666666666667,0.3333333333333333,0.4,0.26666666666666666,0.5333333333333333,0.4666666666666667,0.7333333333333333,0.06666666666666667,0.5333333333333333,0.4666666666666667,0.3333333333333333,0.4,0.5333333333333333,0.5333333333333333,0.4666666666666667,0.3333333333333333,0.2,0.3333333333333333,0.5333333333333333,0.3333333333333333,0.4,0.3333333333333333,0.6,0.6,0.6,0.26666666666666666,0.3333333333333333,0.3333333333333333,0.3333333333333333,0.4,0.2,0.26666666666666666,0.4666666666666667,0.4666666666666667,0.4666666666666667,0.5333333333333333,0.3333333333333333,0.2,0.3333333333333333,0.4666666666666667,0.3333333333333333,0.4,0.13333333333333333,0.6,0.4,0.3333333333333333,0.4,0.5333333333333333,0.6666666666666666,0.4,0.4666666666666667,0.4666666666666667,0.3333333333333333,0.5333333333333333,0.26666666666666666,0.4666666666666667,0.5333333333333333,0.5333333333333333,0.4666666666666667,0.4,0.06666666666666667,0.3333333333333333,0.3333333333333333,0.3333333333333333,0.2,0.26666666666666666,0.13333333333333333,0.13333333333333333
1061,0.5454545454545454,0.36363636363636365,0.09090909090909091,0.2727272727272727,0.45454545454545453,0.45454545454545453,0.6363636363636364,0.5,0.5333333333333333,1.0,0.5454545454545454,0.36363636363636365,0.2727272727272727,0.6363636363636364,0.5454545454545454,0.2727272727272727,0.45454545454545453,0.38461538461538464,0.6666666666666666,0.45454545454545453,0.6363636363636364,0.6363636363636364,0.45454545454545453,0.45454545454545453,0.36363636363636365,0.2727272727272727,0.45454545454545453,0.5454545454545454,0.18181818181818182,0.5454545454545454,0.36363636363636365,0.5833333333333334,0.2727272727272727,0.45454545454545453,0.36363636363636365,0.5454545454545454,0.5454545454545454,0.36363636363636365,0.2727272727272727,0.45454545454545453,0.36363636363636365,0.5454545454545454,0.5714285714285714,0.5454545454545454,0.5454545454545454,0.2727272727272727,0.46153846153846156,0.36363636363636365,0.45454545454545453,0.36363636363636365,0.45454545454545453,0.45454545454545453,0.2727272727272727,0.5454545454545454,0.36363636363636365,0.45454545454545453,0.36363636363636365,0.36363636363636365,0.45454545454545453,0.36363636363636365,0.36363636363636365,0.5384615384615384,0.5714285714285714,0.2727272727272727,0.6363636363636364,0.2727272727272727,0.5454545454545454,0.2727272727272727,0.2727272727272727,0.6666666666666666,0.2727272727272727,0.36363636363636365,0.18181818181818182,0.18181818181818182,0.36363636363636365,0.09090909090909091,0.18181818181818182,0.18181818181818182,0.36363636363636365,0.36363636363636365,0.09090909090909091,0.18181818181818182,0.0,0.36363636363636365,0.09090909090909091,0.2727272727272727,0.5454545454545454,0.6363636363636364,0.09090909090909091,0.5454545454545454,0.2727272727272727,0.18181818181818182,0.18181818181818182,0.2727272727272727,0.18181818181818182,0.18181818181818182,0.18181818181818182,0.18181818181818182,0.18181818181818182,0.09090909090909091,0.45454545454545453,0.09090909090909091,0.18181818181818182,0.36363636363636365,0.18181818181818182,0.18181818181818182,0.18181818181818182,0.0,0.36363636363636365,0.36363636363636365,0.2727272727272727,0.36363636363636365,0.45454545454545453,0.2727272727272727,0.09090909090909091,0.2727272727272727,0.2727272727272727,0.2727272727272727,0.36363636363636365,0.2727272727272727,0.45454545454545453,0.09090909090909091,0.5454545454545454,0.2727272727272727,0.18181818181818182,0.45454545454545453,0.6923076923076923,0.45454545454545453,0.5384615384615384,0.45454545454545453,0.45454545454545453,0.6363636363636364,0.18181818181818182,0.45454545454545453,0.2727272727272727,0.5384615384615384,0.46153846153846156,0.18181818181818182,0.2727272727272727,0.18181818181818182,0.6,0.36363636363636365,0.36363636363636365,0.36363636363636365,0.2727272727272727,0.5454545454545454,0.36363636363636365,0.45454545454545453,0.2727272727272727,0.2727272727272727,0.45454545454545453,0.6153846153846154,0.09090909090909091,0.45454545454545453,0.6363636363636364,0.36363636363636365,0.36363636363636365,0.5833333333333334,0.6363636363636364,0.36363636363636365,0.36363636363636365,0.18181818181818182,0.2727272727272727,0.5454545454545454,0.2727272727272727,0.45454545454545453,0.36363636363636365,0.6363636363636364,0.4166666666666667,0.6363636363636364,0.2727272727272727,0.18181818181818182,0.18181818181818182,0.45454545454545453,0.36363636363636365,0.0,0.2727272727272727,0.36363636363636365,0.2727272727272727,0.5454545454545454,0.36363636363636365,0.18181818181818182,0.18181818181818182,0.36363636363636365,0.36363636363636365,0.36363636363636365,0.36363636363636365,0.09090909090909091,0.5833333333333334,0.2727272727272727,0.2727272727272727,0.36363636363636365,0.45454545454545453,0.5,0.36363636363636365,0.45454545454545453,0.2727272727272727,0.18181818181818182,0.5454545454545454,0.09090909090909091,0.45454545454545453,0.36363636363636365,0.45454545454545453,0.45454545454545453,0.36363636363636365,0.2727272727272727,0.36363636363636365,0.36363636363636365,0.36363636363636365,0.2727272727272727,0.36363636363636365,0.36363636363636365,0.18181818181818182
1062,0.18181818181818182,0.2222222222222222,0.1111111111111111,0.2222222222222222,0.2727272727272727,0.4444444444444444,0.45454545454545453,0.4166666666666667,0.4,0.5454545454545454,1.0,0.2222222222222222,0.2222222222222222,0.4,0.3333333333333333,0.3333333333333333,0.4,0.38461538461538464,0.3333333333333333,0.2222222222222222,0.45454545454545453,0.45454545454545453,0.3333333333333333,0.4444444444444444,0.3333333333333333,0.4444444444444444,0.4444444444444444,0.36363636363636365,0.2222222222222222,0.4444444444444444,0.4444444444444444,0.4166666666666667,0.2222222222222222,0.3,0.18181818181818182,0.2222222222222222,0.4,0.3333333333333333,0.2222222222222222,0.4444444444444444,0.2222222222222222,0.5,0.42857142857142855,0.5,0.3,0.4444444444444444,0.3076923076923077,0.6666666666666666,0.3333333333333333,0.4444444444444444,0.3333333333333333,0.5555555555555556,0.5555555555555556,0.7,0.3333333333333333,0.4444444444444444,0.4444444444444444,0.4444444444444444,0.5555555555555556,0.2222222222222222,0.4444444444444444,0.46153846153846156,0.5,0.1111111111111111,0.45454545454545453,0.3333333333333333,0.4444444444444444,0.3333333333333333,0.3333333333333333,0.4166666666666667,0.2222222222222222,0.2222222222222222,0.2222222222222222,0.3333333333333333,0.3333333333333333,0.2222222222222222,0.2222222222222222,0.2222222222222222,0.3333333333333333,0.2222222222222222,0.2222222222222222,0.3333333333333333,0.1111111111111111,0.5555555555555556,0.2222222222222222,0.3333333333333333,0.5555555555555556,0.4,0.2222222222222222,0.3333333333333333,0.3333333333333333,0.2222222222222222,0.3333333333333333,0.4444444444444444,0.2222222222222222,0.2222222222222222,0.3333333333333333,0.3333333333333333,0.2222222222222222,0.2222222222222222,0.5555555555555556,0.2222222222222222,0.2222222222222222,0.3333333333333333,0.4444444444444444,0.3333333333333333,0.3333333333333333,0.1111111111111111,0.4444444444444444,0.2222222222222222,0.1111111111111111,0.3333333333333333,0.3333333333333333,0.3333333333333333,0.2222222222222222,0.2222222222222222,0.2222222222222222,0.2222222222222222,0.2222222222222222,0.2222222222222222,0.4444444444444444,0.1111111111111111,0.4444444444444444,0.2222222222222222,0.3333333333333333,0.4444444444444444,0.5384615384615384,0.2222222222222222,0.3076923076923077,0.5555555555555556,0.3333333333333333,0.5555555555555556,0.2222222222222222,0.5555555555555556,0.2222222222222222,0.3076923076923077,0.3076923076923077,0.2222222222222222,0.2222222222222222,0.2222222222222222,0.3333333333333333,0.3333333333333333,0.2222222222222222,0.3333333333333333,0.2222222222222222,0.5,0.3333333333333333,0.4444444444444444,0.3333333333333333,0.3333333333333333,0.3333333333333333,0.38461538461538464,0.3333333333333333,0.4444444444444444,0.45454545454545453,0.2222222222222222,0.4,0.3333333333333333,0.3333333333333333,0.3333333333333333,0.2222222222222222,0.4444444444444444,0.2222222222222222,0.6,0.3333333333333333,0.6666666666666666,0.2222222222222222,0.36363636363636365,0.3333333333333333,0.5555555555555556,0.5555555555555556,0.1111111111111111,0.1111111111111111,0.3333333333333333,0.3333333333333333,0.1111111111111111,0.3333333333333333,0.5555555555555556,0.4444444444444444,0.4,0.3,0.2222222222222222,0.4444444444444444,0.3333333333333333,0.5,0.5555555555555556,0.4,0.3333333333333333,0.3333333333333333,0.3333333333333333,0.4444444444444444,0.5555555555555556,0.4,0.4166666666666667,0.4444444444444444,0.4,0.4444444444444444,0.3333333333333333,0.4,0.2222222222222222,0.6666666666666666,0.3333333333333333,0.4,0.5555555555555556,0.3333333333333333,0.3333333333333333,0.4444444444444444,0.2222222222222222,0.3333333333333333,0.2222222222222222,0.3333333333333333,0.4444444444444444,0.2222222222222222
1071,0.5454545454545454,0.4444444444444444,0.1111111111111111,0.2222222222222222,0.45454545454545453,0.3333333333333333,0.36363636363636365,0.4166666666666667,0.4,0.36363636363636365,0.2222222222222222,1.0,0.4444444444444444,0.5,0.3333333333333333,0.1111111111111111,0.4,0.38461538461538464,0.5,0.3333333333333333,0.5454545454545454,0.45454545454545453,0.5555555555555556,0.4444444444444444,0.1111111111111111,0.2222222222222222,0.3333333333333333,0.45454545454545453,0.2222222222222222,0.3333333333333333,0.3333333333333333,0.5,0.3333333333333333,0.5,0.5454545454545454,0.4444444444444444,0.5,0.4444444444444444,0.5555555555555556,0.4444444444444444,0.3333333333333333,0.4,0.42857142857142855,0.4,0.5,0.1111111111111111,0.46153846153846156,0.2222222222222222,0.3333333333333333,0.2222222222222222,0.5555555555555556,0.3333333333333333,0.3333333333333333,0.4,0.3333333333333333,0.4444444444444444,0.4444444444444444,0.4444444444444444,0.4444444444444444,0.3333333333333333,0.4444444444444444,0.38461538461538464,0.35714285714285715,0.4444444444444444,0.45454545454545453,0.2222222222222222,0.4444444444444444,0.5555555555555556,0.3333333333333333,0.4166666666666667,0.1111111111111111,0.2222222222222222,0.2222222222222222,0.2222222222222222,0.3333333333333333,0.2222222222222222,0.4444444444444444,0.0,0.4444444444444444,0.2222222222222222,0.2222222222222222,0.1111111111111111,0.3333333333333333,0.1111111111111111,0.2222222222222222,0.3333333333333333,0.1111111111111111,0.3,0.3333333333333333,0.3333333333333333,0.4444444444444444,0.1111111111111111,0.2222222222222222,0.1111111111111111,0.2222222222222222,0.1111111111111111,0.1111111111111111,0.2222222222222222,0.2222222222222222,0.1111111111111111,0.3333333333333333,0.1111111111111111,0.2222222222222222,0.3333333333333333,0.2222222222222222,0.2222222222222222,0.1111111111111111,0.2222222222222222,0.3333333333333333,0.4444444444444444,0.2222222222222222,0.2222222222222222,0.4444444444444444,0.3333333333333333,0.1111111111111111,0.0,0.4444444444444444,0.3333333333333333,0.5555555555555556,0.4444444444444444,0.3333333333333333,0.3333333333333333,0.3333333333333333,0.4444444444444444,0.2222222222222222,0.4444444444444444,0.38461538461538464,0.4444444444444444,0.5384615384615384,0.3333333333333333,0.4444444444444444,0.1111111111111111,0.2222222222222222,0.5555555555555556,0.3333333333333333,0.38461538461538464,0.46153846153846156,0.2222222222222222,0.3333333333333333,0.2222222222222222,0.5333333333333333,0.4444444444444444,0.5555555555555556,0.4444444444444444,0.3333333333333333,0.4,0.2222222222222222,0.2222222222222222,0.1111111111111111,0.2222222222222222,0.2222222222222222,0.5384615384615384,0.1111111111111111,0.3333333333333333,0.36363636363636365,0.3333333333333333,0.5,0.4166666666666667,0.4444444444444444,0.2222222222222222,0.1111111111111111,0.2222222222222222,0.2222222222222222,0.3,0.2222222222222222,0.4444444444444444,0.4444444444444444,0.2727272727272727,0.4166666666666667,0.3333333333333333,0.1111111111111111,0.4444444444444444,0.4444444444444444,0.4444444444444444,0.3333333333333333,0.2222222222222222,0.3333333333333333,0.4444444444444444,0.4444444444444444,0.3,0.5,0.2222222222222222,0.3333333333333333,0.3333333333333333,0.6,0.3333333333333333,0.4,0.1111111111111111,0.4166666666666667,0.3333333333333333,0.1111111111111111,0.2222222222222222,0.4,0.4166666666666667,0.2222222222222222,0.2,0.5555555555555556,0.3333333333333333,0.3,0.2222222222222222,0.2222222222222222,0.5555555555555556,0.4,0.4444444444444444,0.1111111111111111,0.1111111111111111,0.1111111111111111,0.3333333333333333,0.4444444444444444,0.4444444444444444,0.1111111111111111,0.2222222222222222,0.4444444444444444
1072,0.2727272727272727,0.0,0.2857142857142857,0.42857142857142855,0.5454545454545454,0.4444444444444444,0.45454545454545453,0.4166666666666667,0.4666666666666667,0.2727272727272727,0.2222222222222222,0.4444444444444444,1.0,0.5,0.5,0.14285714285714285,0.7,0.46153846153846156,0.5,0.2857142857142857,0.36363636363636365,0.45454545454545453,0.4444444444444444,0.375,0.14285714285714285,0.2857142857142857,0.2857142857142857,0.45454545454545453,0.14285714285714285,0.2222222222222222,0.5714285714285714,0.5,0.2857142857142857,0.4,0.45454545454545453,0.3333333333333333,0.2,0.4444444444444444,0.5,0.25,0.5714285714285714,0.6,0.35714285714285715,0.3,0.4,0.0,0.38461538461538464,0.2857142857142857,0.5,0.2857142857142857,0.5555555555555556,0.375,0.14285714285714285,0.3,0.5714285714285714,0.25,0.42857142857142855,0.25,0.4444444444444444,0.375,0.2857142857142857,0.3076923076923077,0.14285714285714285,0.2857142857142857,0.2727272727272727,0.14285714285714285,0.25,0.5714285714285714,0.42857142857142855,0.3333333333333333,0.2857142857142857,0.2857142857142857,0.2857142857142857,0.14285714285714285,0.2857142857142857,0.0,0.5714285714285714,0.0,0.42857142857142855,0.14285714285714285,0.0,0.14285714285714285,0.14285714285714285,0.0,0.0,0.14285714285714285,0.14285714285714285,0.2,0.14285714285714285,0.375,0.14285714285714285,0.0,0.0,0.0,0.0,0.0,0.0,0.0,0.0,0.0,0.25,0.0,0.0,0.2857142857142857,0.0,0.0,0.0,0.14285714285714285,0.2857142857142857,0.2857142857142857,0.14285714285714285,0.2857142857142857,0.25,0.2857142857142857,0.0,0.14285714285714285,0.14285714285714285,0.2857142857142857,0.375,0.2857142857142857,0.375,0.14285714285714285,0.1111111111111111,0.14285714285714285,0.14285714285714285,0.42857142857142855,0.3076923076923077,0.375,0.46153846153846156,0.2857142857142857,0.4444444444444444,0.125,0.14285714285714285,0.2222222222222222,0.42857142857142855,0.38461538461538464,0.38461538461538464,0.2857142857142857,0.2857142857142857,0.14285714285714285,0.4666666666666667,0.5,0.5,0.4444444444444444,0.14285714285714285,0.3,0.14285714285714285,0.1111111111111111,0.2857142857142857,0.3333333333333333,0.25,0.5384615384615384,0.0,0.3333333333333333,0.18181818181818182,0.2857142857142857,0.2,0.25,0.3333333333333333,0.2857142857142857,0.14285714285714285,0.14285714285714285,0.2857142857142857,0.3,0.14285714285714285,0.3333333333333333,0.5,0.2727272727272727,0.16666666666666666,0.2222222222222222,0.0,0.14285714285714285,0.2857142857142857,0.3333333333333333,0.375,0.14285714285714285,0.2857142857142857,0.4444444444444444,0.2222222222222222,0.2,0.3,0.14285714285714285,0.0,0.14285714285714285,0.3,0.375,0.1,0.0,0.3333333333333333,0.375,0.125,0.2222222222222222,0.3,0.3333333333333333,0.125,0.1,0.4444444444444444,0.42857142857142855,0.4,0.14285714285714285,0.5,0.4444444444444444,0.4,0.2222222222222222,0.375,0.0,0.14285714285714285,0.2857142857142857,0.4444444444444444,0.2857142857142857,0.14285714285714285,0.14285714285714285,0.14285714285714285
1073,0.5454545454545454,0.3,0.1,0.3,0.5454545454545454,0.4,0.7272727272727273,0.6666666666666666,0.6666666666666666,0.6363636363636364,0.4,0.5,0.5,1.0,0.6,0.1,0.6,0.46153846153846156,0.75,0.4,0.5454545454545454,0.7272727272727273,0.6,0.4,0.3,0.2,0.4,0.5454545454545454,0.2,0.4,0.4,0.6666666666666666,0.4,0.6,0.45454545454545453,0.6,0.4,0.6,0.5,0.3,0.4,0.7,0.6428571428571429,0.4,0.7,0.1,0.5384615384615384,0.2,0.5,0.4,0.5,0.4,0.2,0.5,0.2,0.4,0.4,0.4,0.4,0.6,0.3,0.6153846153846154,0.5,0.4,0.5454545454545454,0.2,0.4,0.5,0.4,0.5833333333333334,0.3,0.3,0.4,0.1,0.2,0.1,0.5,0.0,0.3,0.0,0.0,0.0,0.0,0.1,0.1,0.2,0.3,0.4,0.1,0.5,0.3,0.0,0.2,0.1,0.1,0.1,0.0,0.2,0.0,0.1,0.3,0.1,0.1,0.3,0.2,0.2,0.0,0.0,0.2,0.3,0.1,0.3,0.5,0.3,0.0,0.2,0.3,0.2,0.6,0.3,0.4,0.0,0.3,0.2,0.1,0.5,0.5384615384615384,0.4,0.6153846153846154,0.4,0.5,0.5,0.1,0.3,0.4,0.6153846153846154,0.5384615384615384,0.2,0.3,0.1,0.6,0.4,0.4,0.5,0.3,0.5,0.4,0.3,0.2,0.3,0.3,0.6923076923076923,0.0,0.4,0.5454545454545454,0.4,0.4,0.4166666666666667,0.7,0.4,0.2,0.1,0.4,0.6,0.4,0.4,0.4,0.5454545454545454,0.5833333333333334,0.7,0.3,0.4,0.3,0.4,0.2,0.1,0.2,0.3,0.3,0.6,0.5,0.1,0.2,0.3,0.4,0.3,0.2,0.1,0.4166666666666667,0.2,0.2,0.3,0.4,0.5,0.3,0.4,0.4,0.2,0.5,0.0,0.5,0.5,0.7,0.5,0.2,0.0,0.4,0.3,0.4,0.2,0.2,0.2,0.1
1074,0.45454545454545453,0.2222222222222222,0.125,0.375,0.45454545454545453,0.3333333333333333,0.5454545454545454,0.4166666666666667,0.4,0.5454545454545454,0.3333333333333333,0.3333333333333333,0.5,0.6,1.0,0.125,0.6,0.3076923076923077,0.5833333333333334,0.5,0.2727272727272727,0.45454545454545453,0.5555555555555556,0.375,0.375,0.25,0.5,0.5454545454545454,0.125,0.4444444444444444,0.5,0.5,0.375,0.5,0.2727272727272727,0.3333333333333333,0.4,0.5555555555555556,0.375,0.25,0.625,0.7,0.42857142857142855,0.6,0.6,0.125,0.23076923076923078,0.125,0.5,0.25,0.4444444444444444,0.375,0.125,0.5,0.5,0.625,0.5,0.5,0.4444444444444444,0.5,0.375,0.46153846153846156,0.42857142857142855,0.5,0.5454545454545454,0.375,0.5,0.5,0.625,0.4166666666666667,0.375,0.375,0.375,0.25,0.375,0.125,0.5,0.25,0.625,0.25,0.125,0.125,0.0,0.375,0.125,0.375,0.5,0.4,0.125,0.75,0.375,0.125,0.25,0.375,0.125,0.125,0.125,0.125,0.125,0.125,0.375,0.125,0.125,0.5,0.25,0.125,0.125,0.0,0.25,0.5,0.25,0.25,0.5,0.25,0.125,0.375,0.25,0.375,0.5,0.375,0.5,0.0,0.3333333333333333,0.25,0.25,0.5,0.38461538461538464,0.375,0.46153846153846156,0.25,0.5555555555555556,0.625,0.125,0.4444444444444444,0.375,0.46153846153846156,0.46153846153846156,0.25,0.25,0.0,0.4,0.375,0.625,0.4444444444444444,0.375,0.4,0.375,0.3333333333333333,0.25,0.1111111111111111,0.375,0.46153846153846156,0.125,0.2222222222222222,0.45454545454545453,0.375,0.3,0.25,0.5555555555555556,0.375,0.375,0.25,0.25,0.3,0.125,0.2222222222222222,0.5,0.36363636363636365,0.3333333333333333,0.3333333333333333,0.125,0.375,0.375,0.4444444444444444,0.25,0.0,0.5,0.3333333333333333,0.2222222222222222,0.4,0.3,0.0,0.125,0.25,0.2,0.25,0.2,0.0,0.3333333333333333,0.375,0.25,0.3333333333333333,0.2,0.16666666666666666,0.375,0.3,0.2222222222222222,0.375,0.3,0.0,0.375,0.2222222222222222,0.4,0.4444444444444444,0.25,0.25,0.25,0.375,0.3333333333333333,0.375,0.375,0.5,0.125
1075,0.18181818181818182,0.4444444444444444,0.14285714285714285,0.14285714285714285,0.18181818181818182,0.3333333333333333,0.18181818181818182,0.25,0.3333333333333333,0.2727272727272727,0.3333333333333333,0.1111111111111111,0.14285714285714285,0.1,0.125,1.0,0.3,0.38461538461538464,0.16666666666666666,0.14285714285714285,0.2727272727272727,0.09090909090909091,0.1111111111111111,0.125,0.2857142857142857,0.14285714285714285,0.14285714285714285,0.09090909090909091,0.2857142857142857,0.3333333333333333,0.14285714285714285,0.0,0.0,0.1,0.2727272727272727,0.3333333333333333,0.2,0.2222222222222222,0.0,0.5,0.2857142857142857,0.1,0.21428571428571427,0.2,0.3,0.7142857142857143,0.38461538461538464,0.5714285714285714,0.375,0.14285714285714285,0.3333333333333333,0.5,0.42857142857142855,0.3,0.2857142857142857,0.125,0.14285714285714285,0.25,0.2222222222222222,0.25,0.0,0.23076923076923078,0.35714285714285715,0.14285714285714285,0.2727272727272727,0.14285714285714285,0.25,0.14285714285714285,0.0,0.25,0.2857142857142857,0.42857142857142855,0.42857142857142855,0.2857142857142857,0.2857142857142857,0.0,0.0,0.14285714285714285,0.14285714285714285,0.42857142857142855,0.14285714285714285,0.2857142857142857,0.14285714285714285,0.42857142857142855,0.14285714285714285,0.2857142857142857,0.42857142857142855,0.4,0.14285714285714285,0.125,0.0,0.14285714285714285,0.14285714285714285,0.14285714285714285,0.0,0.14285714285714285,0.42857142857142855,0.14285714285714285,0.0,0.0,0.5,0.0,0.0,0.42857142857142855,0.14285714285714285,0.14285714285714285,0.42857142857142855,0.14285714285714285,0.5714285714285714,0.14285714285714285,0.42857142857142855,0.42857142857142855,0.125,0.14285714285714285,0.14285714285714285,0.0,0.14285714285714285,0.42857142857142855,0.0,0.0,0.125,0.14285714285714285,0.4444444444444444,0.0,0.14285714285714285,0.14285714285714285,0.23076923076923078,0.25,0.15384615384615385,0.2857142857142857,0.2222222222222222,0.375,0.5714285714285714,0.3333333333333333,0.2857142857142857,0.38461538461538464,0.23076923076923078,0.42857142857142855,0.7142857142857143,0.7142857142857143,0.2,0.25,0.25,0.3333333333333333,0.42857142857142855,0.5,0.5714285714285714,0.6666666666666666,0.5714285714285714,0.5555555555555556,0.75,0.23076923076923078,0.2857142857142857,0.5555555555555556,0.36363636363636365,0.42857142857142855,0.3,0.4166666666666667,0.2222222222222222,0.2857142857142857,0.5714285714285714,0.2857142857142857,0.14285714285714285,0.3,0.2857142857142857,0.4444444444444444,0.25,0.36363636363636365,0.3333333333333333,0.3333333333333333,0.2857142857142857,0.2857142857142857,0.42857142857142855,0.3333333333333333,0.625,0.42857142857142855,0.5714285714285714,0.4444444444444444,0.5555555555555556,0.3,0.3,0.8571428571428571,0.2857142857142857,0.2857142857142857,0.3,0.625,0.5,0.42857142857142855,0.4166666666666667,0.625,0.625,0.4444444444444444,0.5,0.4166666666666667,0.5,0.4,0.3333333333333333,0.42857142857142855,0.6,0.5714285714285714,0.375,0.4444444444444444,0.3,0.3333333333333333,0.625,0.42857142857142855,0.42857142857142855,0.42857142857142855,0.2222222222222222,0.42857142857142855,0.5714285714285714,0.14285714285714285,0.2857142857142857
1079,0.2727272727272727,0.2,0.2,0.3,0.6363636363636364,0.6,0.6363636363636364,0.5833333333333334,0.5333333333333333,0.45454545454545453,0.4,0.4,0.7,0.6,0.6,0.3,1.0,0.5384615384615384,0.5833333333333334,0.3,0.36363636363636365,0.45454545454545453,0.4,0.5,0.3,0.4,0.4,0.5454545454545454,0.1,0.4,0.6,0.5833333333333334,0.3,0.6,0.45454545454545453,0.4,0.3,0.6,0.4,0.3,0.5,0.8,0.5,0.6,0.5,0.1,0.46153846153846156,0.3,0.5,0.3,0.7,0.5,0.2,0.6,0.5,0.4,0.4,0.5,0.6,0.5,0.3,0.5384615384615384,0.35714285714285715,0.4,0.45454545454545453,0.3,0.4,0.5,0.4,0.5,0.3,0.3,0.3,0.3,0.3,0.1,0.5,0.1,0.4,0.2,0.1,0.2,0.1,0.2,0.1,0.2,0.3,0.3,0.1,0.5,0.2,0.0,0.2,0.2,0.1,0.1,0.1,0.1,0.0,0.1,0.3,0.1,0.1,0.4,0.1,0.1,0.1,0.1,0.2,0.3,0.2,0.3,0.4,0.4,0.1,0.2,0.2,0.3,0.4,0.3,0.5,0.1,0.3,0.1,0.2,0.5,0.38461538461538464,0.3,0.5384615384615384,0.3,0.6,0.3,0.3,0.4,0.4,0.38461538461538464,0.46153846153846156,0.3,0.3,0.2,0.4666666666666667,0.6,0.4,0.5,0.3,0.6,0.3,0.3,0.4,0.4,0.3,0.6153846153846154,0.1,0.3,0.36363636363636365,0.4,0.3,0.3333333333333333,0.4,0.3,0.2,0.2,0.2,0.5,0.1,0.4,0.5,0.45454545454545453,0.3333333333333333,0.3,0.1,0.3,0.4,0.5,0.5,0.2,0.4,0.5,0.3,0.4,0.3,0.2,0.1,0.2,0.3,0.5,0.2,0.1,0.3333333333333333,0.4,0.2,0.3,0.4,0.4166666666666667,0.3,0.3,0.5,0.4,0.6,0.1,0.5,0.4,0.5,0.3,0.5,0.2,0.3,0.4,0.6,0.4,0.4,0.3,0.3
1080,0.46153846153846156,0.38461538461538464,0.23076923076923078,0.38461538461538464,0.6153846153846154,0.5384615384615384,0.6923076923076923,0.6153846153846154,0.6666666666666666,0.38461538461538464,0.38461538461538464,0.38461538461538464,0.46153846153846156,0.46153846153846156,0.3076923076923077,0.38461538461538464,0.5384615384615384,1.0,0.5384615384615384,0.07692307692307693,0.38461538461538464,0.5384615384615384,0.46153846153846156,0.38461538461538464,0.23076923076923078,0.23076923076923078,0.23076923076923078,0.5384615384615384,0.3076923076923077,0.46153846153846156,0.38461538461538464,0.6153846153846154,0.23076923076923078,0.5384615384615384,0.5384615384615384,0.38461538461538464,0.3076923076923077,0.46153846153846156,0.38461538461538464,0.38461538461538464,0.46153846153846156,0.5384615384615384,0.6428571428571429,0.46153846153846156,0.46153846153846156,0.23076923076923078,0.6153846153846154,0.3076923076923077,0.5384615384615384,0.23076923076923078,0.5384615384615384,0.3076923076923077,0.3076923076923077,0.38461538461538464,0.38461538461538464,0.3076923076923077,0.38461538461538464,0.23076923076923078,0.5384615384615384,0.5384615384615384,0.15384615384615385,0.46153846153846156,0.5,0.23076923076923078,0.46153846153846156,0.07692307692307693,0.23076923076923078,0.3076923076923077,0.23076923076923078,0.5384615384615384,0.38461538461538464,0.15384615384615385,0.3076923076923077,0.07692307692307693,0.23076923076923078,0.07692307692307693,0.38461538461538464,0.07692307692307693,0.23076923076923078,0.15384615384615385,0.07692307692307693,0.07692307692307693,0.15384615384615385,0.15384615384615385,0.07692307692307693,0.15384615384615385,0.23076923076923078,0.46153846153846156,0.23076923076923078,0.38461538461538464,0.15384615384615385,0.07692307692307693,0.07692307692307693,0.07692307692307693,0.0,0.0,0.07692307692307693,0.07692307692307693,0.07692307692307693,0.0,0.38461538461538464,0.0,0.0,0.15384615384615385,0.23076923076923078,0.15384615384615385,0.07692307692307693,0.07692307692307693,0.38461538461538464,0.38461538461538464,0.07692307692307693,0.23076923076923078,0.3076923076923077,0.23076923076923078,0.0,0.15384615384615385,0.3076923076923077,0.23076923076923078,0.3076923076923077,0.15384615384615385,0.23076923076923078,0.07692307692307693,0.3076923076923077,0.23076923076923078,0.15384615384615385,0.23076923076923078,0.46153846153846156,0.38461538461538464,0.7692307692307693,0.23076923076923078,0.38461538461538464,0.3076923076923077,0.3076923076923077,0.3076923076923077,0.23076923076923078,0.6923076923076923,0.7692307692307693,0.3076923076923077,0.3076923076923077,0.3076923076923077,0.6666666666666666,0.46153846153846156,0.38461538461538464,0.6153846153846154,0.38461538461538464,0.5384615384615384,0.38461538461538464,0.38461538461538464,0.3076923076923077,0.5384615384615384,0.38461538461538464,0.6153846153846154,0.07692307692307693,0.46153846153846156,0.6153846153846154,0.3076923076923077,0.38461538461538464,0.6923076923076923,0.3076923076923077,0.15384615384615385,0.23076923076923078,0.23076923076923078,0.3076923076923077,0.46153846153846156,0.3076923076923077,0.5384615384615384,0.46153846153846156,0.38461538461538464,0.46153846153846156,0.38461538461538464,0.15384615384615385,0.3076923076923077,0.3076923076923077,0.38461538461538464,0.38461538461538464,0.3076923076923077,0.3076923076923077,0.46153846153846156,0.3076923076923077,0.46153846153846156,0.38461538461538464,0.46153846153846156,0.38461538461538464,0.3076923076923077,0.6153846153846154,0.46153846153846156,0.46153846153846156,0.23076923076923078,0.6923076923076923,0.3076923076923077,0.46153846153846156,0.5384615384615384,0.46153846153846156,0.6923076923076923,0.23076923076923078,0.5384615384615384,0.46153846153846156,0.23076923076923078,0.46153846153846156,0.23076923076923078,0.46153846153846156,0.6153846153846154,0.5384615384615384,0.46153846153846156,0.38461538461538464,0.15384615384615385,0.3076923076923077,0.3076923076923077,0.5384615384615384,0.3076923076923077,0.23076923076923078,0.15384615384615385,0.23076923076923078
1101,0.6666666666666666,0.3333333333333333,0.08333333333333333,0.4166666666666667,0.6666666666666666,0.3333333333333333,0.6666666666666666,0.5833333333333334,0.7333333333333333,0.6666666666666666,0.3333333333333333,0.5,0.5,0.75,0.5833333333333334,0.16666666666666666,0.5833333333333334,0.5384615384615384,1.0,0.3333333333333333,0.5,0.6666666666666666,0.5,0.3333333333333333,0.16666666666666666,0.16666666666666666,0.3333333333333333,0.5833333333333334,0.08333333333333333,0.4166666666666667,0.3333333333333333,0.75,0.3333333333333333,0.5833333333333334,0.5833333333333334,0.5,0.5,0.6666666666666666,0.4166666666666667,0.25,0.5,0.6666666666666666,0.7142857142857143,0.4166666666666667,0.5,0.08333333333333333,0.6153846153846154,0.16666666666666666,0.5,0.25,0.5,0.4166666666666667,0.08333333333333333,0.4166666666666667,0.3333333333333333,0.4166666666666667,0.4166666666666667,0.3333333333333333,0.4166666666666667,0.4166666666666667,0.3333333333333333,0.5384615384615384,0.5,0.3333333333333333,0.6666666666666666,0.16666666666666666,0.3333333333333333,0.4166666666666667,0.4166666666666667,0.6666666666666666,0.25,0.25,0.25,0.16666666666666666,0.4166666666666667,0.08333333333333333,0.4166666666666667,0.08333333333333333,0.3333333333333333,0.25,0.0,0.08333333333333333,0.08333333333333333,0.25,0.08333333333333333,0.3333333333333333,0.4166666666666667,0.4166666666666667,0.25,0.5,0.3333333333333333,0.16666666666666666,0.16666666666666666,0.16666666666666666,0.08333333333333333,0.16666666666666666,0.08333333333333333,0.16666666666666666,0.08333333333333333,0.08333333333333333,0.4166666666666667,0.08333333333333333,0.08333333333333333,0.3333333333333333,0.25,0.08333333333333333,0.08333333333333333,0.08333333333333333,0.3333333333333333,0.3333333333333333,0.16666666666666666,0.4166666666666667,0.5,0.25,0.0,0.25,0.25,0.25,0.5,0.25,0.3333333333333333,0.08333333333333333,0.5,0.25,0.25,0.4166666666666667,0.6153846153846154,0.5833333333333334,0.6153846153846154,0.25,0.5833333333333334,0.4166666666666667,0.08333333333333333,0.3333333333333333,0.3333333333333333,0.7692307692307693,0.5384615384615384,0.25,0.3333333333333333,0.16666666666666666,0.7333333333333333,0.4166666666666667,0.5,0.5833333333333334,0.25,0.4166666666666667,0.25,0.25,0.25,0.4166666666666667,0.3333333333333333,0.6923076923076923,0.0,0.4166666666666667,0.5,0.25,0.3333333333333333,0.5833333333333334,0.5,0.4166666666666667,0.25,0.25,0.3333333333333333,0.4166666666666667,0.25,0.4166666666666667,0.4166666666666667,0.5,0.5833333333333334,0.5833333333333334,0.16666666666666666,0.3333333333333333,0.3333333333333333,0.5,0.3333333333333333,0.16666666666666666,0.3333333333333333,0.3333333333333333,0.4166666666666667,0.4166666666666667,0.5,0.16666666666666666,0.25,0.5,0.5,0.25,0.4166666666666667,0.0,0.5833333333333334,0.3333333333333333,0.25,0.25,0.5,0.5,0.3333333333333333,0.5,0.4166666666666667,0.25,0.5,0.16666666666666666,0.3333333333333333,0.5,0.5,0.5,0.3333333333333333,0.16666666666666666,0.25,0.3333333333333333,0.3333333333333333,0.25,0.25,0.25,0.16666666666666666
1102,0.36363636363636365,0.2222222222222222,0.16666666666666666,0.0,0.36363636363636365,0.3333333333333333,0.18181818181818182,0.3333333333333333,0.26666666666666666,0.45454545454545453,0.2222222222222222,0.3333333333333333,0.2857142857142857,0.4,0.5,0.14285714285714285,0.3,0.07692307692307693,0.3333333333333333,1.0,0.36363636363636365,0.45454545454545453,0.3333333333333333,0.375,0.3333333333333333,0.16666666666666666,0.42857142857142855,0.45454545454545453,0.0,0.4444444444444444,0.14285714285714285,0.3333333333333333,0.16666666666666666,0.3,0.2727272727272727,0.4444444444444444,0.3,0.2222222222222222,0.375,0.125,0.2857142857142857,0.3,0.21428571428571427,0.3,0.5,0.16666666666666666,0.3076923076923077,0.14285714285714285,0.25,0.16666666666666666,0.3333333333333333,0.125,0.2857142857142857,0.3,0.2857142857142857,0.25,0.14285714285714285,0.375,0.2222222222222222,0.125,0.3333333333333333,0.46153846153846156,0.42857142857142855,0.3333333333333333,0.18181818181818182,0.3333333333333333,0.5,0.2857142857142857,0.16666666666666666,0.25,0.0,0.3333333333333333,0.3333333333333333,0.16666666666666666,0.0,0.0,0.14285714285714285,0.16666666666666666,0.42857142857142855,0.3333333333333333,0.16666666666666666,0.16666666666666666,0.0,0.16666666666666666,0.16666666666666666,0.3333333333333333,0.2857142857142857,0.3,0.0,0.375,0.3333333333333333,0.0,0.16666666666666666,0.16666666666666666,0.16666666666666666,0.0,0.16666666666666666,0.3333333333333333,0.16666666666666666,0.0,0.0,0.0,0.16666666666666666,0.2857142857142857,0.0,0.0,0.16666666666666666,0.0,0.0,0.2857142857142857,0.5,0.16666666666666666,0.375,0.0,0.16666666666666666,0.16666666666666666,0.16666666666666666,0.3333333333333333,0.375,0.5,0.625,0.16666666666666666,0.3333333333333333,0.16666666666666666,0.0,0.42857142857142855,0.38461538461538464,0.25,0.3076923076923077,0.3333333333333333,0.3333333333333333,0.5,0.16666666666666666,0.3333333333333333,0.3333333333333333,0.3076923076923077,0.3076923076923077,0.0,0.2857142857142857,0.0,0.3333333333333333,0.25,0.375,0.2222222222222222,0.42857142857142855,0.3,0.42857142857142855,0.3333333333333333,0.5,0.2222222222222222,0.375,0.46153846153846156,0.16666666666666666,0.2222222222222222,0.36363636363636365,0.2857142857142857,0.5,0.25,0.5555555555555556,0.42857142857142855,0.5,0.0,0.5,0.3,0.3333333333333333,0.1111111111111111,0.25,0.45454545454545453,0.25,0.3333333333333333,0.16666666666666666,0.2857142857142857,0.2857142857142857,0.3333333333333333,0.25,0.0,0.42857142857142855,0.3333333333333333,0.3333333333333333,0.4,0.3,0.0,0.14285714285714285,0.14285714285714285,0.1,0.25,0.2,0.0,0.25,0.375,0.0,0.2222222222222222,0.3,0.3333333333333333,0.375,0.2,0.3333333333333333,0.5,0.4,0.0,0.25,0.0,0.4,0.2222222222222222,0.375,0.16666666666666666,0.16666666666666666,0.42857142857142855,0.3333333333333333,0.42857142857142855,0.2857142857142857,0.16666666666666666,0.16666666666666666
1103,0.6363636363636364,0.36363636363636365,0.2727272727272727,0.2727272727272727,0.45454545454545453,0.45454545454545453,0.45454545454545453,0.5,0.6,0.6363636363636364,0.45454545454545453,0.5454545454545454,0.36363636363636365,0.5454545454545454,0.2727272727272727,0.2727272727272727,0.36363636363636365,0.38461538461538464,0.5,0.36363636363636365,1.0,0.6363636363636364,0.5454545454545454,0.2727272727272727,0.09090909090909091,0.18181818181818182,0.36363636363636365,0.45454545454545453,0.18181818181818182,0.36363636363636365,0.2727272727272727,0.5,0.18181818181818182,0.2727272727272727,0.6363636363636364,0.5454545454545454,0.6363636363636364,0.2727272727272727,0.45454545454545453,0.5454545454545454,0.09090909090909091,0.36363636363636365,0.5,0.36363636363636365,0.45454545454545453,0.36363636363636365,0.6153846153846154,0.45454545454545453,0.2727272727272727,0.2727272727272727,0.36363636363636365,0.36363636363636365,0.36363636363636365,0.5454545454545454,0.2727272727272727,0.2727272727272727,0.2727272727272727,0.36363636363636365,0.36363636363636365,0.18181818181818182,0.36363636363636365,0.5384615384615384,0.5,0.2727272727272727,0.5454545454545454,0.18181818181818182,0.45454545454545453,0.36363636363636365,0.2727272727272727,0.5833333333333334,0.18181818181818182,0.36363636363636365,0.2727272727272727,0.09090909090909091,0.2727272727272727,0.09090909090909091,0.2727272727272727,0.0,0.36363636363636365,0.18181818181818182,0.09090909090909091,0.2727272727272727,0.09090909090909091,0.18181818181818182,0.09090909090909091,0.2727272727272727,0.2727272727272727,0.5454545454545454,0.09090909090909091,0.18181818181818182,0.2727272727272727,0.18181818181818182,0.09090909090909091,0.09090909090909091,0.18181818181818182,0.18181818181818182,0.18181818181818182,0.18181818181818182,0.18181818181818182,0.09090909090909091,0.36363636363636365,0.09090909090909091,0.18181818181818182,0.45454545454545453,0.09090909090909091,0.18181818181818182,0.18181818181818182,0.09090909090909091,0.36363636363636365,0.18181818181818182,0.36363636363636365,0.2727272727272727,0.36363636363636365,0.2727272727272727,0.09090909090909091,0.0,0.18181818181818182,0.2727272727272727,0.36363636363636365,0.2727272727272727,0.36363636363636365,0.18181818181818182,0.36363636363636365,0.2727272727272727,0.09090909090909091,0.36363636363636365,0.7692307692307693,0.36363636363636365,0.5384615384615384,0.45454545454545453,0.36363636363636365,0.36363636363636365,0.09090909090909091,0.36363636363636365,0.2727272727272727,0.5384615384615384,0.46153846153846156,0.2727272727272727,0.36363636363636365,0.36363636363636365,0.6,0.2727272727272727,0.36363636363636365,0.18181818181818182,0.09090909090909091,0.2727272727272727,0.18181818181818182,0.45454545454545453,0.09090909090909091,0.36363636363636365,0.36363636363636365,0.6153846153846154,0.09090909090909091,0.5454545454545454,0.36363636363636365,0.45454545454545453,0.45454545454545453,0.4166666666666667,0.6363636363636364,0.5454545454545454,0.2727272727272727,0.09090909090909091,0.18181818181818182,0.6363636363636364,0.36363636363636365,0.45454545454545453,0.45454545454545453,0.7272727272727273,0.5833333333333334,0.45454545454545453,0.2727272727272727,0.2727272727272727,0.2727272727272727,0.36363636363636365,0.45454545454545453,0.0,0.18181818181818182,0.45454545454545453,0.45454545454545453,0.36363636363636365,0.6363636363636364,0.2727272727272727,0.18181818181818182,0.18181818181818182,0.45454545454545453,0.2727272727272727,0.45454545454545453,0.18181818181818182,0.5,0.36363636363636365,0.36363636363636365,0.45454545454545453,0.5454545454545454,0.5833333333333334,0.36363636363636365,0.2727272727272727,0.45454545454545453,0.2727272727272727,0.5454545454545454,0.2727272727272727,0.45454545454545453,0.36363636363636365,0.45454545454545453,0.2727272727272727,0.36363636363636365,0.18181818181818182,0.2727272727272727,0.18181818181818182,0.2727272727272727,0.18181818181818182,0.2727272727272727,0.18181818181818182,0.18181818181818182
1104,0.6363636363636364,0.2727272727272727,0.2727272727272727,0.36363636363636365,0.7272727272727273,0.36363636363636365,0.7272727272727273,0.75,0.6,0.6363636363636364,0.45454545454545453,0.45454545454545453,0.45454545454545453,0.7272727272727273,0.45454545454545453,0.09090909090909091,0.45454545454545453,0.5384615384615384,0.6666666666666666,0.45454545454545453,0.6363636363636364,1.0,0.7272727272727273,0.45454545454545453,0.18181818181818182,0.18181818181818182,0.2727272727272727,0.7272727272727273,0.09090909090909091,0.45454545454545453,0.2727272727272727,0.75,0.2727272727272727,0.6363636363636364,0.5454545454545454,0.5454545454545454,0.36363636363636365,0.45454545454545453,0.5454545454545454,0.18181818181818182,0.36363636363636365,0.6363636363636364,0.5714285714285714,0.36363636363636365,0.6363636363636364,0.09090909090909091,0.6153846153846154,0.2727272727272727,0.5454545454545454,0.2727272727272727,0.45454545454545453,0.2727272727272727,0.36363636363636365,0.5454545454545454,0.36363636363636365,0.36363636363636365,0.36363636363636365,0.18181818181818182,0.45454545454545453,0.36363636363636365,0.36363636363636365,0.6923076923076923,0.5714285714285714,0.18181818181818182,0.45454545454545453,0.18181818181818182,0.36363636363636365,0.36363636363636365,0.2727272727272727,0.5833333333333334,0.2727272727272727,0.18181818181818182,0.36363636363636365,0.0,0.09090909090909091,0.0,0.36363636363636365,0.09090909090909091,0.36363636363636365,0.18181818181818182,0.0,0.09090909090909091,0.0,0.09090909090909091,0.09090909090909091,0.2727272727272727,0.18181818181818182,0.45454545454545453,0.18181818181818182,0.45454545454545453,0.36363636363636365,0.09090909090909091,0.09090909090909091,0.09090909090909091,0.09090909090909091,0.0,0.0,0.18181818181818182,0.18181818181818182,0.0,0.18181818181818182,0.0,0.09090909090909091,0.09090909090909091,0.18181818181818182,0.09090909090909091,0.0,0.0,0.18181818181818182,0.36363636363636365,0.18181818181818182,0.09090909090909091,0.45454545454545453,0.09090909090909091,0.0,0.18181818181818182,0.18181818181818182,0.09090909090909091,0.45454545454545453,0.2727272727272727,0.45454545454545453,0.09090909090909091,0.36363636363636365,0.2727272727272727,0.09090909090909091,0.2727272727272727,0.6923076923076923,0.45454545454545453,0.7692307692307693,0.2727272727272727,0.45454545454545453,0.45454545454545453,0.09090909090909091,0.36363636363636365,0.36363636363636365,0.6153846153846154,0.6923076923076923,0.09090909090909091,0.2727272727272727,0.09090909090909091,0.7333333333333333,0.36363636363636365,0.45454545454545453,0.5454545454545454,0.2727272727272727,0.36363636363636365,0.36363636363636365,0.2727272727272727,0.18181818181818182,0.36363636363636365,0.2727272727272727,0.7692307692307693,0.0,0.2727272727272727,0.5454545454545454,0.2727272727272727,0.45454545454545453,0.5,0.5454545454545454,0.36363636363636365,0.18181818181818182,0.09090909090909091,0.45454545454545453,0.5454545454545454,0.36363636363636365,0.36363636363636365,0.45454545454545453,0.6363636363636364,0.5,0.5454545454545454,0.18181818181818182,0.2727272727272727,0.18181818181818182,0.5454545454545454,0.2727272727272727,0.09090909090909091,0.2727272727272727,0.36363636363636365,0.2727272727272727,0.5454545454545454,0.45454545454545453,0.09090909090909091,0.2727272727272727,0.2727272727272727,0.36363636363636365,0.2727272727272727,0.2727272727272727,0.09090909090909091,0.5833333333333334,0.18181818181818182,0.2727272727272727,0.45454545454545453,0.36363636363636365,0.6666666666666666,0.18181818181818182,0.36363636363636365,0.45454545454545453,0.2727272727272727,0.45454545454545453,0.0,0.45454545454545453,0.36363636363636365,0.6363636363636364,0.45454545454545453,0.2727272727272727,0.09090909090909091,0.18181818181818182,0.2727272727272727,0.5454545454545454,0.18181818181818182,0.09090909090909091,0.09090909090909091,0.09090909090909091
1200,0.6363636363636364,0.3333333333333333,0.3333333333333333,0.5555555555555556,0.6363636363636364,0.2222222222222222,0.6363636363636364,0.5833333333333334,0.4666666666666667,0.45454545454545453,0.3333333333333333,0.5555555555555556,0.4444444444444444,0.6,0.5555555555555556,0.1111111111111111,0.4,0.46153846153846156,0.5,0.3333333333333333,0.5454545454545454,0.7272727272727273,1.0,0.3333333333333333,0.1111111111111111,0.1111111111111111,0.3333333333333333,0.6363636363636364,0.2222222222222222,0.2222222222222222,0.3333333333333333,0.5833333333333334,0.2222222222222222,0.5,0.5454545454545454,0.5555555555555556,0.4,0.5555555555555556,0.6666666666666666,0.2222222222222222,0.4444444444444444,0.6,0.42857142857142855,0.4,0.7,0.1111111111111111,0.38461538461538464,0.2222222222222222,0.4444444444444444,0.1111111111111111,0.4444444444444444,0.2222222222222222,0.4444444444444444,0.5,0.5555555555555556,0.5555555555555556,0.4444444444444444,0.2222222222222222,0.4444444444444444,0.4444444444444444,0.3333333333333333,0.5384615384615384,0.42857142857142855,0.3333333333333333,0.45454545454545453,0.2222222222222222,0.2222222222222222,0.4444444444444444,0.4444444444444444,0.5,0.4444444444444444,0.3333333333333333,0.4444444444444444,0.0,0.2222222222222222,0.0,0.5555555555555556,0.1111111111111111,0.5555555555555556,0.2222222222222222,0.0,0.1111111111111111,0.0,0.1111111111111111,0.1111111111111111,0.3333333333333333,0.2222222222222222,0.5,0.2222222222222222,0.5555555555555556,0.4444444444444444,0.1111111111111111,0.1111111111111111,0.1111111111111111,0.1111111111111111,0.0,0.0,0.1111111111111111,0.2222222222222222,0.0,0.3333333333333333,0.0,0.1111111111111111,0.2222222222222222,0.2222222222222222,0.1111111111111111,0.0,0.0,0.3333333333333333,0.5555555555555556,0.2222222222222222,0.1111111111111111,0.5555555555555556,0.1111111111111111,0.0,0.1111111111111111,0.3333333333333333,0.2222222222222222,0.5555555555555556,0.2222222222222222,0.3333333333333333,0.1111111111111111,0.3333333333333333,0.4444444444444444,0.1111111111111111,0.2222222222222222,0.46153846153846156,0.5555555555555556,0.6923076923076923,0.2222222222222222,0.5555555555555556,0.3333333333333333,0.1111111111111111,0.4444444444444444,0.4444444444444444,0.5384615384615384,0.6923076923076923,0.2222222222222222,0.3333333333333333,0.1111111111111111,0.6,0.2222222222222222,0.6666666666666666,0.4444444444444444,0.2222222222222222,0.2,0.3333333333333333,0.2222222222222222,0.0,0.2222222222222222,0.2222222222222222,0.6153846153846154,0.0,0.2222222222222222,0.45454545454545453,0.4444444444444444,0.3,0.4166666666666667,0.5555555555555556,0.3333333333333333,0.1111111111111111,0.1111111111111111,0.3333333333333333,0.3,0.2222222222222222,0.3333333333333333,0.5555555555555556,0.45454545454545453,0.4166666666666667,0.3333333333333333,0.1111111111111111,0.3333333333333333,0.2222222222222222,0.5555555555555556,0.2222222222222222,0.1111111111111111,0.3333333333333333,0.2222222222222222,0.2222222222222222,0.4,0.5,0.1111111111111111,0.2222222222222222,0.2222222222222222,0.3,0.1111111111111111,0.2,0.1111111111111111,0.4166666666666667,0.1111111111111111,0.3333333333333333,0.4444444444444444,0.1,0.4166666666666667,0.1111111111111111,0.2,0.3333333333333333,0.3333333333333333,0.2,0.0,0.4444444444444444,0.4444444444444444,0.4,0.4444444444444444,0.1111111111111111,0.1111111111111111,0.2222222222222222,0.2222222222222222,0.4444444444444444,0.1111111111111111,0.0,0.2222222222222222,0.1111111111111111
1311,0.2727272727272727,0.4444444444444444,0.25,0.25,0.36363636363636365,0.5555555555555556,0.45454545454545453,0.5,0.3333333333333333,0.45454545454545453,0.4444444444444444,0.4444444444444444,0.375,0.4,0.375,0.125,0.5,0.38461538461538464,0.3333333333333333,0.375,0.2727272727272727,0.45454545454545453,0.3333333333333333,1.0,0.5,0.625,0.5,0.5454545454545454,0.125,0.4444444444444444,0.625,0.5833333333333334,0.375,0.6,0.36363636363636365,0.3333333333333333,0.3,0.2222222222222222,0.5,0.375,0.375,0.6,0.35714285714285715,0.5,0.4,0.125,0.3076923076923077,0.375,0.25,0.375,0.5555555555555556,0.375,0.5,0.4,0.375,0.5,0.375,0.375,0.5555555555555556,0.5,0.375,0.46153846153846156,0.35714285714285715,0.25,0.36363636363636365,0.375,0.625,0.375,0.125,0.3333333333333333,0.0,0.125,0.25,0.25,0.125,0.25,0.5,0.125,0.25,0.25,0.25,0.25,0.125,0.25,0.25,0.25,0.25,0.3,0.125,0.625,0.375,0.0,0.375,0.25,0.25,0.125,0.125,0.25,0.125,0.125,0.125,0.125,0.25,0.25,0.25,0.25,0.125,0.0,0.0,0.5,0.25,0.125,0.375,0.25,0.125,0.25,0.5,0.25,0.5,0.5,0.75,0.125,0.4444444444444444,0.25,0.125,0.5,0.38461538461538464,0.25,0.46153846153846156,0.25,0.2222222222222222,0.375,0.25,0.4444444444444444,0.25,0.15384615384615385,0.38461538461538464,0.0,0.0,0.0,0.4,0.625,0.125,0.3333333333333333,0.5,0.5,0.375,0.2222222222222222,0.25,0.3333333333333333,0.25,0.46153846153846156,0.125,0.1111111111111111,0.36363636363636365,0.25,0.5,0.3333333333333333,0.3333333333333333,0.25,0.25,0.125,0.375,0.4,0.25,0.1111111111111111,0.25,0.36363636363636365,0.25,0.4444444444444444,0.125,0.375,0.25,0.4444444444444444,0.375,0.125,0.125,0.4444444444444444,0.2222222222222222,0.4,0.2,0.125,0.25,0.375,0.3,0.375,0.1,0.0,0.3333333333333333,0.25,0.0,0.2222222222222222,0.2,0.4166666666666667,0.375,0.4,0.3333333333333333,0.25,0.3,0.0,0.375,0.3333333333333333,0.3,0.3333333333333333,0.375,0.125,0.125,0.375,0.7777777777777778,0.375,0.375,0.25,0.375
1312,0.09090909090909091,0.2222222222222222,0.0,0.0,0.09090909090909091,0.3333333333333333,0.2727272727272727,0.25,0.2,0.36363636363636365,0.3333333333333333,0.1111111111111111,0.14285714285714285,0.3,0.375,0.2857142857142857,0.3,0.23076923076923078,0.16666666666666666,0.3333333333333333,0.09090909090909091,0.18181818181818182,0.1111111111111111,0.5,1.0,0.6,0.42857142857142855,0.2727272727272727,0.4,0.3333333333333333,0.42857142857142855,0.25,0.4,0.3,0.09090909090909091,0.2222222222222222,0.2,0.1111111111111111,0.125,0.375,0.2857142857142857,0.3,0.2857142857142857,0.4,0.3,0.3333333333333333,0.15384615384615385,0.2857142857142857,0.25,0.6,0.2222222222222222,0.375,0.2857142857142857,0.3,0.14285714285714285,0.25,0.14285714285714285,0.375,0.2222222222222222,0.5,0.16666666666666666,0.3076923076923077,0.2857142857142857,0.3333333333333333,0.18181818181818182,0.4,0.375,0.14285714285714285,0.16666666666666666,0.25,0.2,0.4,0.3333333333333333,0.4,0.16666666666666666,0.4,0.2857142857142857,0.2,0.14285714285714285,0.2,0.4,0.2,0.2,0.3333333333333333,0.2,0.16666666666666666,0.2857142857142857,0.3,0.0,0.375,0.16666666666666666,0.0,0.4,0.4,0.2,0.2,0.2,0.2,0.0,0.2,0.25,0.2,0.2,0.2857142857142857,0.2,0.6,0.2,0.0,0.14285714285714285,0.2857142857142857,0.2,0.16666666666666666,0.125,0.2,0.2,0.4,0.3333333333333333,0.3333333333333333,0.25,0.5,0.5,0.0,0.2222222222222222,0.0,0.2,0.42857142857142855,0.23076923076923078,0.0,0.23076923076923078,0.3333333333333333,0.1111111111111111,0.5,0.6,0.4444444444444444,0.3333333333333333,0.15384615384615385,0.23076923076923078,0.0,0.14285714285714285,0.16666666666666666,0.2,0.375,0.0,0.1111111111111111,0.42857142857142855,0.5,0.42857142857142855,0.3333333333333333,0.3333333333333333,0.1111111111111111,0.375,0.23076923076923078,0.2,0.2222222222222222,0.36363636363636365,0.2857142857142857,0.3,0.25,0.3333333333333333,0.14285714285714285,0.3333333333333333,0.2,0.16666666666666666,0.3,0.3333333333333333,0.1111111111111111,0.0,0.2727272727272727,0.25,0.3333333333333333,0.4,0.2857142857142857,0.2857142857142857,0.1111111111111111,0.125,0.0,0.14285714285714285,0.2222222222222222,0.1111111111111111,0.4,0.0,0.2857142857142857,0.14285714285714285,0.2857142857142857,0.1,0.375,0.1,0.2,0.25,0.25,0.125,0.2222222222222222,0.1,0.16666666666666666,0.375,0.3,0.1111111111111111,0.16666666666666666,0.3,0.0,0.25,0.2222222222222222,0.3,0.3333333333333333,0.25,0.2,0.3333333333333333,0.2857142857142857,0.3333333333333333,0.42857142857142855,0.42857142857142855,0.4,0.3333333333333333
1313,0.09090909090909091,0.2222222222222222,0.2,0.16666666666666666,0.09090909090909091,0.4444444444444444,0.2727272727272727,0.25,0.2,0.2727272727272727,0.4444444444444444,0.2222222222222222,0.2857142857142857,0.2,0.25,0.14285714285714285,0.4,0.23076923076923078,0.16666666666666666,0.16666666666666666,0.18181818181818182,0.18181818181818182,0.1111111111111111,0.625,0.6,1.0,0.5714285714285714,0.2727272727272727,0.2,0.3333333333333333,0.7142857142857143,0.3333333333333333,0.6,0.3,0.18181818181818182,0.0,0.2,0.1111111111111111,0.25,0.375,0.14285714285714285,0.4,0.21428571428571427,0.4,0.1,0.16666666666666666,0.07692307692307693,0.42857142857142855,0.125,0.4,0.3333333333333333,0.375,0.2857142857142857,0.4,0.2857142857142857,0.25,0.2857142857142857,0.375,0.3333333333333333,0.25,0.3333333333333333,0.23076923076923078,0.14285714285714285,0.3333333333333333,0.2727272727272727,0.4,0.375,0.2857142857142857,0.16666666666666666,0.25,0.0,0.2,0.16666666666666666,0.4,0.16666666666666666,0.4,0.42857142857142855,0.2,0.14285714285714285,0.2,0.4,0.4,0.2,0.3333333333333333,0.2,0.16666666666666666,0.2857142857142857,0.2,0.0,0.25,0.16666666666666666,0.0,0.4,0.4,0.2,0.2,0.2,0.2,0.0,0.2,0.125,0.2,0.2,0.2857142857142857,0.2,0.4,0.2,0.0,0.0,0.2857142857142857,0.2,0.16666666666666666,0.125,0.4,0.2,0.2,0.3333333333333333,0.3333333333333333,0.25,0.3333333333333333,0.5,0.0,0.2222222222222222,0.0,0.2,0.5714285714285714,0.23076923076923078,0.0,0.23076923076923078,0.3333333333333333,0.1111111111111111,0.25,0.4,0.3333333333333333,0.16666666666666666,0.0,0.15384615384615385,0.0,0.0,0.0,0.2,0.5,0.0,0.1111111111111111,0.2857142857142857,0.4,0.14285714285714285,0.1111111111111111,0.16666666666666666,0.1111111111111111,0.125,0.23076923076923078,0.2,0.0,0.18181818181818182,0.14285714285714285,0.2,0.08333333333333333,0.1111111111111111,0.2857142857142857,0.16666666666666666,0.2,0.0,0.3,0.0,0.1111111111111111,0.125,0.18181818181818182,0.16666666666666666,0.2222222222222222,0.2,0.2857142857142857,0.2857142857142857,0.2222222222222222,0.375,0.0,0.14285714285714285,0.3333333333333333,0.1111111111111111,0.2,0.0,0.14285714285714285,0.14285714285714285,0.2857142857142857,0.2,0.25,0.1,0.0,0.16666666666666666,0.125,0.0,0.1111111111111111,0.1,0.16666666666666666,0.375,0.2,0.3333333333333333,0.3333333333333333,0.2,0.0,0.375,0.2222222222222222,0.2,0.1111111111111111,0.25,0.2,0.16666666666666666,0.14285714285714285,0.4444444444444444,0.2857142857142857,0.2857142857142857,0.4,0.3333333333333333
1391,0.36363636363636365,0.3333333333333333,0.14285714285714285,0.2857142857142857,0.2727272727272727,0.5555555555555556,0.36363636363636365,0.25,0.3333333333333333,0.45454545454545453,0.4444444444444444,0.3333333333333333,0.2857142857142857,0.4,0.5,0.14285714285714285,0.4,0.23076923076923078,0.3333333333333333,0.42857142857142855,0.36363636363636365,0.2727272727272727,0.3333333333333333,0.5,0.42857142857142855,0.5714285714285714,1.0,0.45454545454545453,0.2857142857142857,0.4444444444444444,0.7142857142857143,0.4166666666666667,0.42857142857142855,0.2,0.36363636363636365,0.2222222222222222,0.4,0.3333333333333333,0.5,0.375,0.2857142857142857,0.4,0.2857142857142857,0.6,0.3,0.14285714285714285,0.07692307692307693,0.2857142857142857,0.125,0.14285714285714285,0.4444444444444444,0.25,0.2857142857142857,0.4,0.42857142857142855,0.375,0.2857142857142857,0.625,0.3333333333333333,0.375,0.14285714285714285,0.38461538461538464,0.2857142857142857,0.5714285714285714,0.36363636363636365,0.2857142857142857,0.375,0.2857142857142857,0.2857142857142857,0.3333333333333333,0.14285714285714285,0.2857142857142857,0.14285714285714285,0.2857142857142857,0.2857142857142857,0.2857142857142857,0.5714285714285714,0.14285714285714285,0.2857142857142857,0.14285714285714285,0.2857142857142857,0.2857142857142857,0.14285714285714285,0.2857142857142857,0.14285714285714285,0.14285714285714285,0.5714285714285714,0.4,0.0,0.375,0.14285714285714285,0.0,0.2857142857142857,0.2857142857142857,0.14285714285714285,0.14285714285714285,0.14285714285714285,0.2857142857142857,0.0,0.14285714285714285,0.25,0.14285714285714285,0.14285714285714285,0.42857142857142855,0.14285714285714285,0.2857142857142857,0.14285714285714285,0.0,0.14285714285714285,0.42857142857142855,0.14285714285714285,0.42857142857142855,0.375,0.2857142857142857,0.14285714285714285,0.14285714285714285,0.42857142857142855,0.42857142857142855,0.5,0.2857142857142857,0.625,0.0,0.3333333333333333,0.14285714285714285,0.14285714285714285,0.7142857142857143,0.3076923076923077,0.25,0.3076923076923077,0.42857142857142855,0.3333333333333333,0.5,0.2857142857142857,0.3333333333333333,0.14285714285714285,0.23076923076923078,0.3076923076923077,0.14285714285714285,0.14285714285714285,0.0,0.3333333333333333,0.5,0.25,0.1111111111111111,0.42857142857142855,0.4,0.2857142857142857,0.2222222222222222,0.2857142857142857,0.2222222222222222,0.25,0.38461538461538464,0.14285714285714285,0.2222222222222222,0.45454545454545453,0.2857142857142857,0.3,0.25,0.4444444444444444,0.5714285714285714,0.2857142857142857,0.14285714285714285,0.14285714285714285,0.4,0.14285714285714285,0.2222222222222222,0.125,0.36363636363636365,0.3333333333333333,0.3333333333333333,0.2857142857142857,0.42857142857142855,0.42857142857142855,0.1111111111111111,0.375,0.0,0.2857142857142857,0.3333333333333333,0.2222222222222222,0.4,0.2,0.14285714285714285,0.2857142857142857,0.42857142857142855,0.3,0.125,0.3,0.0,0.16666666666666666,0.125,0.0,0.2222222222222222,0.2,0.25,0.5,0.3,0.4444444444444444,0.42857142857142855,0.2,0.0,0.5,0.2222222222222222,0.3,0.2222222222222222,0.375,0.14285714285714285,0.42857142857142855,0.2857142857142857,0.3333333333333333,0.42857142857142855,0.2857142857142857,0.42857142857142855,0.2857142857142857
1392,0.7272727272727273,0.2727272727272727,0.2727272727272727,0.45454545454545453,0.8181818181818182,0.5454545454545454,0.5454545454545454,0.5,0.4666666666666667,0.5454545454545454,0.36363636363636365,0.45454545454545453,0.45454545454545453,0.5454545454545454,0.5454545454545454,0.09090909090909091,0.5454545454545454,0.5384615384615384,0.5833333333333334,0.45454545454545453,0.45454545454545453,0.7272727272727273,0.6363636363636364,0.5454545454545454,0.2727272727272727,0.2727272727272727,0.45454545454545453,1.0,0.18181818181818182,0.45454545454545453,0.45454545454545453,0.8333333333333334,0.18181818181818182,0.6363636363636364,0.7272727272727273,0.5454545454545454,0.5454545454545454,0.5454545454545454,0.7272727272727273,0.2727272727272727,0.5454545454545454,0.7272727272727273,0.5714285714285714,0.5454545454545454,0.6363636363636364,0.09090909090909091,0.46153846153846156,0.18181818181818182,0.2727272727272727,0.09090909090909091,0.45454545454545453,0.18181818181818182,0.36363636363636365,0.36363636363636365,0.5454545454545454,0.5454545454545454,0.45454545454545453,0.45454545454545453,0.5454545454545454,0.45454545454545453,0.2727272727272727,0.6153846153846154,0.5,0.2727272727272727,0.45454545454545453,0.2727272727272727,0.2727272727272727,0.45454545454545453,0.36363636363636365,0.5833333333333334,0.2727272727272727,0.2727272727272727,0.36363636363636365,0.09090909090909091,0.18181818181818182,0.09090909090909091,0.5454545454545454,0.18181818181818182,0.5454545454545454,0.2727272727272727,0.18181818181818182,0.18181818181818182,0.09090909090909091,0.18181818181818182,0.18181818181818182,0.36363636363636365,0.36363636363636365,0.6363636363636364,0.18181818181818182,0.6363636363636364,0.36363636363636365,0.09090909090909091,0.18181818181818182,0.18181818181818182,0.09090909090909091,0.0,0.09090909090909091,0.2727272727272727,0.18181818181818182,0.0,0.18181818181818182,0.0,0.09090909090909091,0.2727272727272727,0.18181818181818182,0.09090909090909091,0.09090909090909091,0.0,0.18181818181818182,0.6363636363636364,0.2727272727272727,0.18181818181818182,0.5454545454545454,0.09090909090909091,0.09090909090909091,0.18181818181818182,0.36363636363636365,0.36363636363636365,0.6363636363636364,0.36363636363636365,0.6363636363636364,0.09090909090909091,0.45454545454545453,0.36363636363636365,0.09090909090909091,0.45454545454545453,0.46153846153846156,0.5454545454545454,0.6923076923076923,0.2727272727272727,0.5454545454545454,0.36363636363636365,0.18181818181818182,0.45454545454545453,0.2727272727272727,0.5384615384615384,0.6923076923076923,0.18181818181818182,0.09090909090909091,0.0,0.6666666666666666,0.2727272727272727,0.45454545454545453,0.36363636363636365,0.36363636363636365,0.2727272727272727,0.2727272727272727,0.18181818181818182,0.2727272727272727,0.36363636363636365,0.18181818181818182,0.6923076923076923,0.09090909090909091,0.2727272727272727,0.6363636363636364,0.2727272727272727,0.6363636363636364,0.5833333333333334,0.45454545454545453,0.2727272727272727,0.18181818181818182,0.09090909090909091,0.45454545454545453,0.2727272727272727,0.2727272727272727,0.2727272727272727,0.45454545454545453,0.45454545454545453,0.4166666666666667,0.2727272727272727,0.09090909090909091,0.2727272727272727,0.18181818181818182,0.5454545454545454,0.18181818181818182,0.09090909090909091,0.2727272727272727,0.2727272727272727,0.36363636363636365,0.45454545454545453,0.5454545454545454,0.09090909090909091,0.36363636363636365,0.36363636363636365,0.45454545454545453,0.18181818181818182,0.2727272727272727,0.0,0.4166666666666667,0.2727272727272727,0.18181818181818182,0.2727272727272727,0.18181818181818182,0.4166666666666667,0.36363636363636365,0.45454545454545453,0.36363636363636365,0.2727272727272727,0.36363636363636365,0.0,0.45454545454545453,0.36363636363636365,0.45454545454545453,0.2727272727272727,0.36363636363636365,0.18181818181818182,0.18181818181818182,0.18181818181818182,0.6363636363636364,0.2727272727272727,0.18181818181818182,0.2727272727272727,0.18181818181818182
1393,0.18181818181818182,0.2222222222222222,0.0,0.16666666666666666,0.09090909090909091,0.2222222222222222,0.18181818181818182,0.16666666666666666,0.2,0.18181818181818182,0.2222222222222222,0.2222222222222222,0.14285714285714285,0.2,0.125,0.2857142857142857,0.1,0.3076923076923077,0.08333333333333333,0.0,0.18181818181818182,0.09090909090909091,0.2222222222222222,0.125,0.4,0.2,0.2857142857142857,0.18181818181818182,1.0,0.1111111111111111,0.2857142857142857,0.16666666666666666,0.2,0.1,0.18181818181818182,0.2222222222222222,0.2,0.1111111111111111,0.25,0.375,0.14285714285714285,0.1,0.21428571428571427,0.2,0.3,0.3333333333333333,0.07692307692307693,0.2857142857142857,0.125,0.2,0.1111111111111111,0.125,0.2857142857142857,0.1,0.14285714285714285,0.125,0.14285714285714285,0.25,0.1111111111111111,0.375,0.0,0.07692307692307693,0.14285714285714285,0.3333333333333333,0.09090909090909091,0.0,0.0,0.14285714285714285,0.16666666666666666,0.25,0.4,0.4,0.16666666666666666,0.0,0.16666666666666666,0.25,0.2857142857142857,0.0,0.14285714285714285,0.0,0.25,0.0,0.25,0.16666666666666666,0.0,0.0,0.2857142857142857,0.3,0.0,0.125,0.0,0.0,0.0,0.0,0.0,0.0,0.25,0.0,0.0,0.0,0.375,0.0,0.0,0.14285714285714285,0.2,0.5,0.25,0.0,0.42857142857142855,0.2857142857142857,0.0,0.3333333333333333,0.125,0.2,0.0,0.0,0.5,0.5,0.25,0.16666666666666666,0.125,0.0,0.0,0.2,0.0,0.2857142857142857,0.07692307692307693,0.125,0.23076923076923078,0.3333333333333333,0.1111111111111111,0.125,0.4,0.2222222222222222,0.16666666666666666,0.23076923076923078,0.3076923076923077,0.3333333333333333,0.2857142857142857,0.16666666666666666,0.2,0.125,0.25,0.1111111111111111,0.2857142857142857,0.3,0.2857142857142857,0.2222222222222222,0.16666666666666666,0.1111111111111111,0.25,0.15384615384615385,0.25,0.3333333333333333,0.36363636363636365,0.2857142857142857,0.2,0.3333333333333333,0.2222222222222222,0.0,0.16666666666666666,0.2,0.16666666666666666,0.1,0.16666666666666666,0.3333333333333333,0.125,0.09090909090909091,0.16666666666666666,0.2222222222222222,0.4,0.14285714285714285,0.14285714285714285,0.0,0.0,0.25,0.14285714285714285,0.1111111111111111,0.1111111111111111,0.3,0.2,0.42857142857142855,0.2857142857142857,0.14285714285714285,0.3,0.25,0.2,0.5,0.25,0.125,0.25,0.2222222222222222,0.1,0.16666666666666666,0.25,0.2,0.2222222222222222,0.16666666666666666,0.1,0.2,0.375,0.4444444444444444,0.3,0.2222222222222222,0.0,0.0,0.5,0.14285714285714285,0.1111111111111111,0.14285714285714285,0.0,0.2,0.16666666666666666
1394,0.45454545454545453,0.4444444444444444,0.1111111111111111,0.1111111111111111,0.36363636363636365,0.7777777777777778,0.45454545454545453,0.3333333333333333,0.3333333333333333,0.5454545454545454,0.4444444444444444,0.3333333333333333,0.2222222222222222,0.4,0.4444444444444444,0.3333333333333333,0.4,0.46153846153846156,0.4166666666666667,0.4444444444444444,0.36363636363636365,0.45454545454545453,0.2222222222222222,0.4444444444444444,0.3333333333333333,0.3333333333333333,0.4444444444444444,0.45454545454545453,0.1111111111111111,1.0,0.3333333333333333,0.4166666666666667,0.3333333333333333,0.5,0.2727272727272727,0.3333333333333333,0.4,0.3333333333333333,0.2222222222222222,0.4444444444444444,0.3333333333333333,0.4,0.42857142857142855,0.6,0.3,0.2222222222222222,0.38461538461538464,0.2222222222222222,0.5555555555555556,0.2222222222222222,0.5555555555555556,0.2222222222222222,0.1111111111111111,0.5,0.2222222222222222,0.2222222222222222,0.3333333333333333,0.4444444444444444,0.5555555555555556,0.3333333333333333,0.2222222222222222,0.38461538461538464,0.5,0.3333333333333333,0.45454545454545453,0.1111111111111111,0.5555555555555556,0.2222222222222222,0.1111111111111111,0.4166666666666667,0.2222222222222222,0.1111111111111111,0.2222222222222222,0.1111111111111111,0.1111111111111111,0.1111111111111111,0.1111111111111111,0.2222222222222222,0.2222222222222222,0.2222222222222222,0.2222222222222222,0.1111111111111111,0.1111111111111111,0.2222222222222222,0.1111111111111111,0.2222222222222222,0.3333333333333333,0.5,0.1111111111111111,0.3333333333333333,0.1111111111111111,0.1111111111111111,0.1111111111111111,0.2222222222222222,0.0,0.0,0.1111111111111111,0.2222222222222222,0.1111111111111111,0.0,0.1111111111111111,0.0,0.0,0.2222222222222222,0.1111111111111111,0.1111111111111111,0.1111111111111111,0.0,0.1111111111111111,0.3333333333333333,0.2222222222222222,0.1111111111111111,0.3333333333333333,0.2222222222222222,0.1111111111111111,0.2222222222222222,0.1111111111111111,0.2222222222222222,0.2222222222222222,0.2222222222222222,0.4444444444444444,0.0,0.4444444444444444,0.1111111111111111,0.1111111111111111,0.4444444444444444,0.46153846153846156,0.2222222222222222,0.46153846153846156,0.3333333333333333,0.3333333333333333,0.6666666666666666,0.3333333333333333,0.3333333333333333,0.0,0.38461538461538464,0.38461538461538464,0.1111111111111111,0.2222222222222222,0.2222222222222222,0.4,0.5555555555555556,0.2222222222222222,0.5555555555555556,0.5555555555555556,0.6,0.4444444444444444,0.5555555555555556,0.4444444444444444,0.4444444444444444,0.4444444444444444,0.38461538461538464,0.1111111111111111,0.3333333333333333,0.6363636363636364,0.2222222222222222,0.5,0.4166666666666667,0.4444444444444444,0.3333333333333333,0.4444444444444444,0.1111111111111111,0.2222222222222222,0.6,0.3333333333333333,0.4444444444444444,0.4444444444444444,0.45454545454545453,0.4166666666666667,0.4444444444444444,0.1111111111111111,0.4444444444444444,0.4444444444444444,0.4444444444444444,0.5555555555555556,0.1111111111111111,0.4444444444444444,0.5555555555555556,0.3333333333333333,0.5,0.2,0.3333333333333333,0.4444444444444444,0.3333333333333333,0.5,0.4444444444444444,0.6,0.1111111111111111,0.5,0.3333333333333333,0.3333333333333333,0.5555555555555556,0.6,0.5,0.4444444444444444,0.6,0.5555555555555556,0.2222222222222222,0.6,0.1111111111111111,0.3333333333333333,0.2222222222222222,0.6,0.3333333333333333,0.5555555555555556,0.3333333333333333,0.2222222222222222,0.3333333333333333,0.5555555555555556,0.5555555555555556,0.4444444444444444,0.2222222222222222,0.2222222222222222
1399,0.2727272727272727,0.2222222222222222,0.2857142857142857,0.42857142857142855,0.2727272727272727,0.5555555555555556,0.45454545454545453,0.3333333333333333,0.3333333333333333,0.36363636363636365,0.4444444444444444,0.3333333333333333,0.5714285714285714,0.4,0.5,0.14285714285714285,0.6,0.38461538461538464,0.3333333333333333,0.14285714285714285,0.2727272727272727,0.2727272727272727,0.3333333333333333,0.625,0.42857142857142855,0.7142857142857143,0.7142857142857143,0.45454545454545453,0.2857142857142857,0.3333333333333333,1.0,0.5,0.5714285714285714,0.4,0.36363636363636365,0.1111111111111111,0.3,0.3333333333333333,0.5,0.5,0.42857142857142855,0.6,0.35714285714285715,0.5,0.3,0.14285714285714285,0.15384615384615385,0.42857142857142855,0.25,0.2857142857142857,0.4444444444444444,0.5,0.2857142857142857,0.4,0.5714285714285714,0.5,0.5714285714285714,0.5,0.4444444444444444,0.5,0.2857142857142857,0.3076923076923077,0.14285714285714285,0.42857142857142855,0.45454545454545453,0.42857142857142855,0.375,0.5714285714285714,0.42857142857142855,0.4166666666666667,0.2857142857142857,0.2857142857142857,0.2857142857142857,0.2857142857142857,0.2857142857142857,0.2857142857142857,0.7142857142857143,0.14285714285714285,0.42857142857142855,0.14285714285714285,0.2857142857142857,0.2857142857142857,0.14285714285714285,0.2857142857142857,0.14285714285714285,0.14285714285714285,0.42857142857142855,0.4,0.0,0.5,0.14285714285714285,0.0,0.2857142857142857,0.2857142857142857,0.14285714285714285,0.14285714285714285,0.14285714285714285,0.14285714285714285,0.0,0.14285714285714285,0.25,0.14285714285714285,0.14285714285714285,0.42857142857142855,0.14285714285714285,0.2857142857142857,0.14285714285714285,0.0,0.14285714285714285,0.5714285714285714,0.14285714285714285,0.2857142857142857,0.25,0.42857142857142855,0.14285714285714285,0.14285714285714285,0.42857142857142855,0.42857142857142855,0.5,0.2857142857142857,0.5,0.0,0.2222222222222222,0.14285714285714285,0.14285714285714285,0.7142857142857143,0.23076923076923078,0.25,0.38461538461538464,0.42857142857142855,0.3333333333333333,0.25,0.2857142857142857,0.3333333333333333,0.2857142857142857,0.15384615384615385,0.3076923076923077,0.2857142857142857,0.0,0.0,0.3333333333333333,0.5,0.25,0.2222222222222222,0.2857142857142857,0.4,0.14285714285714285,0.1111111111111111,0.14285714285714285,0.1111111111111111,0.125,0.38461538461538464,0.14285714285714285,0.1111111111111111,0.2727272727272727,0.2857142857142857,0.2,0.16666666666666666,0.2222222222222222,0.2857142857142857,0.14285714285714285,0.14285714285714285,0.14285714285714285,0.3,0.0,0.2222222222222222,0.375,0.18181818181818182,0.25,0.2222222222222222,0.14285714285714285,0.2857142857142857,0.2857142857142857,0.3333333333333333,0.375,0.0,0.14285714285714285,0.3333333333333333,0.1111111111111111,0.3,0.2,0.14285714285714285,0.14285714285714285,0.2857142857142857,0.3,0.25,0.1,0.0,0.25,0.125,0.125,0.1111111111111111,0.1,0.16666666666666666,0.375,0.2,0.3333333333333333,0.2857142857142857,0.2,0.0,0.625,0.4444444444444444,0.3,0.1111111111111111,0.25,0.14285714285714285,0.2857142857142857,0.14285714285714285,0.5555555555555556,0.2857142857142857,0.2857142857142857,0.42857142857142855,0.2857142857142857
1410,0.6666666666666666,0.3333333333333333,0.25,0.4166666666666667,0.75,0.5,0.6666666666666666,0.6666666666666666,0.6,0.5833333333333334,0.4166666666666667,0.5,0.5,0.6666666666666666,0.5,0.0,0.5833333333333334,0.6153846153846154,0.75,0.3333333333333333,0.5,0.75,0.5833333333333334,0.5833333333333334,0.25,0.3333333333333333,0.4166666666666667,0.8333333333333334,0.16666666666666666,0.4166666666666667,0.5,1.0,0.3333333333333333,0.75,0.6666666666666666,0.5,0.5833333333333334,0.5833333333333334,0.6666666666666666,0.25,0.4166666666666667,0.75,0.7142857142857143,0.5,0.5,0.0,0.5384615384615384,0.16666666666666666,0.3333333333333333,0.25,0.4166666666666667,0.25,0.25,0.4166666666666667,0.4166666666666667,0.5,0.4166666666666667,0.4166666666666667,0.5,0.5,0.4166666666666667,0.6153846153846154,0.5,0.3333333333333333,0.5,0.25,0.3333333333333333,0.4166666666666667,0.4166666666666667,0.75,0.25,0.16666666666666666,0.25,0.08333333333333333,0.25,0.16666666666666666,0.5833333333333334,0.08333333333333333,0.4166666666666667,0.16666666666666666,0.08333333333333333,0.08333333333333333,0.08333333333333333,0.16666666666666666,0.08333333333333333,0.25,0.3333333333333333,0.5,0.16666666666666666,0.5833333333333334,0.4166666666666667,0.08333333333333333,0.16666666666666666,0.16666666666666666,0.16666666666666666,0.08333333333333333,0.0,0.16666666666666666,0.16666666666666666,0.08333333333333333,0.25,0.08333333333333333,0.16666666666666666,0.25,0.25,0.16666666666666666,0.0,0.0,0.16666666666666666,0.5,0.16666666666666666,0.25,0.5833333333333334,0.25,0.0,0.25,0.4166666666666667,0.25,0.6666666666666666,0.4166666666666667,0.5833333333333334,0.08333333333333333,0.4166666666666667,0.3333333333333333,0.16666666666666666,0.5,0.6153846153846154,0.5,0.7692307692307693,0.25,0.5833333333333334,0.3333333333333333,0.08333333333333333,0.4166666666666667,0.3333333333333333,0.5384615384615384,0.6923076923076923,0.16666666666666666,0.08333333333333333,0.0,0.7333333333333333,0.4166666666666667,0.4166666666666667,0.4166666666666667,0.25,0.3333333333333333,0.16666666666666666,0.08333333333333333,0.16666666666666666,0.3333333333333333,0.08333333333333333,0.6923076923076923,0.0,0.25,0.5,0.3333333333333333,0.5,0.5833333333333334,0.5,0.3333333333333333,0.08333333333333333,0.16666666666666666,0.4166666666666667,0.4166666666666667,0.25,0.3333333333333333,0.5,0.5,0.5,0.4166666666666667,0.16666666666666666,0.3333333333333333,0.25,0.5,0.16666666666666666,0.08333333333333333,0.16666666666666666,0.25,0.25,0.5,0.5,0.08333333333333333,0.3333333333333333,0.4166666666666667,0.5,0.16666666666666666,0.25,0.0,0.5,0.16666666666666666,0.16666666666666666,0.25,0.25,0.5,0.3333333333333333,0.5,0.4166666666666667,0.16666666666666666,0.3333333333333333,0.0,0.4166666666666667,0.4166666666666667,0.5,0.3333333333333333,0.25,0.08333333333333333,0.25,0.25,0.5833333333333334,0.16666666666666666,0.16666666666666666,0.25,0.25
1511,0.2727272727272727,0.3333333333333333,0.2,0.16666666666666666,0.09090909090909091,0.2222222222222222,0.36363636363636365,0.3333333333333333,0.26666666666666666,0.2727272727272727,0.2222222222222222,0.3333333333333333,0.2857142857142857,0.4,0.375,0.0,0.3,0.23076923076923078,0.3333333333333333,0.16666666666666666,0.18181818181818182,0.2727272727272727,0.2222222222222222,0.375,0.4,0.6,0.42857142857142855,0.18181818181818182,0.2,0.3333333333333333,0.5714285714285714,0.3333333333333333,1.0,0.4,0.18181818181818182,0.0,0.2,0.2222222222222222,0.25,0.25,0.14285714285714285,0.3,0.2857142857142857,0.3,0.2,0.0,0.15384615384615385,0.14285714285714285,0.375,0.4,0.2222222222222222,0.375,0.0,0.3,0.14285714285714285,0.25,0.2857142857142857,0.25,0.1111111111111111,0.375,0.3333333333333333,0.23076923076923078,0.14285714285714285,0.5,0.36363636363636365,0.4,0.375,0.2857142857142857,0.3333333333333333,0.3333333333333333,0.2,0.0,0.16666666666666666,0.2,0.16666666666666666,0.4,0.42857142857142855,0.0,0.14285714285714285,0.0,0.2,0.0,0.2,0.16666666666666666,0.0,0.0,0.14285714285714285,0.2,0.0,0.25,0.16666666666666666,0.0,0.2,0.2,0.2,0.2,0.0,0.0,0.0,0.2,0.125,0.2,0.2,0.14285714285714285,0.2,0.4,0.0,0.0,0.0,0.2857142857142857,0.0,0.16666666666666666,0.125,0.4,0.0,0.2,0.3333333333333333,0.16666666666666666,0.375,0.3333333333333333,0.25,0.0,0.1111111111111111,0.0,0.2,0.42857142857142855,0.23076923076923078,0.125,0.3076923076923077,0.16666666666666666,0.2222222222222222,0.25,0.2,0.2222222222222222,0.3333333333333333,0.15384615384615385,0.23076923076923078,0.16666666666666666,0.14285714285714285,0.0,0.26666666666666666,0.5,0.25,0.3333333333333333,0.2857142857142857,0.4,0.14285714285714285,0.1111111111111111,0.0,0.0,0.125,0.23076923076923078,0.0,0.0,0.18181818181818182,0.14285714285714285,0.1,0.08333333333333333,0.2222222222222222,0.2857142857142857,0.16666666666666666,0.2,0.16666666666666666,0.3,0.0,0.1111111111111111,0.25,0.18181818181818182,0.3333333333333333,0.3333333333333333,0.2,0.42857142857142855,0.42857142857142855,0.2222222222222222,0.25,0.0,0.14285714285714285,0.2222222222222222,0.0,0.4,0.1,0.14285714285714285,0.14285714285714285,0.2857142857142857,0.2,0.125,0.2,0.0,0.3333333333333333,0.0,0.125,0.1111111111111111,0.2,0.16666666666666666,0.25,0.2,0.3333333333333333,0.16666666666666666,0.1,0.0,0.25,0.3333333333333333,0.4,0.2222222222222222,0.0,0.0,0.16666666666666666,0.2857142857142857,0.3333333333333333,0.2857142857142857,0.14285714285714285,0.2,0.3333333333333333
1520,0.5454545454545454,0.5,0.2,0.3,0.6363636363636364,0.4,0.6363636363636364,0.6666666666666666,0.4,0.45454545454545453,0.3,0.5,0.4,0.6,0.5,0.1,0.6,0.5384615384615384,0.5833333333333334,0.3,0.2727272727272727,0.6363636363636364,0.5,0.6,0.3,0.3,0.2,0.6363636363636364,0.1,0.5,0.4,0.75,0.4,1.0,0.45454545454545453,0.5,0.5,0.6,0.5,0.2,0.4,0.7,0.6428571428571429,0.5,0.5,0.0,0.5384615384615384,0.1,0.5,0.3,0.4,0.3,0.2,0.5,0.3,0.5,0.4,0.4,0.5,0.6,0.5,0.5384615384615384,0.5,0.4,0.45454545454545453,0.3,0.4,0.4,0.4,0.6666666666666666,0.3,0.1,0.3,0.1,0.2,0.2,0.5,0.1,0.4,0.2,0.1,0.0,0.1,0.2,0.1,0.3,0.2,0.4,0.2,0.6,0.5,0.1,0.2,0.2,0.2,0.1,0.0,0.1,0.2,0.1,0.2,0.1,0.2,0.2,0.3,0.2,0.0,0.0,0.1,0.5,0.2,0.1,0.6,0.3,0.0,0.3,0.4,0.2,0.6,0.5,0.5,0.1,0.4,0.3,0.2,0.4,0.46153846153846156,0.4,0.6923076923076923,0.1,0.6,0.3,0.2,0.5,0.4,0.38461538461538464,0.6153846153846154,0.2,0.2,0.1,0.5333333333333333,0.5,0.4,0.6,0.4,0.5,0.3,0.2,0.2,0.3,0.1,0.46153846153846156,0.0,0.1,0.45454545454545453,0.4,0.5,0.5,0.4,0.2,0.1,0.2,0.4,0.4,0.2,0.3,0.6,0.45454545454545453,0.5,0.4,0.1,0.5,0.4,0.7,0.2,0.2,0.3,0.2,0.2,0.6,0.4,0.2,0.4,0.4,0.4,0.3,0.3,0.1,0.5,0.2,0.3,0.3,0.3,0.4166666666666667,0.3,0.6,0.4,0.1,0.4,0.0,0.2,0.4,0.6,0.4,0.2,0.2,0.2,0.4,0.7,0.3,0.3,0.2,0.4
1610,0.8181818181818182,0.45454545454545453,0.36363636363636365,0.45454545454545453,0.7272727272727273,0.45454545454545453,0.36363636363636365,0.4166666666666667,0.6,0.36363636363636365,0.18181818181818182,0.5454545454545454,0.45454545454545453,0.45454545454545453,0.2727272727272727,0.2727272727272727,0.45454545454545453,0.5384615384615384,0.5833333333333334,0.2727272727272727,0.6363636363636364,0.5454545454545454,0.5454545454545454,0.36363636363636365,0.09090909090909091,0.18181818181818182,0.36363636363636365,0.7272727272727273,0.18181818181818182,0.2727272727272727,0.36363636363636365,0.6666666666666666,0.18181818181818182,0.45454545454545453,1.0,0.5454545454545454,0.6363636363636364,0.5454545454545454,0.7272727272727273,0.36363636363636365,0.36363636363636365,0.45454545454545453,0.5,0.2727272727272727,0.45454545454545453,0.18181818181818182,0.6153846153846154,0.18181818181818182,0.18181818181818182,0.0,0.36363636363636365,0.2727272727272727,0.2727272727272727,0.18181818181818182,0.45454545454545453,0.36363636363636365,0.2727272727272727,0.36363636363636365,0.2727272727272727,0.36363636363636365,0.18181818181818182,0.46153846153846156,0.35714285714285715,0.2727272727272727,0.45454545454545453,0.18181818181818182,0.18181818181818182,0.36363636363636365,0.2727272727272727,0.5833333333333334,0.18181818181818182,0.2727272727272727,0.36363636363636365,0.09090909090909091,0.2727272727272727,0.09090909090909091,0.5454545454545454,0.0,0.36363636363636365,0.2727272727272727,0.09090909090909091,0.18181818181818182,0.18181818181818182,0.09090909090909091,0.09090909090909091,0.2727272727272727,0.2727272727272727,0.6363636363636364,0.18181818181818182,0.36363636363636365,0.2727272727272727,0.09090909090909091,0.09090909090909091,0.0,0.09090909090909091,0.09090909090909091,0.09090909090909091,0.18181818181818182,0.09090909090909091,0.0,0.2727272727272727,0.0,0.09090909090909091,0.36363636363636365,0.09090909090909091,0.09090909090909091,0.09090909090909091,0.09090909090909091,0.2727272727272727,0.45454545454545453,0.36363636363636365,0.36363636363636365,0.45454545454545453,0.09090909090909091,0.0,0.0,0.36363636363636365,0.36363636363636365,0.6363636363636364,0.2727272727272727,0.45454545454545453,0.18181818181818182,0.5454545454545454,0.2727272727272727,0.09090909090909091,0.36363636363636365,0.46153846153846156,0.6363636363636364,0.5384615384615384,0.18181818181818182,0.5454545454545454,0.18181818181818182,0.18181818181818182,0.36363636363636365,0.36363636363636365,0.6153846153846154,0.5384615384615384,0.2727272727272727,0.2727272727272727,0.2727272727272727,0.6666666666666666,0.2727272727272727,0.45454545454545453,0.2727272727272727,0.18181818181818182,0.18181818181818182,0.09090909090909091,0.18181818181818182,0.18181818181818182,0.5454545454545454,0.2727272727272727,0.6153846153846154,0.0,0.45454545454545453,0.36363636363636365,0.36363636363636365,0.5454545454545454,0.5833333333333334,0.45454545454545453,0.45454545454545453,0.18181818181818182,0.09090909090909091,0.36363636363636365,0.2727272727272727,0.2727272727272727,0.2727272727272727,0.45454545454545453,0.5454545454545454,0.5833333333333334,0.2727272727272727,0.09090909090909091,0.36363636363636365,0.36363636363636365,0.45454545454545453,0.36363636363636365,0.18181818181818182,0.18181818181818182,0.2727272727272727,0.5454545454545454,0.36363636363636365,0.7272727272727273,0.36363636363636365,0.2727272727272727,0.45454545454545453,0.5454545454545454,0.09090909090909091,0.45454545454545453,0.0,0.5,0.36363636363636365,0.2727272727272727,0.18181818181818182,0.36363636363636365,0.5,0.45454545454545453,0.45454545454545453,0.45454545454545453,0.2727272727272727,0.45454545454545453,0.2727272727272727,0.36363636363636365,0.5454545454545454,0.36363636363636365,0.18181818181818182,0.45454545454545453,0.09090909090909091,0.18181818181818182,0.18181818181818182,0.45454545454545453,0.18181818181818182,0.18181818181818182,0.09090909090909091,0.2727272727272727
1621,0.5454545454545454,0.4444444444444444,0.1111111111111111,0.3333333333333333,0.6363636363636364,0.4444444444444444,0.45454545454545453,0.5,0.4666666666666667,0.5454545454545454,0.2222222222222222,0.4444444444444444,0.3333333333333333,0.6,0.3333333333333333,0.3333333333333333,0.4,0.38461538461538464,0.5,0.4444444444444444,0.5454545454545454,0.5454545454545454,0.5555555555555556,0.3333333333333333,0.2222222222222222,0.0,0.2222222222222222,0.5454545454545454,0.2222222222222222,0.3333333333333333,0.1111111111111111,0.5,0.0,0.5,0.5454545454545454,1.0,0.5,0.5555555555555556,0.5555555555555556,0.3333333333333333,0.3333333333333333,0.4,0.5714285714285714,0.3,0.6,0.2222222222222222,0.6153846153846154,0.2222222222222222,0.3333333333333333,0.2222222222222222,0.4444444444444444,0.2222222222222222,0.3333333333333333,0.3,0.2222222222222222,0.3333333333333333,0.2222222222222222,0.4444444444444444,0.4444444444444444,0.5555555555555556,0.2222222222222222,0.5384615384615384,0.5,0.3333333333333333,0.2727272727272727,0.1111111111111111,0.2222222222222222,0.3333333333333333,0.2222222222222222,0.5833333333333334,0.3333333333333333,0.4444444444444444,0.3333333333333333,0.0,0.2222222222222222,0.0,0.3333333333333333,0.0,0.3333333333333333,0.2222222222222222,0.0,0.1111111111111111,0.0,0.1111111111111111,0.1111111111111111,0.3333333333333333,0.3333333333333333,0.5,0.1111111111111111,0.4444444444444444,0.3333333333333333,0.1111111111111111,0.1111111111111111,0.0,0.1111111111111111,0.1111111111111111,0.1111111111111111,0.2222222222222222,0.1111111111111111,0.0,0.3333333333333333,0.0,0.1111111111111111,0.3333333333333333,0.1111111111111111,0.1111111111111111,0.1111111111111111,0.0,0.3333333333333333,0.3333333333333333,0.3333333333333333,0.3333333333333333,0.6666666666666666,0.2222222222222222,0.0,0.1111111111111111,0.3333333333333333,0.3333333333333333,0.5555555555555556,0.3333333333333333,0.4444444444444444,0.1111111111111111,0.4444444444444444,0.3333333333333333,0.0,0.3333333333333333,0.46153846153846156,0.5555555555555556,0.5384615384615384,0.3333333333333333,0.5555555555555556,0.3333333333333333,0.2222222222222222,0.3333333333333333,0.3333333333333333,0.5384615384615384,0.5384615384615384,0.3333333333333333,0.4444444444444444,0.3333333333333333,0.5333333333333333,0.2222222222222222,0.3333333333333333,0.3333333333333333,0.3333333333333333,0.3,0.4444444444444444,0.4444444444444444,0.3333333333333333,0.5555555555555556,0.3333333333333333,0.5384615384615384,0.0,0.5555555555555556,0.5454545454545454,0.5555555555555556,0.5,0.6666666666666666,0.6666666666666666,0.3333333333333333,0.2222222222222222,0.0,0.4444444444444444,0.4,0.4444444444444444,0.4444444444444444,0.4444444444444444,0.6363636363636364,0.5,0.5555555555555556,0.2222222222222222,0.3333333333333333,0.2222222222222222,0.5555555555555556,0.2222222222222222,0.2222222222222222,0.2222222222222222,0.1111111111111111,0.4444444444444444,0.5,0.6,0.3333333333333333,0.3333333333333333,0.3333333333333333,0.3,0.3333333333333333,0.3,0.2222222222222222,0.3333333333333333,0.3333333333333333,0.3333333333333333,0.3333333333333333,0.4,0.5,0.3333333333333333,0.5,0.3333333333333333,0.1111111111111111,0.6,0.1111111111111111,0.3333333333333333,0.4444444444444444,0.5,0.3333333333333333,0.4444444444444444,0.2222222222222222,0.4444444444444444,0.3333333333333333,0.4444444444444444,0.2222222222222222,0.3333333333333333,0.1111111111111111,0.2222222222222222
1622,0.7272727272727273,0.5,0.2,0.3,0.45454545454545453,0.4,0.2727272727272727,0.25,0.4,0.5454545454545454,0.4,0.5,0.2,0.4,0.4,0.2,0.3,0.3076923076923077,0.5,0.3,0.6363636363636364,0.36363636363636365,0.4,0.3,0.2,0.2,0.4,0.5454545454545454,0.2,0.4,0.3,0.5833333333333334,0.2,0.5,0.6363636363636364,0.5,1.0,0.5,0.5,0.5,0.2,0.4,0.5714285714285714,0.5,0.3,0.3,0.46153846153846156,0.2,0.1,0.2,0.1,0.3,0.2,0.4,0.3,0.5,0.3,0.6,0.3,0.3,0.5,0.38461538461538464,0.5,0.4,0.5454545454545454,0.3,0.4,0.3,0.5,0.6666666666666666,0.2,0.3,0.2,0.2,0.5,0.3,0.4,0.1,0.5,0.3,0.2,0.2,0.2,0.4,0.1,0.4,0.5,0.7,0.2,0.4,0.5,0.3,0.2,0.3,0.3,0.3,0.2,0.2,0.3,0.2,0.5,0.2,0.3,0.6,0.3,0.3,0.2,0.1,0.4,0.4,0.4,0.4,0.6,0.3,0.1,0.2,0.4,0.4,0.6,0.5,0.5,0.2,0.6,0.4,0.3,0.5,0.6153846153846154,0.5,0.38461538461538464,0.3,0.6,0.4,0.1,0.6,0.3,0.46153846153846156,0.38461538461538464,0.3,0.2,0.3,0.4666666666666667,0.2,0.4,0.1,0.1,0.2,0.0,0.3,0.1,0.3,0.2,0.3076923076923077,0.1,0.5,0.36363636363636365,0.5,0.6,0.5,0.6,0.5,0.2,0.3,0.2,0.4,0.3,0.4,0.5,0.5454545454545454,0.5833333333333334,0.3,0.3,0.4,0.4,0.4,0.2,0.0,0.2,0.2,0.5,0.4,0.7,0.3,0.4,0.5,0.6,0.1,0.6,0.1,0.4166666666666667,0.4,0.4,0.3,0.4,0.25,0.6,0.6,0.3,0.1,0.4,0.3,0.2,0.3,0.3,0.3,0.3,0.3,0.3,0.2,0.2,0.2,0.4,0.4,0.4
1623,0.5454545454545454,0.3333333333333333,0.1111111111111111,0.4444444444444444,0.7272727272727273,0.3333333333333333,0.5454545454545454,0.4166666666666667,0.4666666666666667,0.36363636363636365,0.3333333333333333,0.4444444444444444,0.4444444444444444,0.6,0.5555555555555556,0.2222222222222222,0.6,0.46153846153846156,0.6666666666666666,0.2222222222222222,0.2727272727272727,0.45454545454545453,0.5555555555555556,0.2222222222222222,0.1111111111111111,0.1111111111111111,0.3333333333333333,0.5454545454545454,0.1111111111111111,0.3333333333333333,0.3333333333333333,0.5833333333333334,0.2222222222222222,0.6,0.5454545454545454,0.5555555555555556,0.5,1.0,0.5555555555555556,0.1111111111111111,0.5555555555555556,0.6,0.5714285714285714,0.4,0.4,0.0,0.46153846153846156,0.0,0.4444444444444444,0.1111111111111111,0.4444444444444444,0.3333333333333333,0.1111111111111111,0.4,0.4444444444444444,0.5555555555555556,0.4444444444444444,0.5555555555555556,0.4444444444444444,0.5555555555555556,0.3333333333333333,0.46153846153846156,0.42857142857142855,0.4444444444444444,0.45454545454545453,0.2222222222222222,0.1111111111111111,0.4444444444444444,0.5555555555555556,0.5833333333333334,0.4444444444444444,0.2222222222222222,0.3333333333333333,0.2222222222222222,0.4444444444444444,0.1111111111111111,0.5555555555555556,0.1111111111111111,0.4444444444444444,0.2222222222222222,0.0,0.0,0.1111111111111111,0.2222222222222222,0.1111111111111111,0.3333333333333333,0.4444444444444444,0.4,0.3333333333333333,0.5555555555555556,0.4444444444444444,0.1111111111111111,0.2222222222222222,0.2222222222222222,0.1111111111111111,0.1111111111111111,0.0,0.2222222222222222,0.1111111111111111,0.1111111111111111,0.4444444444444444,0.1111111111111111,0.1111111111111111,0.3333333333333333,0.3333333333333333,0.1111111111111111,0.0,0.1111111111111111,0.3333333333333333,0.4444444444444444,0.1111111111111111,0.4444444444444444,0.7777777777777778,0.3333333333333333,0.0,0.2222222222222222,0.3333333333333333,0.2222222222222222,0.6666666666666666,0.2222222222222222,0.3333333333333333,0.1111111111111111,0.5555555555555556,0.3333333333333333,0.3333333333333333,0.4444444444444444,0.3076923076923077,0.6666666666666666,0.46153846153846156,0.2222222222222222,0.8888888888888888,0.3333333333333333,0.2222222222222222,0.4444444444444444,0.4444444444444444,0.5384615384615384,0.46153846153846156,0.3333333333333333,0.3333333333333333,0.2222222222222222,0.4666666666666667,0.3333333333333333,0.5555555555555556,0.5555555555555556,0.2222222222222222,0.3,0.2222222222222222,0.1111111111111111,0.3333333333333333,0.4444444444444444,0.1111111111111111,0.46153846153846156,0.0,0.3333333333333333,0.45454545454545453,0.4444444444444444,0.3,0.5,0.4444444444444444,0.3333333333333333,0.0,0.3333333333333333,0.3333333333333333,0.3,0.2222222222222222,0.5555555555555556,0.5555555555555556,0.36363636363636365,0.5,0.3333333333333333,0.2222222222222222,0.4444444444444444,0.4444444444444444,0.5555555555555556,0.2222222222222222,0.3333333333333333,0.4444444444444444,0.1111111111111111,0.4444444444444444,0.4,0.5,0.2222222222222222,0.4444444444444444,0.5555555555555556,0.5,0.2222222222222222,0.4,0.1111111111111111,0.25,0.2222222222222222,0.3333333333333333,0.2222222222222222,0.3,0.3333333333333333,0.3333333333333333,0.5,0.4444444444444444,0.2222222222222222,0.4,0.1111111111111111,0.3333333333333333,0.4444444444444444,0.4,0.4444444444444444,0.3333333333333333,0.2222222222222222,0.4444444444444444,0.3333333333333333,0.3333333333333333,0.2222222222222222,0.2222222222222222,0.3333333333333333,0.3333333333333333
1629,0.6363636363636364,0.3333333333333333,0.375,0.5,0.6363636363636364,0.4444444444444444,0.36363636363636365,0.4166666666666667,0.4,0.2727272727272727,0.2222222222222222,0.5555555555555556,0.5,0.5,0.375,0.0,0.4,0.38461538461538464,0.4166666666666667,0.375,0.45454545454545453,0.5454545454545454,0.6666666666666666,0.5,0.125,0.25,0.5,0.7272727272727273,0.25,0.2222222222222222,0.5,0.6666666666666666,0.25,0.5,0.7272727272727273,0.5555555555555556,0.5,0.5555555555555556,1.0,0.25,0.375,0.5,0.42857142857142855,0.3,0.5,0.0,0.38461538461538464,0.125,0.125,0.0,0.3333333333333333,0.125,0.375,0.2,0.5,0.5,0.375,0.5,0.3333333333333333,0.5,0.25,0.46153846153846156,0.2857142857142857,0.375,0.2727272727272727,0.25,0.125,0.5,0.375,0.5,0.25,0.25,0.375,0.0,0.125,0.125,0.75,0.0,0.5,0.125,0.125,0.125,0.125,0.0,0.125,0.25,0.25,0.5,0.125,0.5,0.375,0.0,0.125,0.0,0.125,0.0,0.0,0.25,0.125,0.0,0.125,0.0,0.125,0.25,0.125,0.125,0.0,0.0,0.125,0.625,0.25,0.25,0.625,0.125,0.0,0.0,0.5,0.375,0.875,0.375,0.625,0.125,0.3333333333333333,0.375,0.0,0.5,0.3076923076923077,0.625,0.5384615384615384,0.25,0.5555555555555556,0.125,0.125,0.3333333333333333,0.375,0.38461538461538464,0.5384615384615384,0.25,0.125,0.0,0.5333333333333333,0.25,0.5,0.2222222222222222,0.25,0.1,0.125,0.0,0.125,0.3333333333333333,0.0,0.5384615384615384,0.0,0.2222222222222222,0.36363636363636365,0.375,0.5,0.4166666666666667,0.4444444444444444,0.375,0.0,0.0,0.5,0.2,0.25,0.2222222222222222,0.5,0.36363636363636365,0.4166666666666667,0.2222222222222222,0.125,0.375,0.25,0.4444444444444444,0.125,0.125,0.125,0.1111111111111111,0.3333333333333333,0.4,0.6,0.125,0.375,0.375,0.4,0.0,0.2,0.0,0.25,0.125,0.125,0.1111111111111111,0.1,0.3333333333333333,0.375,0.3,0.4444444444444444,0.25,0.2,0.0,0.5,0.4444444444444444,0.4,0.1111111111111111,0.25,0.0,0.25,0.125,0.5555555555555556,0.125,0.0,0.125,0.25
1701,0.36363636363636365,0.3333333333333333,0.125,0.25,0.09090909090909091,0.5555555555555556,0.2727272727272727,0.16666666666666666,0.3333333333333333,0.45454545454545453,0.4444444444444444,0.4444444444444444,0.25,0.3,0.25,0.5,0.3,0.38461538461538464,0.25,0.125,0.5454545454545454,0.18181818181818182,0.2222222222222222,0.375,0.375,0.375,0.375,0.2727272727272727,0.375,0.4444444444444444,0.5,0.25,0.25,0.2,0.36363636363636365,0.3333333333333333,0.5,0.1111111111111111,0.25,1.0,0.25,0.3,0.42857142857142855,0.4,0.3,0.625,0.38461538461538464,0.625,0.25,0.375,0.3333333333333333,0.625,0.375,0.4,0.25,0.375,0.5,0.5,0.4444444444444444,0.375,0.25,0.23076923076923078,0.2857142857142857,0.25,0.5454545454545454,0.25,0.5,0.5,0.25,0.4166666666666667,0.25,0.5,0.375,0.25,0.375,0.25,0.25,0.125,0.375,0.25,0.375,0.375,0.25,0.375,0.25,0.375,0.375,0.6,0.125,0.25,0.125,0.25,0.25,0.25,0.125,0.25,0.375,0.25,0.125,0.125,0.5,0.125,0.125,0.625,0.125,0.375,0.375,0.125,0.5,0.375,0.375,0.25,0.125,0.375,0.25,0.0,0.25,0.5,0.25,0.25,0.25,0.125,0.3333333333333333,0.25,0.125,0.5,0.38461538461538464,0.25,0.3076923076923077,0.625,0.1111111111111111,0.375,0.375,0.4444444444444444,0.125,0.3076923076923077,0.23076923076923078,0.375,0.25,0.5,0.3333333333333333,0.25,0.125,0.1111111111111111,0.25,0.4,0.25,0.5555555555555556,0.125,0.2222222222222222,0.5,0.3076923076923077,0.25,0.5555555555555556,0.36363636363636365,0.375,0.4,0.3333333333333333,0.3333333333333333,0.25,0.375,0.125,0.0,0.4,0.375,0.4444444444444444,0.375,0.2727272727272727,0.4166666666666667,0.3333333333333333,0.25,0.25,0.25,0.3333333333333333,0.5,0.0,0.125,0.4444444444444444,0.4444444444444444,0.2,0.4,0.5,0.25,0.25,0.5,0.5,0.4,0.25,0.4166666666666667,0.5,0.5,0.3333333333333333,0.4,0.25,0.5,0.3,0.2222222222222222,0.125,0.5,0.375,0.5,0.5555555555555556,0.3,0.2222222222222222,0.375,0.375,0.25,0.0,0.3333333333333333,0.375,0.5,0.375,0.25
1702,0.36363636363636365,0.1111111111111111,0.14285714285714285,0.5714285714285714,0.5454545454545454,0.3333333333333333,0.45454545454545453,0.25,0.3333333333333333,0.36363636363636365,0.2222222222222222,0.3333333333333333,0.5714285714285714,0.4,0.625,0.2857142857142857,0.5,0.46153846153846156,0.5,0.2857142857142857,0.09090909090909091,0.36363636363636365,0.4444444444444444,0.375,0.2857142857142857,0.14285714285714285,0.2857142857142857,0.5454545454545454,0.14285714285714285,0.3333333333333333,0.42857142857142855,0.4166666666666667,0.14285714285714285,0.4,0.36363636363636365,0.3333333333333333,0.2,0.5555555555555556,0.375,0.25,1.0,0.6,0.35714285714285715,0.4,0.5,0.14285714285714285,0.3076923076923077,0.14285714285714285,0.5,0.14285714285714285,0.5555555555555556,0.375,0.2857142857142857,0.2,0.7142857142857143,0.625,0.7142857142857143,0.25,0.5555555555555556,0.5,0.14285714285714285,0.3076923076923077,0.2857142857142857,0.14285714285714285,0.45454545454545453,0.2857142857142857,0.25,0.5714285714285714,0.42857142857142855,0.25,0.42857142857142855,0.2857142857142857,0.42857142857142855,0.2857142857142857,0.42857142857142855,0.0,0.42857142857142855,0.2857142857142857,0.5714285714285714,0.42857142857142855,0.14285714285714285,0.14285714285714285,0.14285714285714285,0.2857142857142857,0.2857142857142857,0.42857142857142855,0.42857142857142855,0.4,0.42857142857142855,0.75,0.2857142857142857,0.14285714285714285,0.2857142857142857,0.2857142857142857,0.0,0.0,0.14285714285714285,0.2857142857142857,0.14285714285714285,0.0,0.375,0.0,0.0,0.2857142857142857,0.2857142857142857,0.0,0.14285714285714285,0.14285714285714285,0.42857142857142855,0.7142857142857143,0.14285714285714285,0.2857142857142857,0.375,0.14285714285714285,0.14285714285714285,0.2857142857142857,0.2857142857142857,0.2857142857142857,0.375,0.14285714285714285,0.25,0.14285714285714285,0.4444444444444444,0.42857142857142855,0.2857142857142857,0.2857142857142857,0.15384615384615385,0.625,0.38461538461538464,0.2857142857142857,0.4444444444444444,0.375,0.2857142857142857,0.3333333333333333,0.2857142857142857,0.46153846153846156,0.38461538461538464,0.2857142857142857,0.14285714285714285,0.14285714285714285,0.4,0.25,0.5,0.5555555555555556,0.42857142857142855,0.3,0.42857142857142855,0.2222222222222222,0.42857142857142855,0.3333333333333333,0.375,0.46153846153846156,0.14285714285714285,0.3333333333333333,0.45454545454545453,0.14285714285714285,0.3,0.4166666666666667,0.2222222222222222,0.0,0.2857142857142857,0.2857142857142857,0.42857142857142855,0.1,0.2857142857142857,0.3333333333333333,0.375,0.09090909090909091,0.16666666666666666,0.2222222222222222,0.0,0.14285714285714285,0.14285714285714285,0.4444444444444444,0.25,0.2857142857142857,0.42857142857142855,0.3333333333333333,0.3333333333333333,0.2,0.3,0.14285714285714285,0.2857142857142857,0.42857142857142855,0.4,0.375,0.2,0.0,0.3333333333333333,0.375,0.25,0.2222222222222222,0.2,0.25,0.125,0.3,0.1111111111111111,0.2857142857142857,0.3,0.14285714285714285,0.375,0.4444444444444444,0.2,0.4444444444444444,0.375,0.2857142857142857,0.14285714285714285,0.2857142857142857,0.4444444444444444,0.42857142857142855,0.2857142857142857,0.42857142857142855,0.14285714285714285
1709,0.45454545454545453,0.2,0.2,0.5,0.6363636363636364,0.5,0.7272727272727273,0.5833333333333334,0.5333333333333333,0.5454545454545454,0.5,0.4,0.6,0.7,0.7,0.1,0.8,0.5384615384615384,0.6666666666666666,0.3,0.36363636363636365,0.6363636363636364,0.6,0.6,0.3,0.4,0.4,0.7272727272727273,0.1,0.4,0.6,0.75,0.3,0.7,0.45454545454545453,0.4,0.4,0.6,0.5,0.3,0.6,1.0,0.5714285714285714,0.6,0.6,0.1,0.38461538461538464,0.3,0.4,0.3,0.6,0.4,0.3,0.6,0.5,0.6,0.6,0.4,0.7,0.5,0.4,0.5384615384615384,0.42857142857142855,0.3,0.6363636363636364,0.3,0.4,0.6,0.5,0.5,0.3,0.3,0.4,0.2,0.3,0.1,0.6,0.2,0.5,0.2,0.1,0.2,0.0,0.3,0.2,0.4,0.4,0.4,0.2,0.7,0.4,0.1,0.3,0.3,0.1,0.1,0.1,0.2,0.1,0.1,0.3,0.1,0.1,0.4,0.3,0.1,0.1,0.0,0.2,0.5,0.2,0.2,0.5,0.3,0.1,0.3,0.3,0.3,0.5,0.3,0.5,0.0,0.4,0.3,0.2,0.5,0.46153846153846156,0.4,0.6153846153846154,0.3,0.5,0.4,0.1,0.4,0.3,0.46153846153846156,0.5384615384615384,0.2,0.1,0.0,0.5333333333333333,0.4,0.4,0.5,0.3,0.4,0.3,0.2,0.2,0.3,0.2,0.6153846153846154,0.1,0.2,0.45454545454545453,0.3,0.4,0.3333333333333333,0.4,0.3,0.2,0.2,0.3,0.4,0.2,0.3,0.5,0.36363636363636365,0.3333333333333333,0.4,0.1,0.3,0.2,0.6,0.3,0.1,0.3,0.4,0.3,0.3,0.4,0.0,0.2,0.3,0.4,0.3,0.1,0.0,0.3333333333333333,0.3,0.2,0.3,0.2,0.3333333333333333,0.3,0.4,0.3,0.3,0.4,0.0,0.5,0.4,0.4,0.4,0.3,0.2,0.2,0.2,0.6,0.2,0.3,0.4,0.1
1811,0.5714285714285714,0.35714285714285715,0.07142857142857142,0.35714285714285715,0.5714285714285714,0.42857142857142855,0.6428571428571429,0.5714285714285714,0.6666666666666666,0.5714285714285714,0.42857142857142855,0.42857142857142855,0.35714285714285715,0.6428571428571429,0.42857142857142855,0.21428571428571427,0.5,0.6428571428571429,0.7142857142857143,0.21428571428571427,0.5,0.5714285714285714,0.42857142857142855,0.35714285714285715,0.2857142857142857,0.21428571428571427,0.2857142857142857,0.5714285714285714,0.21428571428571427,0.42857142857142855,0.35714285714285715,0.7142857142857143,0.2857142857142857,0.6428571428571429,0.5,0.5714285714285714,0.5714285714285714,0.5714285714285714,0.42857142857142855,0.42857142857142855,0.35714285714285715,0.5714285714285714,1.0,0.5,0.42857142857142855,0.21428571428571427,0.7142857142857143,0.2857142857142857,0.42857142857142855,0.35714285714285715,0.35714285714285715,0.42857142857142855,0.21428571428571427,0.5,0.21428571428571427,0.42857142857142855,0.42857142857142855,0.5,0.5,0.5714285714285714,0.35714285714285715,0.6428571428571429,0.6428571428571429,0.35714285714285715,0.5714285714285714,0.21428571428571427,0.2857142857142857,0.42857142857142855,0.42857142857142855,0.7857142857142857,0.35714285714285715,0.2857142857142857,0.2857142857142857,0.14285714285714285,0.35714285714285715,0.21428571428571427,0.42857142857142855,0.07142857142857142,0.35714285714285715,0.14285714285714285,0.14285714285714285,0.14285714285714285,0.14285714285714285,0.2857142857142857,0.14285714285714285,0.35714285714285715,0.35714285714285715,0.5,0.21428571428571427,0.42857142857142855,0.35714285714285715,0.21428571428571427,0.21428571428571427,0.21428571428571427,0.14285714285714285,0.21428571428571427,0.14285714285714285,0.21428571428571427,0.14285714285714285,0.14285714285714285,0.42857142857142855,0.14285714285714285,0.14285714285714285,0.35714285714285715,0.2857142857142857,0.2857142857142857,0.14285714285714285,0.07142857142857142,0.35714285714285715,0.35714285714285715,0.14285714285714285,0.2857142857142857,0.5,0.35714285714285715,0.07142857142857142,0.21428571428571427,0.2857142857142857,0.2857142857142857,0.5,0.35714285714285715,0.35714285714285715,0.07142857142857142,0.35714285714285715,0.2857142857142857,0.21428571428571427,0.42857142857142855,0.6428571428571429,0.42857142857142855,0.7142857142857143,0.35714285714285715,0.5,0.35714285714285715,0.21428571428571427,0.42857142857142855,0.2857142857142857,0.6428571428571429,0.6428571428571429,0.35714285714285715,0.2857142857142857,0.2857142857142857,0.7333333333333333,0.35714285714285715,0.2857142857142857,0.42857142857142855,0.2857142857142857,0.42857142857142855,0.2857142857142857,0.35714285714285715,0.21428571428571427,0.35714285714285715,0.21428571428571427,0.5714285714285714,0.07142857142857142,0.42857142857142855,0.5714285714285714,0.35714285714285715,0.42857142857142855,0.6428571428571429,0.42857142857142855,0.2857142857142857,0.14285714285714285,0.21428571428571427,0.2857142857142857,0.5,0.35714285714285715,0.5,0.42857142857142855,0.5,0.7142857142857143,0.5,0.2857142857142857,0.35714285714285715,0.2857142857142857,0.5,0.21428571428571427,0.14285714285714285,0.21428571428571427,0.21428571428571427,0.35714285714285715,0.5,0.5,0.2857142857142857,0.42857142857142855,0.42857142857142855,0.5,0.35714285714285715,0.42857142857142855,0.21428571428571427,0.5,0.2857142857142857,0.42857142857142855,0.35714285714285715,0.42857142857142855,0.42857142857142855,0.35714285714285715,0.5714285714285714,0.35714285714285715,0.07142857142857142,0.5,0.14285714285714285,0.35714285714285715,0.5,0.5714285714285714,0.42857142857142855,0.2857142857142857,0.2857142857142857,0.35714285714285715,0.21428571428571427,0.42857142857142855,0.2857142857142857,0.35714285714285715,0.2857142857142857,0.2857142857142857
1812,0.36363636363636365,0.4,0.1,0.3,0.45454545454545453,0.6,0.6363636363636364,0.4166666666666667,0.3333333333333333,0.5454545454545454,0.5,0.4,0.3,0.4,0.6,0.2,0.6,0.46153846153846156,0.4166666666666667,0.3,0.36363636363636365,0.36363636363636365,0.4,0.5,0.4,0.4,0.6,0.5454545454545454,0.2,0.6,0.5,0.5,0.3,0.5,0.2727272727272727,0.3,0.5,0.4,0.3,0.4,0.4,0.6,0.5,1.0,0.4,0.2,0.23076923076923078,0.3,0.4,0.3,0.6,0.3,0.3,0.7,0.4,0.5,0.4,0.6,0.7,0.5,0.3,0.5384615384615384,0.5,0.5,0.5454545454545454,0.3,0.5,0.3,0.4,0.4166666666666667,0.3,0.2,0.1,0.3,0.4,0.3,0.4,0.2,0.4,0.2,0.3,0.3,0.2,0.4,0.2,0.3,0.4,0.4,0.2,0.5,0.3,0.2,0.3,0.4,0.2,0.2,0.2,0.2,0.2,0.2,0.4,0.2,0.2,0.4,0.3,0.3,0.2,0.1,0.3,0.4,0.1,0.2,0.4,0.4,0.2,0.3,0.3,0.3,0.3,0.4,0.5,0.1,0.3,0.3,0.3,0.4,0.46153846153846156,0.2,0.5384615384615384,0.3,0.4,0.5,0.3,0.5,0.1,0.3076923076923077,0.5384615384615384,0.3,0.2,0.2,0.4,0.6,0.3,0.4,0.5,0.6,0.4,0.5,0.3,0.3,0.3,0.38461538461538464,0.2,0.3,0.6363636363636364,0.3,0.4,0.4166666666666667,0.4,0.3,0.3,0.3,0.1,0.6,0.2,0.4,0.3,0.45454545454545453,0.4166666666666667,0.3,0.2,0.4,0.4,0.3,0.4,0.1,0.4,0.5,0.2,0.5,0.2,0.2,0.4,0.3,0.4,0.4,0.5,0.2,0.3333333333333333,0.3,0.3,0.6,0.4,0.3333333333333333,0.3,0.5,0.4,0.3,0.3,0.1,0.3,0.2,0.4,0.5,0.4,0.4,0.3,0.4,0.5,0.6,0.5,0.5,0.4
1920,0.5454545454545454,0.4,0.2,0.3,0.5454545454545454,0.3,0.5454545454545454,0.6666666666666666,0.5333333333333333,0.5454545454545454,0.3,0.5,0.4,0.7,0.6,0.3,0.5,0.46153846153846156,0.5,0.5,0.45454545454545453,0.6363636363636364,0.7,0.4,0.3,0.1,0.3,0.6363636363636364,0.3,0.3,0.3,0.5,0.2,0.5,0.45454545454545453,0.6,0.3,0.4,0.5,0.3,0.5,0.6,0.42857142857142855,0.4,1.0,0.3,0.46153846153846156,0.3,0.4,0.2,0.5,0.3,0.5,0.4,0.4,0.5,0.4,0.3,0.4,0.5,0.2,0.6153846153846154,0.5714285714285714,0.3,0.45454545454545453,0.3,0.4,0.5,0.3,0.4166666666666667,0.3,0.4,0.5,0.1,0.1,0.0,0.4,0.1,0.5,0.2,0.1,0.1,0.0,0.2,0.2,0.3,0.3,0.5,0.1,0.6,0.3,0.0,0.2,0.1,0.1,0.0,0.2,0.2,0.1,0.0,0.3,0.0,0.1,0.3,0.2,0.1,0.2,0.0,0.3,0.5,0.3,0.2,0.4,0.1,0.1,0.1,0.4,0.4,0.5,0.3,0.4,0.1,0.3,0.3,0.0,0.3,0.38461538461538464,0.4,0.6153846153846154,0.3,0.4,0.4,0.2,0.4,0.4,0.6153846153846154,0.6923076923076923,0.3,0.4,0.1,0.5333333333333333,0.2,0.6,0.5,0.5,0.5,0.6,0.5,0.3,0.3,0.5,0.6923076923076923,0.2,0.4,0.6363636363636364,0.4,0.6,0.5,0.6,0.2,0.4,0.1,0.5,0.3,0.3,0.3,0.4,0.45454545454545453,0.4166666666666667,0.5,0.2,0.3,0.2,0.5,0.2,0.2,0.4,0.4,0.4,0.6,0.6,0.2,0.2,0.1,0.3,0.4,0.2,0.2,0.5,0.4,0.3,0.4,0.3,0.5,0.3,0.3,0.3,0.4,0.4,0.1,0.5,0.5,0.6,0.5,0.2,0.1,0.3,0.4,0.5,0.3,0.2,0.2,0.1
2011,0.18181818181818182,0.3333333333333333,0.16666666666666666,0.16666666666666666,0.0,0.2222222222222222,0.09090909090909091,0.16666666666666666,0.26666666666666666,0.2727272727272727,0.4444444444444444,0.1111111111111111,0.0,0.1,0.125,0.7142857142857143,0.1,0.23076923076923078,0.08333333333333333,0.16666666666666666,0.36363636363636365,0.09090909090909091,0.1111111111111111,0.125,0.3333333333333333,0.16666666666666666,0.14285714285714285,0.09090909090909091,0.3333333333333333,0.2222222222222222,0.14285714285714285,0.0,0.0,0.0,0.18181818181818182,0.2222222222222222,0.3,0.0,0.0,0.625,0.14285714285714285,0.1,0.21428571428571427,0.2,0.3,1.0,0.3076923076923077,0.7142857142857143,0.125,0.3333333333333333,0.1111111111111111,0.5,0.5714285714285714,0.3,0.14285714285714285,0.25,0.2857142857142857,0.25,0.2222222222222222,0.125,0.16666666666666666,0.23076923076923078,0.35714285714285715,0.0,0.36363636363636365,0.3333333333333333,0.375,0.2857142857142857,0.16666666666666666,0.16666666666666666,0.16666666666666666,0.5,0.5,0.3333333333333333,0.3333333333333333,0.16666666666666666,0.0,0.16666666666666666,0.2857142857142857,0.3333333333333333,0.3333333333333333,0.5,0.16666666666666666,0.6666666666666666,0.3333333333333333,0.5,0.42857142857142855,0.4,0.16666666666666666,0.125,0.16666666666666666,0.3333333333333333,0.3333333333333333,0.3333333333333333,0.16666666666666666,0.3333333333333333,0.6666666666666666,0.3333333333333333,0.16666666666666666,0.16666666666666666,0.5,0.16666666666666666,0.16666666666666666,0.5714285714285714,0.3333333333333333,0.3333333333333333,0.6666666666666666,0.16666666666666666,0.5714285714285714,0.14285714285714285,0.5,0.3333333333333333,0.0,0.16666666666666666,0.3333333333333333,0.0,0.16666666666666666,0.5,0.0,0.16666666666666666,0.125,0.16666666666666666,0.3333333333333333,0.16666666666666666,0.16666666666666666,0.14285714285714285,0.3076923076923077,0.125,0.07692307692307693,0.5,0.0,0.375,0.3333333333333333,0.3333333333333333,0.16666666666666666,0.3076923076923077,0.15384615384615385,0.5,0.42857142857142855,0.6666666666666666,0.13333333333333333,0.0,0.125,0.1111111111111111,0.2857142857142857,0.3,0.42857142857142855,0.6666666666666666,0.3333333333333333,0.3333333333333333,0.625,0.15384615384615385,0.5,0.5555555555555556,0.2727272727272727,0.2857142857142857,0.4,0.25,0.2222222222222222,0.2857142857142857,0.6666666666666666,0.3333333333333333,0.16666666666666666,0.3,0.5,0.3333333333333333,0.125,0.2727272727272727,0.3333333333333333,0.3333333333333333,0.5,0.14285714285714285,0.14285714285714285,0.2222222222222222,0.375,0.16666666666666666,0.2857142857142857,0.4444444444444444,0.5555555555555556,0.2,0.4,0.5714285714285714,0.2857142857142857,0.14285714285714285,0.3,0.5,0.4,0.5,0.3333333333333333,0.625,0.625,0.4444444444444444,0.4,0.25,0.5,0.3,0.1111111111111111,0.3333333333333333,0.4,0.6666666666666666,0.375,0.3333333333333333,0.2,0.3333333333333333,0.375,0.5,0.3333333333333333,0.14285714285714285,0.1111111111111111,0.2857142857142857,0.5714285714285714,0.3333333333333333,0.16666666666666666
2012,0.5384615384615384,0.38461538461538464,0.23076923076923078,0.23076923076923078,0.6153846153846154,0.38461538461538464,0.46153846153846156,0.6153846153846154,0.6666666666666666,0.46153846153846156,0.3076923076923077,0.46153846153846156,0.38461538461538464,0.5384615384615384,0.23076923076923078,0.38461538461538464,0.46153846153846156,0.6153846153846154,0.6153846153846154,0.3076923076923077,0.6153846153846154,0.6153846153846154,0.38461538461538464,0.3076923076923077,0.15384615384615385,0.07692307692307693,0.07692307692307693,0.46153846153846156,0.07692307692307693,0.38461538461538464,0.15384615384615385,0.5384615384615384,0.15384615384615385,0.5384615384615384,0.6153846153846154,0.6153846153846154,0.46153846153846156,0.46153846153846156,0.38461538461538464,0.38461538461538464,0.3076923076923077,0.38461538461538464,0.7142857142857143,0.23076923076923078,0.46153846153846156,0.3076923076923077,1.0,0.3076923076923077,0.46153846153846156,0.3076923076923077,0.38461538461538464,0.46153846153846156,0.3076923076923077,0.38461538461538464,0.23076923076923078,0.3076923076923077,0.3076923076923077,0.3076923076923077,0.38461538461538464,0.38461538461538464,0.3076923076923077,0.6923076923076923,0.6428571428571429,0.15384615384615385,0.46153846153846156,0.23076923076923078,0.38461538461538464,0.38461538461538464,0.23076923076923078,0.6153846153846154,0.23076923076923078,0.23076923076923078,0.38461538461538464,0.15384615384615385,0.23076923076923078,0.07692307692307693,0.23076923076923078,0.0,0.3076923076923077,0.23076923076923078,0.07692307692307693,0.15384615384615385,0.15384615384615385,0.15384615384615385,0.15384615384615385,0.3076923076923077,0.15384615384615385,0.46153846153846156,0.23076923076923078,0.3076923076923077,0.3076923076923077,0.15384615384615385,0.15384615384615385,0.07692307692307693,0.15384615384615385,0.15384615384615385,0.15384615384615385,0.23076923076923078,0.15384615384615385,0.07692307692307693,0.3076923076923077,0.07692307692307693,0.15384615384615385,0.3076923076923077,0.15384615384615385,0.15384615384615385,0.15384615384615385,0.15384615384615385,0.3076923076923077,0.23076923076923078,0.3076923076923077,0.23076923076923078,0.38461538461538464,0.23076923076923078,0.07692307692307693,0.07692307692307693,0.15384615384615385,0.15384615384615385,0.38461538461538464,0.3076923076923077,0.3076923076923077,0.23076923076923078,0.46153846153846156,0.23076923076923078,0.15384615384615385,0.23076923076923078,0.6923076923076923,0.46153846153846156,0.6153846153846154,0.3076923076923077,0.46153846153846156,0.3076923076923077,0.23076923076923078,0.38461538461538464,0.38461538461538464,0.6923076923076923,0.5384615384615384,0.3076923076923077,0.38461538461538464,0.46153846153846156,0.6666666666666666,0.3076923076923077,0.3076923076923077,0.46153846153846156,0.23076923076923078,0.38461538461538464,0.3076923076923077,0.46153846153846156,0.3076923076923077,0.5384615384615384,0.38461538461538464,0.6923076923076923,0.07692307692307693,0.5384615384615384,0.38461538461538464,0.38461538461538464,0.5384615384615384,0.6153846153846154,0.46153846153846156,0.3076923076923077,0.23076923076923078,0.15384615384615385,0.38461538461538464,0.5384615384615384,0.46153846153846156,0.46153846153846156,0.46153846153846156,0.6153846153846154,0.6923076923076923,0.46153846153846156,0.23076923076923078,0.3076923076923077,0.3076923076923077,0.5384615384615384,0.38461538461538464,0.23076923076923078,0.23076923076923078,0.38461538461538464,0.5384615384615384,0.46153846153846156,0.6153846153846154,0.38461538461538464,0.3076923076923077,0.3076923076923077,0.46153846153846156,0.46153846153846156,0.46153846153846156,0.23076923076923078,0.6153846153846154,0.46153846153846156,0.46153846153846156,0.38461538461538464,0.6153846153846154,0.6923076923076923,0.3076923076923077,0.46153846153846156,0.38461538461538464,0.15384615384615385,0.6923076923076923,0.3076923076923077,0.3076923076923077,0.46153846153846156,0.5384615384615384,0.38461538461538464,0.46153846153846156,0.23076923076923078,0.23076923076923078,0.3076923076923077,0.46153846153846156,0.3076923076923077,0.38461538461538464,0.07692307692307693,0.3076923076923077
2013,0.09090909090909091,0.2222222222222222,0.14285714285714285,0.2857142857142857,0.09090909090909091,0.3333333333333333,0.2727272727272727,0.3333333333333333,0.3333333333333333,0.36363636363636365,0.6666666666666666,0.2222222222222222,0.2857142857142857,0.2,0.125,0.5714285714285714,0.3,0.3076923076923077,0.16666666666666666,0.14285714285714285,0.45454545454545453,0.2727272727272727,0.2222222222222222,0.375,0.2857142857142857,0.42857142857142855,0.2857142857142857,0.18181818181818182,0.2857142857142857,0.2222222222222222,0.42857142857142855,0.16666666666666666,0.14285714285714285,0.1,0.18181818181818182,0.2222222222222222,0.2,0.0,0.125,0.625,0.14285714285714285,0.3,0.2857142857142857,0.3,0.3,0.7142857142857143,0.3076923076923077,1.0,0.25,0.42857142857142855,0.3333333333333333,0.625,0.7142857142857143,0.5,0.2857142857142857,0.25,0.42857142857142855,0.25,0.4444444444444444,0.125,0.2857142857142857,0.3076923076923077,0.2857142857142857,0.0,0.36363636363636365,0.2857142857142857,0.375,0.42857142857142855,0.14285714285714285,0.25,0.14285714285714285,0.42857142857142855,0.2857142857142857,0.2857142857142857,0.2857142857142857,0.14285714285714285,0.14285714285714285,0.14285714285714285,0.2857142857142857,0.2857142857142857,0.2857142857142857,0.5714285714285714,0.14285714285714285,0.5714285714285714,0.2857142857142857,0.42857142857142855,0.42857142857142855,0.3,0.14285714285714285,0.125,0.14285714285714285,0.2857142857142857,0.2857142857142857,0.2857142857142857,0.14285714285714285,0.2857142857142857,0.5714285714285714,0.2857142857142857,0.14285714285714285,0.14285714285714285,0.5,0.14285714285714285,0.14285714285714285,0.42857142857142855,0.2857142857142857,0.2857142857142857,0.5714285714285714,0.14285714285714285,0.5714285714285714,0.14285714285714285,0.2857142857142857,0.2857142857142857,0.0,0.2857142857142857,0.2857142857142857,0.0,0.14285714285714285,0.42857142857142855,0.0,0.14285714285714285,0.25,0.14285714285714285,0.2222222222222222,0.14285714285714285,0.14285714285714285,0.2857142857142857,0.38461538461538464,0.125,0.23076923076923078,0.5714285714285714,0.0,0.25,0.2857142857142857,0.3333333333333333,0.14285714285714285,0.23076923076923078,0.23076923076923078,0.42857142857142855,0.42857142857142855,0.42857142857142855,0.26666666666666666,0.25,0.125,0.2222222222222222,0.2857142857142857,0.4,0.42857142857142855,0.5555555555555556,0.2857142857142857,0.3333333333333333,0.5,0.3076923076923077,0.42857142857142855,0.4444444444444444,0.2727272727272727,0.14285714285714285,0.3,0.25,0.1111111111111111,0.2857142857142857,0.42857142857142855,0.2857142857142857,0.14285714285714285,0.4,0.2857142857142857,0.4444444444444444,0.125,0.2727272727272727,0.25,0.4444444444444444,0.42857142857142855,0.0,0.0,0.3333333333333333,0.5,0.14285714285714285,0.2857142857142857,0.5555555555555556,0.4444444444444444,0.2,0.3,0.42857142857142855,0.2857142857142857,0.14285714285714285,0.3,0.625,0.3,0.42857142857142855,0.3333333333333333,0.5,0.5,0.4444444444444444,0.4,0.3333333333333333,0.375,0.2,0.3333333333333333,0.42857142857142855,0.4,0.42857142857142855,0.625,0.4444444444444444,0.3,0.3333333333333333,0.375,0.42857142857142855,0.2857142857142857,0.14285714285714285,0.3333333333333333,0.2857142857142857,0.42857142857142855,0.2857142857142857,0.14285714285714285
2021,0.2727272727272727,0.2222222222222222,0.125,0.25,0.45454545454545453,0.3333333333333333,0.6363636363636364,0.5,0.4,0.45454545454545453,0.3333333333333333,0.3333333333333333,0.5,0.5,0.5,0.375,0.5,0.5384615384615384,0.5,0.25,0.2727272727272727,0.5454545454545454,0.4444444444444444,0.25,0.25,0.125,0.125,0.2727272727272727,0.125,0.5555555555555556,0.25,0.3333333333333333,0.375,0.5,0.18181818181818182,0.3333333333333333,0.1,0.4444444444444444,0.125,0.25,0.5,0.4,0.42857142857142855,0.4,0.4,0.125,0.46153846153846156,0.25,1.0,0.375,0.5555555555555556,0.5,0.125,0.5,0.375,0.25,0.375,0.125,0.4444444444444444,0.5,0.25,0.38461538461538464,0.35714285714285715,0.25,0.36363636363636365,0.125,0.375,0.25,0.25,0.4166666666666667,0.5,0.125,0.25,0.125,0.25,0.0,0.125,0.125,0.25,0.25,0.0,0.0,0.125,0.125,0.0,0.125,0.125,0.3,0.25,0.375,0.125,0.125,0.0,0.125,0.0,0.0,0.0,0.0,0.125,0.0,0.375,0.0,0.0,0.0,0.125,0.125,0.0,0.125,0.375,0.25,0.0,0.125,0.25,0.25,0.0,0.25,0.0,0.0,0.125,0.125,0.125,0.125,0.2222222222222222,0.125,0.25,0.125,0.38461538461538464,0.375,0.5384615384615384,0.25,0.4444444444444444,0.5,0.375,0.3333333333333333,0.375,0.46153846153846156,0.46153846153846156,0.25,0.5,0.375,0.4666666666666667,0.625,0.5,0.7777777777777778,0.375,0.6,0.5,0.4444444444444444,0.375,0.3333333333333333,0.5,0.46153846153846156,0.0,0.3333333333333333,0.45454545454545453,0.25,0.1,0.4166666666666667,0.3333333333333333,0.125,0.25,0.25,0.25,0.5,0.25,0.5555555555555556,0.5,0.36363636363636365,0.3333333333333333,0.4444444444444444,0.125,0.25,0.375,0.4444444444444444,0.5,0.25,0.5,0.4444444444444444,0.1111111111111111,0.5,0.1,0.375,0.25,0.25,0.3,0.625,0.4,0.25,0.5833333333333334,0.25,0.5,0.5555555555555556,0.5,0.5,0.0,0.3,0.4444444444444444,0.25,0.5,0.125,0.375,0.4444444444444444,0.6,0.5555555555555556,0.375,0.25,0.25,0.5,0.4444444444444444,0.5,0.25,0.125,0.25
2022,0.0,0.1111111111111111,0.0,0.0,0.09090909090909091,0.2222222222222222,0.36363636363636365,0.3333333333333333,0.26666666666666666,0.36363636363636365,0.4444444444444444,0.2222222222222222,0.2857142857142857,0.4,0.25,0.14285714285714285,0.3,0.23076923076923078,0.25,0.16666666666666666,0.2727272727272727,0.2727272727272727,0.1111111111111111,0.375,0.6,0.4,0.14285714285714285,0.09090909090909091,0.2,0.2222222222222222,0.2857142857142857,0.25,0.4,0.3,0.0,0.2222222222222222,0.2,0.1111111111111111,0.0,0.375,0.14285714285714285,0.3,0.35714285714285715,0.3,0.2,0.3333333333333333,0.3076923076923077,0.42857142857142855,0.375,1.0,0.2222222222222222,0.5,0.2857142857142857,0.4,0.0,0.25,0.2857142857142857,0.25,0.3333333333333333,0.375,0.5,0.3076923076923077,0.2857142857142857,0.16666666666666666,0.2727272727272727,0.4,0.5,0.2857142857142857,0.3333333333333333,0.25,0.2,0.2,0.16666666666666666,0.4,0.3333333333333333,0.4,0.14285714285714285,0.0,0.14285714285714285,0.0,0.2,0.2,0.2,0.3333333333333333,0.2,0.16666666666666666,0.14285714285714285,0.1,0.2,0.25,0.3333333333333333,0.2,0.4,0.4,0.4,0.4,0.2,0.2,0.2,0.4,0.375,0.4,0.4,0.2857142857142857,0.4,0.6,0.2,0.2,0.2857142857142857,0.0,0.0,0.16666666666666666,0.125,0.6,0.2,0.4,0.16666666666666666,0.0,0.125,0.5,0.25,0.2,0.1111111111111111,0.2,0.4,0.2857142857142857,0.38461538461538464,0.0,0.23076923076923078,0.5,0.1111111111111111,0.375,0.2,0.3333333333333333,0.3333333333333333,0.15384615384615385,0.15384615384615385,0.16666666666666666,0.14285714285714285,0.3333333333333333,0.2,0.375,0.0,0.2222222222222222,0.14285714285714285,0.4,0.2857142857142857,0.3333333333333333,0.16666666666666666,0.1111111111111111,0.25,0.23076923076923078,0.2,0.3333333333333333,0.18181818181818182,0.2857142857142857,0.2,0.16666666666666666,0.3333333333333333,0.14285714285714285,0.16666666666666666,0.4,0.16666666666666666,0.5,0.5,0.3333333333333333,0.125,0.2727272727272727,0.25,0.4444444444444444,0.6,0.14285714285714285,0.14285714285714285,0.1111111111111111,0.125,0.0,0.0,0.3333333333333333,0.1111111111111111,0.3,0.1,0.14285714285714285,0.14285714285714285,0.14285714285714285,0.2,0.5,0.1,0.4,0.25,0.25,0.25,0.3333333333333333,0.3,0.25,0.125,0.2,0.1111111111111111,0.0,0.3,0.2,0.25,0.2222222222222222,0.3,0.4444444444444444,0.125,0.2,0.3333333333333333,0.2857142857142857,0.2222222222222222,0.2857142857142857,0.42857142857142855,0.4,0.3333333333333333
2023,0.2727272727272727,0.3333333333333333,0.1111111111111111,0.3333333333333333,0.5454545454545454,0.6666666666666666,0.6363636363636364,0.5,0.4666666666666667,0.45454545454545453,0.3333333333333333,0.5555555555555556,0.5555555555555556,0.5,0.4444444444444444,0.3333333333333333,0.7,0.5384615384615384,0.5,0.3333333333333333,0.36363636363636365,0.45454545454545453,0.4444444444444444,0.5555555555555556,0.2222222222222222,0.3333333333333333,0.4444444444444444,0.45454545454545453,0.1111111111111111,0.5555555555555556,0.4444444444444444,0.4166666666666667,0.2222222222222222,0.4,0.36363636363636365,0.4444444444444444,0.1,0.4444444444444444,0.3333333333333333,0.3333333333333333,0.5555555555555556,0.6,0.35714285714285715,0.6,0.5,0.1111111111111111,0.38461538461538464,0.3333333333333333,0.5555555555555556,0.2222222222222222,1.0,0.3333333333333333,0.3333333333333333,0.5,0.4444444444444444,0.3333333333333333,0.4444444444444444,0.3333333333333333,0.7777777777777778,0.4444444444444444,0.1111111111111111,0.46153846153846156,0.35714285714285715,0.3333333333333333,0.45454545454545453,0.1111111111111111,0.4444444444444444,0.4444444444444444,0.1111111111111111,0.25,0.2222222222222222,0.2222222222222222,0.2222222222222222,0.2222222222222222,0.2222222222222222,0.0,0.3333333333333333,0.1111111111111111,0.2222222222222222,0.2222222222222222,0.1111111111111111,0.2222222222222222,0.1111111111111111,0.1111111111111111,0.2222222222222222,0.2222222222222222,0.2222222222222222,0.2,0.2222222222222222,0.4444444444444444,0.1111111111111111,0.0,0.2222222222222222,0.1111111111111111,0.0,0.0,0.1111111111111111,0.2222222222222222,0.0,0.0,0.2222222222222222,0.0,0.0,0.2222222222222222,0.1111111111111111,0.0,0.1111111111111111,0.1111111111111111,0.2222222222222222,0.3333333333333333,0.1111111111111111,0.2222222222222222,0.3333333333333333,0.3333333333333333,0.1111111111111111,0.1111111111111111,0.2222222222222222,0.2222222222222222,0.2222222222222222,0.1111111111111111,0.3333333333333333,0.1111111111111111,0.3333333333333333,0.2222222222222222,0.1111111111111111,0.3333333333333333,0.3076923076923077,0.3333333333333333,0.5384615384615384,0.3333333333333333,0.3333333333333333,0.3333333333333333,0.3333333333333333,0.2222222222222222,0.1111111111111111,0.38461538461538464,0.46153846153846156,0.2222222222222222,0.3333333333333333,0.2222222222222222,0.4666666666666667,0.6666666666666666,0.3333333333333333,0.6666666666666666,0.5555555555555556,0.6,0.5555555555555556,0.4444444444444444,0.4444444444444444,0.5555555555555556,0.4444444444444444,0.6153846153846154,0.1111111111111111,0.3333333333333333,0.5454545454545454,0.2222222222222222,0.3,0.4166666666666667,0.3333333333333333,0.2222222222222222,0.3333333333333333,0.1111111111111111,0.2222222222222222,0.5,0.2222222222222222,0.4444444444444444,0.3333333333333333,0.36363636363636365,0.25,0.4444444444444444,0.0,0.3333333333333333,0.3333333333333333,0.4444444444444444,0.6666666666666666,0.3333333333333333,0.4444444444444444,0.6666666666666666,0.3333333333333333,0.3,0.2,0.2222222222222222,0.2222222222222222,0.2222222222222222,0.4,0.5555555555555556,0.3,0.1111111111111111,0.3333333333333333,0.3333333333333333,0.1111111111111111,0.4444444444444444,0.5,0.5833333333333334,0.1111111111111111,0.3,0.5555555555555556,0.4444444444444444,0.5,0.1111111111111111,0.4444444444444444,0.4444444444444444,0.4,0.4444444444444444,0.5555555555555556,0.2222222222222222,0.2222222222222222,0.4444444444444444,0.6666666666666666,0.5555555555555556,0.3333333333333333,0.2222222222222222,0.2222222222222222
2029,0.18181818181818182,0.2222222222222222,0.125,0.25,0.18181818181818182,0.2222222222222222,0.36363636363636365,0.3333333333333333,0.4,0.45454545454545453,0.5555555555555556,0.3333333333333333,0.375,0.4,0.375,0.5,0.5,0.3076923076923077,0.4166666666666667,0.125,0.36363636363636365,0.2727272727272727,0.2222222222222222,0.375,0.375,0.375,0.25,0.18181818181818182,0.125,0.2222222222222222,0.5,0.25,0.375,0.3,0.2727272727272727,0.2222222222222222,0.3,0.3333333333333333,0.125,0.625,0.375,0.4,0.42857142857142855,0.3,0.3,0.5,0.46153846153846156,0.625,0.5,0.5,0.3333333333333333,1.0,0.375,0.5,0.375,0.5,0.5,0.375,0.3333333333333333,0.375,0.375,0.38461538461538464,0.2857142857142857,0.125,0.5454545454545454,0.5,0.5,0.5,0.375,0.4166666666666667,0.25,0.375,0.375,0.5,0.5,0.25,0.25,0.125,0.375,0.375,0.25,0.375,0.25,0.5,0.25,0.375,0.375,0.4,0.25,0.375,0.25,0.25,0.375,0.375,0.25,0.375,0.375,0.25,0.125,0.25,0.625,0.25,0.25,0.5,0.25,0.375,0.375,0.25,0.5,0.25,0.25,0.375,0.125,0.375,0.25,0.125,0.125,0.25,0.25,0.25,0.25,0.25,0.4444444444444444,0.125,0.375,0.375,0.38461538461538464,0.375,0.23076923076923078,0.5,0.3333333333333333,0.375,0.375,0.5555555555555556,0.5,0.3076923076923077,0.15384615384615385,0.375,0.375,0.5,0.3333333333333333,0.375,0.25,0.3333333333333333,0.125,0.5,0.25,0.4444444444444444,0.25,0.2222222222222222,0.5,0.38461538461538464,0.25,0.4444444444444444,0.18181818181818182,0.25,0.2,0.25,0.2222222222222222,0.25,0.25,0.375,0.125,0.4,0.25,0.4444444444444444,0.25,0.2727272727272727,0.4166666666666667,0.4444444444444444,0.375,0.125,0.25,0.4444444444444444,0.5,0.125,0.25,0.4444444444444444,0.4444444444444444,0.3,0.3,0.375,0.125,0.375,0.3,0.625,0.3,0.25,0.4166666666666667,0.5,0.5,0.2222222222222222,0.4,0.25,0.375,0.2,0.2222222222222222,0.25,0.5,0.375,0.5,0.5555555555555556,0.3,0.4444444444444444,0.375,0.375,0.25,0.25,0.3333333333333333,0.375,0.5,0.375,0.375
2030,0.18181818181818182,0.3333333333333333,0.2857142857142857,0.2857142857142857,0.2727272727272727,0.2222222222222222,0.2727272727272727,0.4166666666666667,0.26666666666666666,0.2727272727272727,0.5555555555555556,0.3333333333333333,0.14285714285714285,0.2,0.125,0.42857142857142855,0.2,0.3076923076923077,0.08333333333333333,0.2857142857142857,0.36363636363636365,0.36363636363636365,0.4444444444444444,0.5,0.2857142857142857,0.2857142857142857,0.2857142857142857,0.36363636363636365,0.2857142857142857,0.1111111111111111,0.2857142857142857,0.25,0.0,0.2,0.2727272727272727,0.3333333333333333,0.2,0.1111111111111111,0.375,0.375,0.2857142857142857,0.3,0.21428571428571427,0.3,0.5,0.5714285714285714,0.3076923076923077,0.7142857142857143,0.125,0.2857142857142857,0.3333333333333333,0.375,1.0,0.4,0.42857142857142855,0.5,0.42857142857142855,0.25,0.4444444444444444,0.25,0.2857142857142857,0.46153846153846156,0.42857142857142855,0.0,0.2727272727272727,0.42857142857142855,0.375,0.42857142857142855,0.14285714285714285,0.16666666666666666,0.14285714285714285,0.2857142857142857,0.42857142857142855,0.2857142857142857,0.14285714285714285,0.14285714285714285,0.2857142857142857,0.14285714285714285,0.42857142857142855,0.2857142857142857,0.2857142857142857,0.42857142857142855,0.14285714285714285,0.42857142857142855,0.42857142857142855,0.42857142857142855,0.2857142857142857,0.3,0.2857142857142857,0.375,0.42857142857142855,0.14285714285714285,0.42857142857142855,0.2857142857142857,0.2857142857142857,0.14285714285714285,0.42857142857142855,0.42857142857142855,0.2857142857142857,0.14285714285714285,0.375,0.14285714285714285,0.2857142857142857,0.2857142857142857,0.42857142857142855,0.2857142857142857,0.42857142857142855,0.14285714285714285,0.42857142857142855,0.42857142857142855,0.2857142857142857,0.14285714285714285,0.25,0.14285714285714285,0.2857142857142857,0.0,0.42857142857142855,0.2857142857142857,0.25,0.2857142857142857,0.375,0.2857142857142857,0.3333333333333333,0.42857142857142855,0.14285714285714285,0.14285714285714285,0.3076923076923077,0.25,0.3076923076923077,0.42857142857142855,0.1111111111111111,0.25,0.2857142857142857,0.4444444444444444,0.2857142857142857,0.23076923076923078,0.38461538461538464,0.2857142857142857,0.2857142857142857,0.2857142857142857,0.26666666666666666,0.125,0.25,0.2222222222222222,0.42857142857142855,0.3,0.5714285714285714,0.4444444444444444,0.2857142857142857,0.3333333333333333,0.375,0.38461538461538464,0.42857142857142855,0.3333333333333333,0.36363636363636365,0.2857142857142857,0.5,0.3333333333333333,0.2222222222222222,0.14285714285714285,0.2857142857142857,0.2857142857142857,0.42857142857142855,0.3,0.42857142857142855,0.3333333333333333,0.125,0.2727272727272727,0.25,0.3333333333333333,0.42857142857142855,0.14285714285714285,0.0,0.3333333333333333,0.25,0.2857142857142857,0.2857142857142857,0.4444444444444444,0.4444444444444444,0.3,0.4,0.2857142857142857,0.42857142857142855,0.14285714285714285,0.3,0.5,0.2,0.42857142857142855,0.25,0.375,0.375,0.4444444444444444,0.2,0.4166666666666667,0.25,0.2,0.2222222222222222,0.42857142857142855,0.2,0.2857142857142857,0.5,0.3333333333333333,0.2,0.4444444444444444,0.25,0.2857142857142857,0.2857142857142857,0.2857142857142857,0.4444444444444444,0.2857142857142857,0.2857142857142857,0.2857142857142857,0.2857142857142857
2100,0.2727272727272727,0.3,0.1,0.2,0.36363636363636365,0.4,0.6363636363636364,0.5833333333333334,0.4,0.5454545454545454,0.7,0.4,0.3,0.5,0.5,0.3,0.6,0.38461538461538464,0.4166666666666667,0.3,0.5454545454545454,0.5454545454545454,0.5,0.4,0.3,0.4,0.4,0.36363636363636365,0.1,0.5,0.4,0.4166666666666667,0.3,0.5,0.18181818181818182,0.3,0.4,0.4,0.2,0.4,0.2,0.6,0.5,0.7,0.4,0.3,0.38461538461538464,0.5,0.5,0.4,0.5,0.5,0.4,1.0,0.3,0.4,0.4,0.5,0.6,0.3,0.5,0.6153846153846154,0.5714285714285714,0.4,0.5454545454545454,0.3,0.5,0.4,0.4,0.5,0.3,0.3,0.3,0.3,0.3,0.2,0.3,0.2,0.4,0.2,0.2,0.3,0.1,0.4,0.2,0.4,0.3,0.3,0.2,0.3,0.4,0.2,0.3,0.4,0.2,0.2,0.2,0.2,0.2,0.2,0.4,0.2,0.2,0.4,0.3,0.3,0.2,0.1,0.3,0.2,0.2,0.1,0.4,0.4,0.2,0.2,0.1,0.2,0.2,0.3,0.4,0.1,0.3,0.2,0.3,0.4,0.6153846153846154,0.1,0.5384615384615384,0.4,0.4,0.5,0.3,0.6,0.3,0.3076923076923077,0.46153846153846156,0.2,0.4,0.3,0.4,0.5,0.3,0.4,0.3,0.6,0.4,0.5,0.2,0.2,0.3,0.46153846153846156,0.2,0.2,0.45454545454545453,0.4,0.3,0.25,0.4,0.4,0.2,0.3,0.0,0.7,0.2,0.5,0.4,0.5454545454545454,0.5,0.4,0.3,0.4,0.4,0.5,0.5,0.1,0.5,0.5,0.3,0.4,0.2,0.2,0.3,0.2,0.3,0.5,0.4,0.3,0.3333333333333333,0.3,0.4,0.6,0.4,0.4166666666666667,0.3,0.3,0.5,0.4,0.5,0.1,0.4,0.2,0.5,0.5,0.3,0.4,0.3,0.3,0.4,0.4,0.4,0.4,0.3
2211,0.36363636363636365,0.1111111111111111,0.42857142857142855,0.5714285714285714,0.5454545454545454,0.3333333333333333,0.36363636363636365,0.25,0.26666666666666666,0.36363636363636365,0.3333333333333333,0.3333333333333333,0.5714285714285714,0.2,0.5,0.2857142857142857,0.5,0.38461538461538464,0.3333333333333333,0.2857142857142857,0.2727272727272727,0.36363636363636365,0.5555555555555556,0.375,0.14285714285714285,0.2857142857142857,0.42857142857142855,0.5454545454545454,0.14285714285714285,0.2222222222222222,0.5714285714285714,0.4166666666666667,0.14285714285714285,0.3,0.45454545454545453,0.2222222222222222,0.3,0.4444444444444444,0.5,0.25,0.7142857142857143,0.5,0.21428571428571427,0.4,0.4,0.14285714285714285,0.23076923076923078,0.2857142857142857,0.375,0.0,0.4444444444444444,0.375,0.42857142857142855,0.3,1.0,0.625,0.5714285714285714,0.25,0.4444444444444444,0.25,0.2857142857142857,0.3076923076923077,0.21428571428571427,0.14285714285714285,0.36363636363636365,0.42857142857142855,0.25,0.42857142857142855,0.42857142857142855,0.3333333333333333,0.42857142857142855,0.2857142857142857,0.2857142857142857,0.2857142857142857,0.42857142857142855,0.0,0.42857142857142855,0.2857142857142857,0.7142857142857143,0.5714285714285714,0.14285714285714285,0.2857142857142857,0.14285714285714285,0.2857142857142857,0.14285714285714285,0.2857142857142857,0.42857142857142855,0.5,0.2857142857142857,0.625,0.2857142857142857,0.14285714285714285,0.14285714285714285,0.2857142857142857,0.14285714285714285,0.0,0.14285714285714285,0.14285714285714285,0.2857142857142857,0.0,0.375,0.0,0.14285714285714285,0.2857142857142857,0.14285714285714285,0.0,0.14285714285714285,0.14285714285714285,0.42857142857142855,0.7142857142857143,0.2857142857142857,0.2857142857142857,0.375,0.14285714285714285,0.14285714285714285,0.14285714285714285,0.2857142857142857,0.2857142857142857,0.375,0.14285714285714285,0.375,0.2857142857142857,0.4444444444444444,0.42857142857142855,0.2857142857142857,0.2857142857142857,0.23076923076923078,0.625,0.38461538461538464,0.2857142857142857,0.5555555555555556,0.25,0.2857142857142857,0.4444444444444444,0.42857142857142855,0.3076923076923077,0.38461538461538464,0.2857142857142857,0.14285714285714285,0.14285714285714285,0.4,0.25,0.625,0.3333333333333333,0.14285714285714285,0.2,0.14285714285714285,0.1111111111111111,0.2857142857142857,0.2222222222222222,0.25,0.46153846153846156,0.14285714285714285,0.2222222222222222,0.2727272727272727,0.2857142857142857,0.2,0.3333333333333333,0.2222222222222222,0.14285714285714285,0.14285714285714285,0.2857142857142857,0.2857142857142857,0.1,0.0,0.3333333333333333,0.5,0.18181818181818182,0.08333333333333333,0.0,0.0,0.0,0.14285714285714285,0.4444444444444444,0.375,0.14285714285714285,0.42857142857142855,0.3333333333333333,0.2222222222222222,0.2,0.3,0.14285714285714285,0.14285714285714285,0.2857142857142857,0.3,0.25,0.2,0.0,0.3333333333333333,0.25,0.25,0.2222222222222222,0.1,0.25,0.125,0.1,0.2222222222222222,0.42857142857142855,0.2,0.14285714285714285,0.5,0.3333333333333333,0.1,0.2222222222222222,0.375,0.2857142857142857,0.14285714285714285,0.2857142857142857,0.4444444444444444,0.2857142857142857,0.14285714285714285,0.42857142857142855,0.2857142857142857
2219,0.45454545454545453,0.3333333333333333,0.25,0.5,0.45454545454545453,0.2222222222222222,0.45454545454545453,0.3333333333333333,0.26666666666666666,0.45454545454545453,0.4444444444444444,0.4444444444444444,0.25,0.4,0.625,0.125,0.4,0.3076923076923077,0.4166666666666667,0.25,0.2727272727272727,0.36363636363636365,0.5555555555555556,0.5,0.25,0.25,0.375,0.5454545454545454,0.125,0.2222222222222222,0.5,0.5,0.25,0.5,0.36363636363636365,0.3333333333333333,0.5,0.5555555555555556,0.5,0.375,0.625,0.6,0.42857142857142855,0.5,0.5,0.25,0.3076923076923077,0.25,0.25,0.25,0.3333333333333333,0.5,0.5,0.4,0.625,1.0,0.75,0.5,0.5555555555555556,0.5,0.5,0.46153846153846156,0.42857142857142855,0.25,0.6363636363636364,0.625,0.5,0.625,0.625,0.4166666666666667,0.375,0.25,0.375,0.375,0.5,0.25,0.5,0.25,0.75,0.375,0.25,0.25,0.125,0.5,0.375,0.5,0.5,0.5,0.375,0.875,0.625,0.25,0.5,0.5,0.375,0.25,0.25,0.375,0.375,0.25,0.5,0.25,0.375,0.5,0.5,0.25,0.25,0.125,0.375,0.75,0.25,0.25,0.625,0.375,0.25,0.25,0.5,0.25,0.625,0.375,0.375,0.25,0.5555555555555556,0.625,0.375,0.375,0.3076923076923077,0.625,0.38461538461538464,0.375,0.5555555555555556,0.375,0.125,0.5555555555555556,0.375,0.3076923076923077,0.38461538461538464,0.375,0.0,0.125,0.3333333333333333,0.125,0.5,0.3333333333333333,0.25,0.2,0.25,0.2222222222222222,0.125,0.1111111111111111,0.125,0.38461538461538464,0.25,0.2222222222222222,0.36363636363636365,0.375,0.4,0.3333333333333333,0.3333333333333333,0.125,0.125,0.375,0.375,0.2,0.25,0.3333333333333333,0.5,0.18181818181818182,0.3333333333333333,0.2222222222222222,0.25,0.25,0.125,0.5555555555555556,0.125,0.125,0.25,0.2222222222222222,0.3333333333333333,0.3,0.5,0.0,0.375,0.375,0.4,0.25,0.2,0.125,0.25,0.25,0.375,0.2222222222222222,0.1,0.16666666666666666,0.25,0.3,0.0,0.125,0.1,0.125,0.375,0.3333333333333333,0.1,0.4444444444444444,0.125,0.375,0.25,0.25,0.4444444444444444,0.25,0.375,0.625,0.375
2220,0.36363636363636365,0.1111111111111111,0.14285714285714285,0.5714285714285714,0.36363636363636365,0.3333333333333333,0.45454545454545453,0.25,0.26666666666666666,0.36363636363636365,0.4444444444444444,0.4444444444444444,0.42857142857142855,0.4,0.5,0.14285714285714285,0.4,0.38461538461538464,0.4166666666666667,0.14285714285714285,0.2727272727272727,0.36363636363636365,0.4444444444444444,0.375,0.14285714285714285,0.2857142857142857,0.2857142857142857,0.45454545454545453,0.14285714285714285,0.3333333333333333,0.5714285714285714,0.4166666666666667,0.2857142857142857,0.4,0.2727272727272727,0.2222222222222222,0.3,0.4444444444444444,0.375,0.5,0.7142857142857143,0.6,0.42857142857142855,0.4,0.4,0.2857142857142857,0.3076923076923077,0.42857142857142855,0.375,0.2857142857142857,0.4444444444444444,0.5,0.42857142857142855,0.4,0.5714285714285714,0.75,1.0,0.375,0.6666666666666666,0.375,0.42857142857142855,0.3076923076923077,0.2857142857142857,0.14285714285714285,0.6363636363636364,0.42857142857142855,0.375,0.8571428571428571,0.5714285714285714,0.3333333333333333,0.42857142857142855,0.2857142857142857,0.42857142857142855,0.2857142857142857,0.42857142857142855,0.14285714285714285,0.42857142857142855,0.2857142857142857,0.7142857142857143,0.2857142857142857,0.2857142857142857,0.2857142857142857,0.14285714285714285,0.42857142857142855,0.42857142857142855,0.5714285714285714,0.42857142857142855,0.4,0.42857142857142855,0.625,0.42857142857142855,0.2857142857142857,0.42857142857142855,0.42857142857142855,0.14285714285714285,0.14285714285714285,0.2857142857142857,0.42857142857142855,0.2857142857142857,0.14285714285714285,0.375,0.14285714285714285,0.14285714285714285,0.42857142857142855,0.42857142857142855,0.14285714285714285,0.2857142857142857,0.14285714285714285,0.42857142857142855,0.7142857142857143,0.14285714285714285,0.14285714285714285,0.375,0.42857142857142855,0.2857142857142857,0.14285714285714285,0.2857142857142857,0.2857142857142857,0.375,0.14285714285714285,0.125,0.14285714285714285,0.3333333333333333,0.5714285714285714,0.2857142857142857,0.42857142857142855,0.23076923076923078,0.5,0.38461538461538464,0.5714285714285714,0.3333333333333333,0.25,0.14285714285714285,0.3333333333333333,0.14285714285714285,0.3076923076923077,0.3076923076923077,0.42857142857142855,0.0,0.14285714285714285,0.3333333333333333,0.125,0.375,0.4444444444444444,0.2857142857142857,0.2,0.2857142857142857,0.2222222222222222,0.14285714285714285,0.1111111111111111,0.125,0.38461538461538464,0.2857142857142857,0.2222222222222222,0.36363636363636365,0.14285714285714285,0.3,0.25,0.1111111111111111,0.0,0.14285714285714285,0.2857142857142857,0.2857142857142857,0.2,0.2857142857142857,0.4444444444444444,0.5,0.0,0.25,0.2222222222222222,0.14285714285714285,0.14285714285714285,0.0,0.5555555555555556,0.25,0.14285714285714285,0.2857142857142857,0.3333333333333333,0.3333333333333333,0.1,0.4,0.0,0.42857142857142855,0.2857142857142857,0.5,0.375,0.2,0.14285714285714285,0.25,0.25,0.375,0.2222222222222222,0.2,0.16666666666666666,0.125,0.2,0.1111111111111111,0.14285714285714285,0.2,0.14285714285714285,0.5,0.4444444444444444,0.2,0.3333333333333333,0.125,0.42857142857142855,0.14285714285714285,0.0,0.4444444444444444,0.2857142857142857,0.2857142857142857,0.5714285714285714,0.14285714285714285
2310,0.36363636363636365,0.3333333333333333,0.0,0.125,0.36363636363636365,0.5555555555555556,0.2727272727272727,0.25,0.26666666666666666,0.36363636363636365,0.4444444444444444,0.4444444444444444,0.25,0.4,0.5,0.25,0.5,0.23076923076923078,0.3333333333333333,0.375,0.36363636363636365,0.18181818181818182,0.2222222222222222,0.375,0.375,0.375,0.625,0.45454545454545453,0.25,0.4444444444444444,0.5,0.4166666666666667,0.25,0.4,0.36363636363636365,0.4444444444444444,0.6,0.5555555555555556,0.5,0.5,0.25,0.4,0.5,0.6,0.3,0.25,0.3076923076923077,0.25,0.125,0.25,0.3333333333333333,0.375,0.25,0.5,0.25,0.5,0.375,1.0,0.4444444444444444,0.5,0.375,0.46153846153846156,0.42857142857142855,0.625,0.36363636363636365,0.375,0.375,0.5,0.5,0.5,0.25,0.375,0.25,0.375,0.375,0.375,0.5,0.125,0.5,0.125,0.375,0.25,0.25,0.375,0.25,0.375,0.5,0.4,0.125,0.375,0.375,0.125,0.375,0.375,0.25,0.25,0.25,0.375,0.125,0.25,0.375,0.25,0.25,0.625,0.25,0.375,0.25,0.125,0.25,0.375,0.25,0.375,0.625,0.5,0.25,0.125,0.375,0.5,0.625,0.5,0.625,0.125,0.3333333333333333,0.25,0.25,0.75,0.3076923076923077,0.25,0.3076923076923077,0.5,0.5555555555555556,0.375,0.375,0.5555555555555556,0.25,0.23076923076923078,0.3076923076923077,0.375,0.25,0.25,0.26666666666666666,0.375,0.25,0.1111111111111111,0.375,0.4,0.25,0.3333333333333333,0.375,0.2222222222222222,0.125,0.3076923076923077,0.25,0.3333333333333333,0.45454545454545453,0.5,0.5,0.3333333333333333,0.4444444444444444,0.375,0.125,0.25,0.125,0.4,0.25,0.4444444444444444,0.375,0.36363636363636365,0.5,0.2222222222222222,0.375,0.5,0.5,0.3333333333333333,0.25,0.125,0.375,0.2222222222222222,0.4444444444444444,0.4,0.4,0.25,0.5,0.375,0.4,0.375,0.4,0.25,0.08333333333333333,0.375,0.25,0.2222222222222222,0.3,0.16666666666666666,0.625,0.4,0.4444444444444444,0.25,0.4,0.125,0.375,0.2222222222222222,0.4,0.2222222222222222,0.375,0.375,0.5,0.25,0.3333333333333333,0.5,0.5,0.5,0.5
2391,0.2727272727272727,0.2222222222222222,0.1111111111111111,0.4444444444444444,0.5454545454545454,0.6666666666666666,0.6363636363636364,0.4166666666666667,0.3333333333333333,0.45454545454545453,0.5555555555555556,0.4444444444444444,0.4444444444444444,0.4,0.4444444444444444,0.2222222222222222,0.6,0.5384615384615384,0.4166666666666667,0.2222222222222222,0.36363636363636365,0.45454545454545453,0.4444444444444444,0.5555555555555556,0.2222222222222222,0.3333333333333333,0.3333333333333333,0.5454545454545454,0.1111111111111111,0.5555555555555556,0.4444444444444444,0.5,0.1111111111111111,0.5,0.2727272727272727,0.4444444444444444,0.3,0.4444444444444444,0.3333333333333333,0.4444444444444444,0.5555555555555556,0.7,0.5,0.7,0.4,0.2222222222222222,0.38461538461538464,0.4444444444444444,0.4444444444444444,0.3333333333333333,0.7777777777777778,0.3333333333333333,0.4444444444444444,0.6,0.4444444444444444,0.5555555555555556,0.6666666666666666,0.4444444444444444,1.0,0.4444444444444444,0.3333333333333333,0.46153846153846156,0.42857142857142855,0.2222222222222222,0.5454545454545454,0.2222222222222222,0.4444444444444444,0.5555555555555556,0.3333333333333333,0.3333333333333333,0.3333333333333333,0.2222222222222222,0.2222222222222222,0.2222222222222222,0.3333333333333333,0.1111111111111111,0.3333333333333333,0.2222222222222222,0.4444444444444444,0.2222222222222222,0.2222222222222222,0.3333333333333333,0.1111111111111111,0.3333333333333333,0.3333333333333333,0.4444444444444444,0.3333333333333333,0.3,0.3333333333333333,0.5555555555555556,0.3333333333333333,0.2222222222222222,0.3333333333333333,0.3333333333333333,0.1111111111111111,0.1111111111111111,0.2222222222222222,0.3333333333333333,0.2222222222222222,0.1111111111111111,0.3333333333333333,0.1111111111111111,0.1111111111111111,0.3333333333333333,0.3333333333333333,0.1111111111111111,0.2222222222222222,0.1111111111111111,0.3333333333333333,0.4444444444444444,0.1111111111111111,0.1111111111111111,0.4444444444444444,0.4444444444444444,0.2222222222222222,0.2222222222222222,0.2222222222222222,0.2222222222222222,0.2222222222222222,0.2222222222222222,0.3333333333333333,0.1111111111111111,0.3333333333333333,0.4444444444444444,0.2222222222222222,0.3333333333333333,0.38461538461538464,0.3333333333333333,0.5384615384615384,0.4444444444444444,0.3333333333333333,0.3333333333333333,0.2222222222222222,0.3333333333333333,0.0,0.3076923076923077,0.46153846153846156,0.3333333333333333,0.1111111111111111,0.2222222222222222,0.4,0.4444444444444444,0.2222222222222222,0.5555555555555556,0.4444444444444444,0.4,0.4444444444444444,0.4444444444444444,0.3333333333333333,0.4444444444444444,0.2222222222222222,0.46153846153846156,0.2222222222222222,0.3333333333333333,0.5454545454545454,0.2222222222222222,0.4,0.4166666666666667,0.2222222222222222,0.1111111111111111,0.2222222222222222,0.2222222222222222,0.2222222222222222,0.5,0.3333333333333333,0.5555555555555556,0.4444444444444444,0.2727272727272727,0.25,0.3333333333333333,0.1111111111111111,0.2222222222222222,0.1111111111111111,0.5555555555555556,0.4444444444444444,0.2222222222222222,0.3333333333333333,0.5555555555555556,0.3333333333333333,0.2,0.3,0.1111111111111111,0.4444444444444444,0.2222222222222222,0.5,0.5555555555555556,0.3,0.2222222222222222,0.25,0.3333333333333333,0.3333333333333333,0.5555555555555556,0.4,0.4166666666666667,0.1111111111111111,0.4,0.3333333333333333,0.2222222222222222,0.4,0.1111111111111111,0.4444444444444444,0.3333333333333333,0.3,0.4444444444444444,0.4444444444444444,0.4444444444444444,0.2222222222222222,0.2222222222222222,0.6666666666666666,0.4444444444444444,0.4444444444444444,0.4444444444444444,0.2222222222222222
2392,0.36363636363636365,0.4444444444444444,0.125,0.375,0.45454545454545453,0.4444444444444444,0.6363636363636364,0.5,0.4,0.36363636363636365,0.2222222222222222,0.3333333333333333,0.375,0.6,0.5,0.25,0.5,0.5384615384615384,0.4166666666666667,0.125,0.18181818181818182,0.36363636363636365,0.4444444444444444,0.5,0.5,0.25,0.375,0.45454545454545453,0.375,0.3333333333333333,0.5,0.5,0.375,0.6,0.36363636363636365,0.5555555555555556,0.3,0.5555555555555556,0.5,0.375,0.5,0.5,0.5714285714285714,0.5,0.5,0.125,0.38461538461538464,0.125,0.5,0.375,0.4444444444444444,0.375,0.25,0.3,0.25,0.5,0.375,0.5,0.4444444444444444,1.0,0.125,0.46153846153846156,0.35714285714285715,0.5,0.36363636363636365,0.25,0.25,0.375,0.375,0.5,0.5,0.25,0.375,0.125,0.25,0.25,0.625,0.0,0.25,0.0,0.125,0.0,0.125,0.125,0.125,0.125,0.25,0.4,0.125,0.625,0.25,0.0,0.25,0.125,0.125,0.125,0.0,0.125,0.0,0.125,0.375,0.125,0.125,0.25,0.25,0.375,0.0,0.0,0.25,0.5,0.0,0.25,0.5,0.375,0.0,0.25,0.5,0.25,0.625,0.375,0.375,0.0,0.2222222222222222,0.25,0.125,0.375,0.23076923076923078,0.375,0.5384615384615384,0.25,0.4444444444444444,0.375,0.375,0.3333333333333333,0.375,0.38461538461538464,0.5384615384615384,0.375,0.25,0.25,0.4,0.5,0.25,0.4444444444444444,0.5,0.5,0.5,0.3333333333333333,0.25,0.3333333333333333,0.25,0.38461538461538464,0.0,0.3333333333333333,0.5454545454545454,0.5,0.3,0.5,0.4444444444444444,0.125,0.125,0.125,0.375,0.4,0.375,0.3333333333333333,0.375,0.36363636363636365,0.5,0.4444444444444444,0.25,0.5,0.375,0.3333333333333333,0.125,0.25,0.125,0.1111111111111111,0.1111111111111111,0.6,0.3,0.375,0.375,0.375,0.3,0.375,0.2,0.25,0.3333333333333333,0.125,0.375,0.3333333333333333,0.2,0.3333333333333333,0.25,0.5,0.2222222222222222,0.0,0.3,0.0,0.375,0.5555555555555556,0.5,0.4444444444444444,0.25,0.125,0.5,0.375,0.5555555555555556,0.375,0.375,0.25,0.375
2393,0.2727272727272727,0.2222222222222222,0.16666666666666666,0.16666666666666666,0.2727272727272727,0.1111111111111111,0.2727272727272727,0.3333333333333333,0.2,0.36363636363636365,0.4444444444444444,0.4444444444444444,0.2857142857142857,0.3,0.375,0.0,0.3,0.15384615384615385,0.3333333333333333,0.3333333333333333,0.36363636363636365,0.36363636363636365,0.3333333333333333,0.375,0.16666666666666666,0.3333333333333333,0.14285714285714285,0.2727272727272727,0.0,0.2222222222222222,0.2857142857142857,0.4166666666666667,0.3333333333333333,0.5,0.18181818181818182,0.2222222222222222,0.5,0.3333333333333333,0.25,0.25,0.14285714285714285,0.4,0.35714285714285715,0.3,0.2,0.16666666666666666,0.3076923076923077,0.2857142857142857,0.25,0.5,0.1111111111111111,0.375,0.2857142857142857,0.5,0.2857142857142857,0.5,0.42857142857142855,0.375,0.3333333333333333,0.125,1.0,0.3076923076923077,0.35714285714285715,0.3333333333333333,0.36363636363636365,0.5,0.5,0.42857142857142855,0.6666666666666666,0.4166666666666667,0.16666666666666666,0.16666666666666666,0.16666666666666666,0.3333333333333333,0.5,0.3333333333333333,0.2857142857142857,0.16666666666666666,0.5714285714285714,0.3333333333333333,0.16666666666666666,0.16666666666666666,0.16666666666666666,0.5,0.16666666666666666,0.5,0.2857142857142857,0.2,0.3333333333333333,0.375,0.8333333333333334,0.3333333333333333,0.3333333333333333,0.5,0.5,0.3333333333333333,0.16666666666666666,0.16666666666666666,0.5,0.3333333333333333,0.375,0.3333333333333333,0.5,0.42857142857142855,0.5,0.3333333333333333,0.16666666666666666,0.16666666666666666,0.2857142857142857,0.2857142857142857,0.3333333333333333,0.16666666666666666,0.5,0.5,0.16666666666666666,0.3333333333333333,0.3333333333333333,0.16666666666666666,0.375,0.6666666666666666,0.375,0.3333333333333333,0.3333333333333333,0.5,0.5,0.42857142857142855,0.46153846153846156,0.25,0.3076923076923077,0.3333333333333333,0.4444444444444444,0.25,0.0,0.5555555555555556,0.5,0.15384615384615385,0.23076923076923078,0.16666666666666666,0.14285714285714285,0.16666666666666666,0.26666666666666666,0.25,0.375,0.2222222222222222,0.0,0.2,0.0,0.1111111111111111,0.0,0.0,0.0,0.23076923076923078,0.16666666666666666,0.1111111111111111,0.09090909090909091,0.42857142857142855,0.3,0.16666666666666666,0.3333333333333333,0.2857142857142857,0.0,0.5,0.16666666666666666,0.3,0.16666666666666666,0.3333333333333333,0.5,0.2727272727272727,0.25,0.2222222222222222,0.3333333333333333,0.2857142857142857,0.2857142857142857,0.4444444444444444,0.125,0.0,0.2857142857142857,0.2222222222222222,0.2222222222222222,0.2,0.3,0.0,0.2857142857142857,0.2857142857142857,0.3,0.25,0.2,0.16666666666666666,0.25,0.25,0.25,0.2222222222222222,0.2,0.16666666666666666,0.25,0.2,0.2222222222222222,0.16666666666666666,0.2,0.16666666666666666,0.125,0.1111111111111111,0.2,0.3333333333333333,0.0,0.3333333333333333,0.16666666666666666,0.2857142857142857,0.2222222222222222,0.14285714285714285,0.2857142857142857,0.5,0.5
2394,0.46153846153846156,0.38461538461538464,0.23076923076923078,0.23076923076923078,0.6153846153846154,0.38461538461538464,0.6153846153846154,0.7692307692307693,0.6,0.5384615384615384,0.46153846153846156,0.38461538461538464,0.3076923076923077,0.6153846153846154,0.46153846153846156,0.23076923076923078,0.5384615384615384,0.46153846153846156,0.5384615384615384,0.46153846153846156,0.5384615384615384,0.6923076923076923,0.5384615384615384,0.46153846153846156,0.3076923076923077,0.23076923076923078,0.38461538461538464,0.6153846153846154,0.07692307692307693,0.38461538461538464,0.3076923076923077,0.6153846153846154,0.23076923076923078,0.5384615384615384,0.46153846153846156,0.5384615384615384,0.38461538461538464,0.46153846153846156,0.46153846153846156,0.23076923076923078,0.3076923076923077,0.5384615384615384,0.6428571428571429,0.5384615384615384,0.6153846153846154,0.23076923076923078,0.6923076923076923,0.3076923076923077,0.38461538461538464,0.3076923076923077,0.46153846153846156,0.38461538461538464,0.46153846153846156,0.6153846153846154,0.3076923076923077,0.46153846153846156,0.3076923076923077,0.46153846153846156,0.46153846153846156,0.46153846153846156,0.3076923076923077,1.0,0.7857142857142857,0.3076923076923077,0.46153846153846156,0.38461538461538464,0.46153846153846156,0.38461538461538464,0.3076923076923077,0.5384615384615384,0.23076923076923078,0.23076923076923078,0.38461538461538464,0.23076923076923078,0.15384615384615385,0.15384615384615385,0.38461538461538464,0.07692307692307693,0.38461538461538464,0.15384615384615385,0.15384615384615385,0.23076923076923078,0.07692307692307693,0.23076923076923078,0.23076923076923078,0.3076923076923077,0.23076923076923078,0.38461538461538464,0.15384615384615385,0.46153846153846156,0.38461538461538464,0.07692307692307693,0.3076923076923077,0.23076923076923078,0.23076923076923078,0.15384615384615385,0.15384615384615385,0.3076923076923077,0.15384615384615385,0.15384615384615385,0.23076923076923078,0.15384615384615385,0.23076923076923078,0.3076923076923077,0.23076923076923078,0.23076923076923078,0.15384615384615385,0.07692307692307693,0.15384615384615385,0.3076923076923077,0.23076923076923078,0.15384615384615385,0.46153846153846156,0.23076923076923078,0.15384615384615385,0.15384615384615385,0.23076923076923078,0.15384615384615385,0.46153846153846156,0.38461538461538464,0.5384615384615384,0.15384615384615385,0.38461538461538464,0.23076923076923078,0.15384615384615385,0.3076923076923077,0.6923076923076923,0.3076923076923077,0.6923076923076923,0.3076923076923077,0.46153846153846156,0.46153846153846156,0.23076923076923078,0.46153846153846156,0.38461538461538464,0.5384615384615384,0.6923076923076923,0.23076923076923078,0.3076923076923077,0.23076923076923078,0.6,0.38461538461538464,0.3076923076923077,0.38461538461538464,0.38461538461538464,0.46153846153846156,0.46153846153846156,0.46153846153846156,0.3076923076923077,0.38461538461538464,0.3076923076923077,0.7692307692307693,0.15384615384615385,0.3076923076923077,0.5384615384615384,0.38461538461538464,0.5384615384615384,0.46153846153846156,0.5384615384615384,0.38461538461538464,0.23076923076923078,0.15384615384615385,0.38461538461538464,0.6153846153846154,0.38461538461538464,0.3076923076923077,0.3076923076923077,0.6923076923076923,0.6923076923076923,0.46153846153846156,0.3076923076923077,0.38461538461538464,0.3076923076923077,0.46153846153846156,0.3076923076923077,0.15384615384615385,0.3076923076923077,0.38461538461538464,0.38461538461538464,0.6153846153846154,0.46153846153846156,0.15384615384615385,0.3076923076923077,0.23076923076923078,0.23076923076923078,0.38461538461538464,0.3076923076923077,0.23076923076923078,0.38461538461538464,0.3076923076923077,0.3076923076923077,0.46153846153846156,0.38461538461538464,0.6153846153846154,0.3076923076923077,0.38461538461538464,0.38461538461538464,0.3076923076923077,0.46153846153846156,0.07692307692307693,0.38461538461538464,0.23076923076923078,0.5384615384615384,0.46153846153846156,0.38461538461538464,0.23076923076923078,0.3076923076923077,0.38461538461538464,0.5384615384615384,0.38461538461538464,0.38461538461538464,0.23076923076923078,0.3076923076923077
2395,0.5,0.5,0.14285714285714285,0.14285714285714285,0.5,0.35714285714285715,0.5,0.6428571428571429,0.6,0.5714285714285714,0.5,0.35714285714285715,0.14285714285714285,0.5,0.42857142857142855,0.35714285714285715,0.35714285714285715,0.5,0.5,0.42857142857142855,0.5,0.5714285714285714,0.42857142857142855,0.35714285714285715,0.2857142857142857,0.14285714285714285,0.2857142857142857,0.5,0.14285714285714285,0.5,0.14285714285714285,0.5,0.14285714285714285,0.5,0.35714285714285715,0.5,0.5,0.42857142857142855,0.2857142857142857,0.2857142857142857,0.2857142857142857,0.42857142857142855,0.6428571428571429,0.5,0.5714285714285714,0.35714285714285715,0.6428571428571429,0.2857142857142857,0.35714285714285715,0.2857142857142857,0.35714285714285715,0.2857142857142857,0.42857142857142855,0.5714285714285714,0.21428571428571427,0.42857142857142855,0.2857142857142857,0.42857142857142855,0.42857142857142855,0.35714285714285715,0.35714285714285715,0.7857142857142857,1.0,0.2857142857142857,0.5,0.2857142857142857,0.5,0.2857142857142857,0.2857142857142857,0.5,0.21428571428571427,0.21428571428571427,0.35714285714285715,0.21428571428571427,0.21428571428571427,0.14285714285714285,0.21428571428571427,0.14285714285714285,0.35714285714285715,0.21428571428571427,0.14285714285714285,0.14285714285714285,0.07142857142857142,0.35714285714285715,0.21428571428571427,0.35714285714285715,0.35714285714285715,0.42857142857142855,0.21428571428571427,0.42857142857142855,0.42857142857142855,0.14285714285714285,0.2857142857142857,0.2857142857142857,0.21428571428571427,0.14285714285714285,0.21428571428571427,0.2857142857142857,0.21428571428571427,0.14285714285714285,0.35714285714285715,0.14285714285714285,0.21428571428571427,0.35714285714285715,0.35714285714285715,0.21428571428571427,0.21428571428571427,0.07142857142857142,0.2857142857142857,0.2857142857142857,0.2857142857142857,0.21428571428571427,0.5,0.21428571428571427,0.14285714285714285,0.21428571428571427,0.2857142857142857,0.21428571428571427,0.35714285714285715,0.35714285714285715,0.42857142857142855,0.14285714285714285,0.5,0.2857142857142857,0.21428571428571427,0.2857142857142857,0.7142857142857143,0.2857142857142857,0.5714285714285714,0.2857142857142857,0.42857142857142855,0.5714285714285714,0.21428571428571427,0.5,0.2857142857142857,0.6428571428571429,0.6428571428571429,0.21428571428571427,0.35714285714285715,0.2857142857142857,0.5333333333333333,0.2857142857142857,0.35714285714285715,0.42857142857142855,0.42857142857142855,0.5,0.5,0.5714285714285714,0.35714285714285715,0.42857142857142855,0.42857142857142855,0.5714285714285714,0.21428571428571427,0.42857142857142855,0.6428571428571429,0.42857142857142855,0.6428571428571429,0.5714285714285714,0.5714285714285714,0.35714285714285715,0.35714285714285715,0.2857142857142857,0.35714285714285715,0.5714285714285714,0.42857142857142855,0.42857142857142855,0.35714285714285715,0.6428571428571429,0.6428571428571429,0.5,0.35714285714285715,0.42857142857142855,0.35714285714285715,0.42857142857142855,0.2857142857142857,0.21428571428571427,0.42857142857142855,0.42857142857142855,0.5,0.5714285714285714,0.5,0.2857142857142857,0.42857142857142855,0.2857142857142857,0.42857142857142855,0.42857142857142855,0.5,0.2857142857142857,0.5,0.42857142857142855,0.42857142857142855,0.5714285714285714,0.5,0.6428571428571429,0.42857142857142855,0.5714285714285714,0.35714285714285715,0.2857142857142857,0.5,0.21428571428571427,0.2857142857142857,0.21428571428571427,0.5,0.5714285714285714,0.35714285714285715,0.2857142857142857,0.35714285714285715,0.42857142857142855,0.35714285714285715,0.35714285714285715,0.42857142857142855,0.2857142857142857,0.2857142857142857
2396,0.36363636363636365,0.4444444444444444,0.0,0.16666666666666666,0.2727272727272727,0.3333333333333333,0.36363636363636365,0.3333333333333333,0.26666666666666666,0.2727272727272727,0.1111111111111111,0.4444444444444444,0.2857142857142857,0.4,0.5,0.14285714285714285,0.4,0.23076923076923078,0.3333333333333333,0.3333333333333333,0.2727272727272727,0.18181818181818182,0.3333333333333333,0.25,0.3333333333333333,0.3333333333333333,0.5714285714285714,0.2727272727272727,0.3333333333333333,0.3333333333333333,0.42857142857142855,0.3333333333333333,0.5,0.4,0.2727272727272727,0.3333333333333333,0.4,0.4444444444444444,0.375,0.25,0.14285714285714285,0.3,0.35714285714285715,0.5,0.3,0.0,0.15384615384615385,0.0,0.25,0.16666666666666666,0.3333333333333333,0.125,0.0,0.4,0.14285714285714285,0.25,0.14285714285714285,0.625,0.2222222222222222,0.5,0.3333333333333333,0.3076923076923077,0.2857142857142857,1.0,0.2727272727272727,0.16666666666666666,0.25,0.2857142857142857,0.5,0.4166666666666667,0.3333333333333333,0.3333333333333333,0.16666666666666666,0.16666666666666666,0.3333333333333333,0.3333333333333333,0.5714285714285714,0.0,0.2857142857142857,0.0,0.16666666666666666,0.0,0.16666666666666666,0.16666666666666666,0.0,0.16666666666666666,0.2857142857142857,0.2,0.0,0.25,0.3333333333333333,0.0,0.16666666666666666,0.16666666666666666,0.16666666666666666,0.16666666666666666,0.0,0.0,0.0,0.16666666666666666,0.25,0.16666666666666666,0.16666666666666666,0.42857142857142855,0.16666666666666666,0.3333333333333333,0.0,0.0,0.14285714285714285,0.2857142857142857,0.16666666666666666,0.3333333333333333,0.5,0.5,0.0,0.16666666666666666,0.5,0.5,0.5,0.5,0.375,0.0,0.1111111111111111,0.16666666666666666,0.16666666666666666,0.5714285714285714,0.23076923076923078,0.125,0.38461538461538464,0.16666666666666666,0.4444444444444444,0.25,0.3333333333333333,0.3333333333333333,0.3333333333333333,0.23076923076923078,0.38461538461538464,0.3333333333333333,0.42857142857142855,0.16666666666666666,0.26666666666666666,0.5,0.375,0.2222222222222222,0.42857142857142855,0.4,0.2857142857142857,0.2222222222222222,0.16666666666666666,0.1111111111111111,0.125,0.23076923076923078,0.0,0.1111111111111111,0.36363636363636365,0.5714285714285714,0.2,0.25,0.4444444444444444,0.42857142857142855,0.16666666666666666,0.16666666666666666,0.0,0.3,0.0,0.2222222222222222,0.375,0.36363636363636365,0.4166666666666667,0.2222222222222222,0.16666666666666666,0.7142857142857143,0.7142857142857143,0.2222222222222222,0.25,0.16666666666666666,0.42857142857142855,0.1111111111111111,0.1111111111111111,0.4,0.2,0.2857142857142857,0.2857142857142857,0.2857142857142857,0.2,0.125,0.3,0.16666666666666666,0.16666666666666666,0.125,0.125,0.2222222222222222,0.2,0.16666666666666666,0.375,0.3,0.4444444444444444,0.3333333333333333,0.2,0.0,0.125,0.2222222222222222,0.4,0.2222222222222222,0.125,0.16666666666666666,0.5,0.42857142857142855,0.2222222222222222,0.42857142857142855,0.2857142857142857,0.3333333333333333,0.5
2399,0.6363636363636364,0.45454545454545453,0.18181818181818182,0.45454545454545453,0.36363636363636365,0.36363636363636365,0.6363636363636364,0.4166666666666667,0.5333333333333333,0.6363636363636364,0.45454545454545453,0.45454545454545453,0.2727272727272727,0.5454545454545454,0.5454545454545454,0.2727272727272727,0.45454545454545453,0.46153846153846156,0.6666666666666666,0.18181818181818182,0.5454545454545454,0.45454545454545453,0.45454545454545453,0.36363636363636365,0.18181818181818182,0.2727272727272727,0.36363636363636365,0.45454545454545453,0.09090909090909091,0.45454545454545453,0.45454545454545453,0.5,0.36363636363636365,0.45454545454545453,0.45454545454545453,0.2727272727272727,0.5454545454545454,0.45454545454545453,0.2727272727272727,0.5454545454545454,0.45454545454545453,0.6363636363636364,0.5714285714285714,0.5454545454545454,0.45454545454545453,0.36363636363636365,0.46153846153846156,0.36363636363636365,0.36363636363636365,0.2727272727272727,0.45454545454545453,0.5454545454545454,0.2727272727272727,0.5454545454545454,0.36363636363636365,0.6363636363636364,0.6363636363636364,0.36363636363636365,0.5454545454545454,0.36363636363636365,0.36363636363636365,0.46153846153846156,0.5,0.2727272727272727,1.0,0.36363636363636365,0.5454545454545454,0.5454545454545454,0.45454545454545453,0.5,0.2727272727272727,0.2727272727272727,0.36363636363636365,0.2727272727272727,0.45454545454545453,0.18181818181818182,0.36363636363636365,0.18181818181818182,0.45454545454545453,0.2727272727272727,0.18181818181818182,0.2727272727272727,0.09090909090909091,0.45454545454545453,0.2727272727272727,0.45454545454545453,0.45454545454545453,0.5454545454545454,0.2727272727272727,0.5454545454545454,0.36363636363636365,0.2727272727272727,0.36363636363636365,0.36363636363636365,0.18181818181818182,0.2727272727272727,0.2727272727272727,0.2727272727272727,0.18181818181818182,0.18181818181818182,0.45454545454545453,0.18181818181818182,0.18181818181818182,0.5454545454545454,0.36363636363636365,0.18181818181818182,0.2727272727272727,0.09090909090909091,0.36363636363636365,0.45454545454545453,0.2727272727272727,0.2727272727272727,0.36363636363636365,0.36363636363636365,0.18181818181818182,0.18181818181818182,0.2727272727272727,0.2727272727272727,0.36363636363636365,0.18181818181818182,0.18181818181818182,0.09090909090909091,0.5454545454545454,0.36363636363636365,0.2727272727272727,0.36363636363636365,0.5384615384615384,0.45454545454545453,0.46153846153846156,0.36363636363636365,0.36363636363636365,0.45454545454545453,0.09090909090909091,0.36363636363636365,0.18181818181818182,0.5384615384615384,0.38461538461538464,0.36363636363636365,0.18181818181818182,0.2727272727272727,0.4666666666666667,0.2727272727272727,0.36363636363636365,0.45454545454545453,0.2727272727272727,0.36363636363636365,0.2727272727272727,0.45454545454545453,0.09090909090909091,0.2727272727272727,0.36363636363636365,0.46153846153846156,0.18181818181818182,0.36363636363636365,0.45454545454545453,0.2727272727272727,0.36363636363636365,0.3333333333333333,0.36363636363636365,0.36363636363636365,0.36363636363636365,0.2727272727272727,0.18181818181818182,0.45454545454545453,0.2727272727272727,0.36363636363636365,0.45454545454545453,0.36363636363636365,0.5833333333333334,0.45454545454545453,0.18181818181818182,0.36363636363636365,0.2727272727272727,0.5454545454545454,0.45454545454545453,0.09090909090909091,0.2727272727272727,0.45454545454545453,0.45454545454545453,0.2727272727272727,0.5454545454545454,0.18181818181818182,0.2727272727272727,0.36363636363636365,0.5454545454545454,0.2727272727272727,0.45454545454545453,0.09090909090909091,0.5,0.36363636363636365,0.45454545454545453,0.36363636363636365,0.45454545454545453,0.3333333333333333,0.36363636363636365,0.45454545454545453,0.18181818181818182,0.18181818181818182,0.36363636363636365,0.2727272727272727,0.36363636363636365,0.45454545454545453,0.2727272727272727,0.45454545454545453,0.2727272727272727,0.36363636363636365,0.18181818181818182,0.18181818181818182,0.36363636363636365,0.2727272727272727,0.45454545454545453,0.45454545454545453,0.18181818181818182
2410,0.18181818181818182,0.2222222222222222,0.4,0.16666666666666666,0.18181818181818182,0.1111111111111111,0.18181818181818182,0.25,0.13333333333333333,0.2727272727272727,0.3333333333333333,0.2222222222222222,0.14285714285714285,0.2,0.375,0.14285714285714285,0.3,0.07692307692307693,0.16666666666666666,0.3333333333333333,0.18181818181818182,0.18181818181818182,0.2222222222222222,0.375,0.4,0.4,0.2857142857142857,0.2727272727272727,0.0,0.1111111111111111,0.42857142857142855,0.25,0.4,0.3,0.18181818181818182,0.1111111111111111,0.3,0.2222222222222222,0.25,0.25,0.2857142857142857,0.3,0.21428571428571427,0.3,0.3,0.3333333333333333,0.23076923076923078,0.2857142857142857,0.125,0.4,0.1111111111111111,0.5,0.42857142857142855,0.3,0.42857142857142855,0.625,0.42857142857142855,0.375,0.2222222222222222,0.25,0.5,0.38461538461538464,0.2857142857142857,0.16666666666666666,0.36363636363636365,1.0,0.5,0.42857142857142855,0.5,0.25,0.2,0.2,0.3333333333333333,0.6,0.3333333333333333,0.4,0.2857142857142857,0.2,0.5714285714285714,0.4,0.4,0.4,0.2,0.5,0.4,0.3333333333333333,0.2857142857142857,0.3,0.2,0.5,0.5,0.2,0.6,0.6,0.6,0.4,0.4,0.4,0.4,0.4,0.25,0.4,0.6,0.42857142857142855,0.4,0.4,0.4,0.2,0.14285714285714285,0.42857142857142855,0.4,0.16666666666666666,0.25,0.4,0.4,0.2,0.3333333333333333,0.16666666666666666,0.375,0.5,0.375,0.4,0.3333333333333333,0.4,0.4,0.2857142857142857,0.23076923076923078,0.25,0.15384615384615385,0.3333333333333333,0.3333333333333333,0.25,0.2,0.4444444444444444,0.5,0.07692307692307693,0.15384615384615385,0.3333333333333333,0.0,0.16666666666666666,0.13333333333333333,0.125,0.25,0.1111111111111111,0.14285714285714285,0.2,0.14285714285714285,0.2222222222222222,0.16666666666666666,0.0,0.125,0.23076923076923078,0.4,0.1111111111111111,0.09090909090909091,0.2857142857142857,0.3,0.08333333333333333,0.2222222222222222,0.14285714285714285,0.16666666666666666,0.4,0.3333333333333333,0.2,0.16666666666666666,0.1111111111111111,0.25,0.18181818181818182,0.25,0.1111111111111111,0.4,0.14285714285714285,0.14285714285714285,0.3333333333333333,0.125,0.0,0.14285714285714285,0.2222222222222222,0.2222222222222222,0.3,0.3,0.0,0.14285714285714285,0.14285714285714285,0.1,0.25,0.1,0.2,0.16666666666666666,0.25,0.25,0.1111111111111111,0.1,0.08333333333333333,0.25,0.1,0.0,0.16666666666666666,0.1,0.2,0.25,0.1111111111111111,0.1,0.2222222222222222,0.125,0.4,0.16666666666666666,0.2857142857142857,0.3333333333333333,0.2857142857142857,0.42857142857142855,0.6,0.5
2420,0.2727272727272727,0.4444444444444444,0.25,0.0,0.18181818181818182,0.4444444444444444,0.36363636363636365,0.4166666666666667,0.3333333333333333,0.5454545454545454,0.4444444444444444,0.4444444444444444,0.25,0.4,0.5,0.25,0.4,0.23076923076923078,0.3333333333333333,0.5,0.45454545454545453,0.36363636363636365,0.2222222222222222,0.625,0.375,0.375,0.375,0.2727272727272727,0.0,0.5555555555555556,0.375,0.3333333333333333,0.375,0.4,0.18181818181818182,0.2222222222222222,0.4,0.1111111111111111,0.125,0.5,0.25,0.4,0.2857142857142857,0.5,0.4,0.375,0.38461538461538464,0.375,0.375,0.5,0.4444444444444444,0.5,0.375,0.5,0.25,0.5,0.375,0.375,0.4444444444444444,0.25,0.5,0.46153846153846156,0.5,0.25,0.5454545454545454,0.5,1.0,0.375,0.25,0.25,0.0,0.125,0.25,0.375,0.25,0.25,0.125,0.125,0.375,0.25,0.25,0.25,0.125,0.375,0.25,0.25,0.25,0.3,0.125,0.5,0.375,0.125,0.375,0.375,0.375,0.25,0.25,0.25,0.25,0.25,0.25,0.25,0.375,0.5,0.25,0.25,0.25,0.125,0.125,0.25,0.375,0.125,0.25,0.375,0.25,0.25,0.25,0.125,0.25,0.5,0.5,0.25,0.4444444444444444,0.25,0.25,0.375,0.5384615384615384,0.125,0.3076923076923077,0.375,0.2222222222222222,0.625,0.125,0.4444444444444444,0.25,0.23076923076923078,0.23076923076923078,0.125,0.125,0.25,0.26666666666666666,0.5,0.25,0.3333333333333333,0.375,0.5,0.375,0.5555555555555556,0.25,0.2222222222222222,0.5,0.38461538461538464,0.25,0.3333333333333333,0.2727272727272727,0.375,0.5,0.16666666666666666,0.5555555555555556,0.375,0.5,0.25,0.25,0.6,0.375,0.2222222222222222,0.375,0.45454545454545453,0.3333333333333333,0.4444444444444444,0.25,0.375,0.375,0.3333333333333333,0.5,0.0,0.25,0.6666666666666666,0.3333333333333333,0.4,0.3,0.125,0.125,0.125,0.3,0.5,0.3,0.125,0.4166666666666667,0.5,0.25,0.4444444444444444,0.5,0.4166666666666667,0.375,0.3,0.2222222222222222,0.25,0.4,0.25,0.25,0.1111111111111111,0.3,0.4444444444444444,0.375,0.25,0.125,0.5,0.4444444444444444,0.5,0.625,0.375,0.375
2431,0.36363636363636365,0.1111111111111111,0.14285714285714285,0.42857142857142855,0.36363636363636365,0.3333333333333333,0.36363636363636365,0.3333333333333333,0.3333333333333333,0.2727272727272727,0.3333333333333333,0.5555555555555556,0.5714285714285714,0.5,0.5,0.14285714285714285,0.5,0.3076923076923077,0.4166666666666667,0.2857142857142857,0.36363636363636365,0.36363636363636365,0.4444444444444444,0.375,0.14285714285714285,0.2857142857142857,0.2857142857142857,0.45454545454545453,0.14285714285714285,0.2222222222222222,0.5714285714285714,0.4166666666666667,0.2857142857142857,0.4,0.36363636363636365,0.3333333333333333,0.3,0.4444444444444444,0.5,0.5,0.5714285714285714,0.6,0.42857142857142855,0.3,0.5,0.2857142857142857,0.38461538461538464,0.42857142857142855,0.25,0.2857142857142857,0.4444444444444444,0.5,0.42857142857142855,0.4,0.42857142857142855,0.625,0.8571428571428571,0.5,0.5555555555555556,0.375,0.42857142857142855,0.38461538461538464,0.2857142857142857,0.2857142857142857,0.5454545454545454,0.42857142857142855,0.375,1.0,0.5714285714285714,0.3333333333333333,0.2857142857142857,0.42857142857142855,0.5714285714285714,0.2857142857142857,0.2857142857142857,0.14285714285714285,0.5714285714285714,0.14285714285714285,0.7142857142857143,0.14285714285714285,0.2857142857142857,0.2857142857142857,0.14285714285714285,0.2857142857142857,0.42857142857142855,0.5714285714285714,0.2857142857142857,0.3,0.2857142857142857,0.5,0.42857142857142855,0.14285714285714285,0.42857142857142855,0.2857142857142857,0.14285714285714285,0.14285714285714285,0.2857142857142857,0.42857142857142855,0.14285714285714285,0.14285714285714285,0.25,0.14285714285714285,0.14285714285714285,0.5714285714285714,0.2857142857142857,0.14285714285714285,0.2857142857142857,0.14285714285714285,0.2857142857142857,0.5714285714285714,0.2857142857142857,0.14285714285714285,0.375,0.42857142857142855,0.2857142857142857,0.0,0.2857142857142857,0.42857142857142855,0.5,0.2857142857142857,0.25,0.14285714285714285,0.2222222222222222,0.42857142857142855,0.14285714285714285,0.5714285714285714,0.23076923076923078,0.375,0.38461538461538464,0.5714285714285714,0.3333333333333333,0.125,0.14285714285714285,0.3333333333333333,0.2857142857142857,0.3076923076923077,0.3076923076923077,0.42857142857142855,0.14285714285714285,0.14285714285714285,0.3333333333333333,0.125,0.375,0.3333333333333333,0.2857142857142857,0.2,0.2857142857142857,0.2222222222222222,0.14285714285714285,0.1111111111111111,0.125,0.46153846153846156,0.2857142857142857,0.2222222222222222,0.2727272727272727,0.2857142857142857,0.4,0.16666666666666666,0.2222222222222222,0.14285714285714285,0.14285714285714285,0.14285714285714285,0.2857142857142857,0.2,0.2857142857142857,0.3333333333333333,0.5,0.09090909090909091,0.3333333333333333,0.2222222222222222,0.14285714285714285,0.2857142857142857,0.14285714285714285,0.5555555555555556,0.25,0.14285714285714285,0.2857142857142857,0.3333333333333333,0.4444444444444444,0.1,0.5,0.0,0.2857142857142857,0.14285714285714285,0.4,0.375,0.1,0.14285714285714285,0.16666666666666666,0.375,0.25,0.1111111111111111,0.2,0.16666666666666666,0.25,0.1,0.2222222222222222,0.2857142857142857,0.3,0.14285714285714285,0.5,0.4444444444444444,0.3,0.2222222222222222,0.125,0.2857142857142857,0.14285714285714285,0.0,0.4444444444444444,0.2857142857142857,0.2857142857142857,0.42857142857142855,0.14285714285714285
2432,0.36363636363636365,0.1111111111111111,0.16666666666666666,0.5,0.36363636363636365,0.1111111111111111,0.36363636363636365,0.25,0.26666666666666666,0.2727272727272727,0.3333333333333333,0.3333333333333333,0.42857142857142855,0.4,0.625,0.0,0.4,0.23076923076923078,0.4166666666666667,0.16666666666666666,0.2727272727272727,0.2727272727272727,0.4444444444444444,0.125,0.16666666666666666,0.16666666666666666,0.2857142857142857,0.36363636363636365,0.16666666666666666,0.1111111111111111,0.42857142857142855,0.4166666666666667,0.3333333333333333,0.4,0.2727272727272727,0.2222222222222222,0.5,0.5555555555555556,0.375,0.25,0.42857142857142855,0.5,0.42857142857142855,0.4,0.3,0.16666666666666666,0.23076923076923078,0.14285714285714285,0.25,0.3333333333333333,0.1111111111111111,0.375,0.14285714285714285,0.4,0.42857142857142855,0.625,0.5714285714285714,0.5,0.3333333333333333,0.375,0.6666666666666666,0.3076923076923077,0.2857142857142857,0.5,0.45454545454545453,0.5,0.25,0.5714285714285714,1.0,0.4166666666666667,0.5,0.3333333333333333,0.3333333333333333,0.3333333333333333,0.6666666666666666,0.3333333333333333,0.5714285714285714,0.16666666666666666,0.7142857142857143,0.16666666666666666,0.16666666666666666,0.16666666666666666,0.16666666666666666,0.5,0.16666666666666666,0.5,0.42857142857142855,0.3,0.3333333333333333,0.5,0.6666666666666666,0.3333333333333333,0.3333333333333333,0.5,0.3333333333333333,0.3333333333333333,0.16666666666666666,0.16666666666666666,0.3333333333333333,0.3333333333333333,0.5,0.3333333333333333,0.3333333333333333,0.5714285714285714,0.5,0.3333333333333333,0.16666666666666666,0.16666666666666666,0.42857142857142855,0.42857142857142855,0.16666666666666666,0.3333333333333333,0.5,0.5,0.16666666666666666,0.3333333333333333,0.3333333333333333,0.3333333333333333,0.5,0.5,0.25,0.16666666666666666,0.2222222222222222,0.5,0.5,0.42857142857142855,0.3076923076923077,0.375,0.3076923076923077,0.3333333333333333,0.5555555555555556,0.25,0.0,0.4444444444444444,0.5,0.3076923076923077,0.3076923076923077,0.5,0.14285714285714285,0.16666666666666666,0.26666666666666666,0.125,0.5,0.2222222222222222,0.0,0.1,0.0,0.1111111111111111,0.0,0.0,0.0,0.23076923076923078,0.16666666666666666,0.2222222222222222,0.18181818181818182,0.42857142857142855,0.2,0.16666666666666666,0.3333333333333333,0.2857142857142857,0.0,0.5,0.16666666666666666,0.2,0.16666666666666666,0.3333333333333333,0.5,0.18181818181818182,0.3333333333333333,0.1111111111111111,0.3333333333333333,0.2857142857142857,0.2857142857142857,0.3333333333333333,0.0,0.0,0.2857142857142857,0.1111111111111111,0.2222222222222222,0.2,0.4,0.0,0.2857142857142857,0.2857142857142857,0.3,0.125,0.2,0.16666666666666666,0.16666666666666666,0.25,0.375,0.2222222222222222,0.1,0.0,0.25,0.2,0.1111111111111111,0.16666666666666666,0.1,0.16666666666666666,0.25,0.2222222222222222,0.2,0.3333333333333333,0.0,0.3333333333333333,0.3333333333333333,0.14285714285714285,0.1111111111111111,0.14285714285714285,0.2857142857142857,0.6666666666666666,0.3333333333333333
2511,0.6666666666666666,0.4166666666666667,0.16666666666666666,0.3333333333333333,0.5833333333333334,0.4166666666666667,0.5833333333333334,0.5833333333333334,0.5333333333333333,0.6666666666666666,0.4166666666666667,0.4166666666666667,0.3333333333333333,0.5833333333333334,0.4166666666666667,0.25,0.5,0.5384615384615384,0.6666666666666666,0.25,0.5833333333333334,0.5833333333333334,0.5,0.3333333333333333,0.25,0.25,0.3333333333333333,0.5833333333333334,0.25,0.4166666666666667,0.4166666666666667,0.75,0.3333333333333333,0.6666666666666666,0.5833333333333334,0.5833333333333334,0.6666666666666666,0.5833333333333334,0.5,0.4166666666666667,0.25,0.5,0.7857142857142857,0.4166666666666667,0.4166666666666667,0.16666666666666666,0.6153846153846154,0.25,0.4166666666666667,0.25,0.25,0.4166666666666667,0.16666666666666666,0.5,0.3333333333333333,0.4166666666666667,0.3333333333333333,0.5,0.3333333333333333,0.5,0.4166666666666667,0.5384615384615384,0.5,0.4166666666666667,0.5,0.25,0.25,0.3333333333333333,0.4166666666666667,1.0,0.4166666666666667,0.3333333333333333,0.25,0.08333333333333333,0.3333333333333333,0.16666666666666666,0.4166666666666667,0.08333333333333333,0.4166666666666667,0.25,0.08333333333333333,0.08333333333333333,0.08333333333333333,0.25,0.0,0.25,0.4166666666666667,0.6666666666666666,0.08333333333333333,0.4166666666666667,0.3333333333333333,0.16666666666666666,0.08333333333333333,0.16666666666666666,0.16666666666666666,0.16666666666666666,0.08333333333333333,0.08333333333333333,0.16666666666666666,0.08333333333333333,0.4166666666666667,0.08333333333333333,0.16666666666666666,0.3333333333333333,0.16666666666666666,0.25,0.08333333333333333,0.0,0.3333333333333333,0.4166666666666667,0.25,0.3333333333333333,0.5833333333333334,0.3333333333333333,0.0,0.16666666666666666,0.3333333333333333,0.3333333333333333,0.5833333333333334,0.3333333333333333,0.4166666666666667,0.08333333333333333,0.4166666666666667,0.25,0.16666666666666666,0.5,0.6153846153846154,0.5,0.6923076923076923,0.3333333333333333,0.6666666666666666,0.3333333333333333,0.25,0.5,0.4166666666666667,0.5384615384615384,0.6153846153846154,0.3333333333333333,0.3333333333333333,0.25,0.6666666666666666,0.3333333333333333,0.4166666666666667,0.3333333333333333,0.16666666666666666,0.4166666666666667,0.16666666666666666,0.25,0.16666666666666666,0.25,0.16666666666666666,0.5384615384615384,0.0,0.3333333333333333,0.5,0.5,0.3333333333333333,0.6666666666666666,0.5,0.3333333333333333,0.08333333333333333,0.16666666666666666,0.25,0.4166666666666667,0.16666666666666666,0.5,0.5833333333333334,0.5833333333333334,0.6666666666666666,0.4166666666666667,0.25,0.3333333333333333,0.3333333333333333,0.5833333333333334,0.25,0.08333333333333333,0.25,0.08333333333333333,0.25,0.5833333333333334,0.5,0.3333333333333333,0.3333333333333333,0.4166666666666667,0.4166666666666667,0.25,0.4166666666666667,0.16666666666666666,0.5833333333333334,0.16666666666666666,0.4166666666666667,0.25,0.3333333333333333,0.4166666666666667,0.4166666666666667,0.5,0.4166666666666667,0.08333333333333333,0.5,0.08333333333333333,0.4166666666666667,0.5,0.5833333333333334,0.25,0.25,0.25,0.4166666666666667,0.25,0.4166666666666667,0.16666666666666666,0.25,0.25,0.3333333333333333
2512,0.2727272727272727,0.1111111111111111,0.2,0.5,0.36363636363636365,0.2222222222222222,0.45454545454545453,0.25,0.2,0.2727272727272727,0.2222222222222222,0.1111111111111111,0.2857142857142857,0.3,0.375,0.2857142857142857,0.3,0.38461538461538464,0.25,0.0,0.18181818181818182,0.2727272727272727,0.4444444444444444,0.0,0.2,0.0,0.14285714285714285,0.2727272727272727,0.4,0.2222222222222222,0.2857142857142857,0.25,0.2,0.3,0.18181818181818182,0.3333333333333333,0.2,0.4444444444444444,0.25,0.25,0.42857142857142855,0.3,0.35714285714285715,0.3,0.3,0.16666666666666666,0.23076923076923078,0.14285714285714285,0.5,0.2,0.2222222222222222,0.25,0.14285714285714285,0.3,0.42857142857142855,0.375,0.42857142857142855,0.25,0.3333333333333333,0.5,0.16666666666666666,0.23076923076923078,0.21428571428571427,0.3333333333333333,0.2727272727272727,0.2,0.0,0.2857142857142857,0.5,0.4166666666666667,1.0,0.4,0.3333333333333333,0.0,0.3333333333333333,0.0,0.2857142857142857,0.2,0.42857142857142855,0.2,0.0,0.0,0.0,0.16666666666666666,0.0,0.16666666666666666,0.2857142857142857,0.4,0.2,0.375,0.16666666666666666,0.2,0.0,0.2,0.0,0.0,0.0,0.0,0.2,0.0,0.375,0.0,0.0,0.14285714285714285,0.2,0.2,0.0,0.0,0.42857142857142855,0.42857142857142855,0.0,0.16666666666666666,0.375,0.4,0.0,0.2,0.16666666666666666,0.16666666666666666,0.25,0.0,0.0,0.0,0.1111111111111111,0.4,0.2,0.14285714285714285,0.15384615384615385,0.375,0.38461538461538464,0.3333333333333333,0.4444444444444444,0.25,0.4,0.2222222222222222,0.3333333333333333,0.3076923076923077,0.38461538461538464,0.5,0.2857142857142857,0.3333333333333333,0.26666666666666666,0.125,0.375,0.3333333333333333,0.14285714285714285,0.2,0.2857142857142857,0.2222222222222222,0.16666666666666666,0.1111111111111111,0.125,0.23076923076923078,0.0,0.2222222222222222,0.36363636363636365,0.42857142857142855,0.0,0.3333333333333333,0.2222222222222222,0.0,0.0,0.2,0.16666666666666666,0.2,0.16666666666666666,0.4444444444444444,0.5,0.18181818181818182,0.25,0.1111111111111111,0.2,0.14285714285714285,0.14285714285714285,0.3333333333333333,0.125,0.2,0.2857142857142857,0.0,0.0,0.3,0.2,0.2857142857142857,0.2857142857142857,0.14285714285714285,0.2,0.25,0.2,0.4,0.25,0.0,0.5,0.3333333333333333,0.1,0.16666666666666666,0.0,0.2,0.1111111111111111,0.0,0.2,0.0,0.375,0.3333333333333333,0.3,0.2222222222222222,0.125,0.4,0.5,0.14285714285714285,0.2222222222222222,0.14285714285714285,0.14285714285714285,0.4,0.16666666666666666
2513,0.2727272727272727,0.1111111111111111,0.0,0.3333333333333333,0.18181818181818182,0.2222222222222222,0.18181818181818182,0.16666666666666666,0.26666666666666666,0.36363636363636365,0.2222222222222222,0.2222222222222222,0.2857142857142857,0.3,0.375,0.42857142857142855,0.3,0.15384615384615385,0.25,0.3333333333333333,0.36363636363636365,0.18181818181818182,0.3333333333333333,0.125,0.4,0.2,0.2857142857142857,0.2727272727272727,0.4,0.1111111111111111,0.2857142857142857,0.16666666666666666,0.0,0.1,0.2727272727272727,0.4444444444444444,0.3,0.2222222222222222,0.25,0.5,0.2857142857142857,0.3,0.2857142857142857,0.2,0.4,0.5,0.23076923076923078,0.42857142857142855,0.125,0.2,0.2222222222222222,0.375,0.2857142857142857,0.3,0.2857142857142857,0.25,0.2857142857142857,0.375,0.2222222222222222,0.25,0.16666666666666666,0.23076923076923078,0.21428571428571427,0.3333333333333333,0.2727272727272727,0.2,0.125,0.42857142857142855,0.3333333333333333,0.3333333333333333,0.4,1.0,0.5,0.2,0.3333333333333333,0.0,0.2857142857142857,0.2,0.42857142857142855,0.4,0.2,0.4,0.0,0.3333333333333333,0.2,0.5,0.42857142857142855,0.4,0.0,0.25,0.16666666666666666,0.2,0.2,0.2,0.0,0.2,0.4,0.2,0.0,0.0,0.375,0.0,0.0,0.5714285714285714,0.0,0.2,0.4,0.0,0.42857142857142855,0.2857142857142857,0.6,0.3333333333333333,0.25,0.2,0.2,0.0,0.16666666666666666,0.6666666666666666,0.25,0.16666666666666666,0.25,0.0,0.2222222222222222,0.2,0.0,0.42857142857142855,0.23076923076923078,0.25,0.23076923076923078,0.5,0.2222222222222222,0.25,0.4,0.3333333333333333,0.3333333333333333,0.3076923076923077,0.23076923076923078,0.3333333333333333,0.42857142857142855,0.3333333333333333,0.26666666666666666,0.0,0.25,0.0,0.14285714285714285,0.2,0.2857142857142857,0.3333333333333333,0.16666666666666666,0.1111111111111111,0.375,0.3076923076923077,0.2,0.3333333333333333,0.2727272727272727,0.42857142857142855,0.2,0.25,0.3333333333333333,0.2857142857142857,0.3333333333333333,0.0,0.0,0.1,0.16666666666666666,0.2222222222222222,0.25,0.2727272727272727,0.25,0.2222222222222222,0.2,0.14285714285714285,0.14285714285714285,0.3333333333333333,0.25,0.0,0.2857142857142857,0.1111111111111111,0.3333333333333333,0.1,0.3,0.2857142857142857,0.0,0.14285714285714285,0.1,0.25,0.1,0.2,0.16666666666666666,0.375,0.25,0.1111111111111111,0.1,0.08333333333333333,0.375,0.1,0.1111111111111111,0.3333333333333333,0.4,0.2,0.375,0.3333333333333333,0.2,0.1111111111111111,0.25,0.4,0.3333333333333333,0.0,0.1111111111111111,0.14285714285714285,0.2857142857142857,0.4,0.0
2520,0.36363636363636365,0.2222222222222222,0.3333333333333333,0.3333333333333333,0.2727272727272727,0.2222222222222222,0.2727272727272727,0.3333333333333333,0.3333333333333333,0.18181818181818182,0.2222222222222222,0.2222222222222222,0.2857142857142857,0.4,0.375,0.42857142857142855,0.3,0.3076923076923077,0.25,0.3333333333333333,0.2727272727272727,0.36363636363636365,0.4444444444444444,0.25,0.3333333333333333,0.16666666666666666,0.14285714285714285,0.36363636363636365,0.16666666666666666,0.2222222222222222,0.2857142857142857,0.25,0.16666666666666666,0.3,0.36363636363636365,0.3333333333333333,0.2,0.3333333333333333,0.375,0.375,0.42857142857142855,0.4,0.2857142857142857,0.1,0.5,0.5,0.38461538461538464,0.2857142857142857,0.25,0.16666666666666666,0.2222222222222222,0.375,0.42857142857142855,0.3,0.2857142857142857,0.375,0.42857142857142855,0.25,0.2222222222222222,0.375,0.16666666666666666,0.38461538461538464,0.35714285714285715,0.16666666666666666,0.36363636363636365,0.3333333333333333,0.25,0.5714285714285714,0.3333333333333333,0.25,0.3333333333333333,0.5,1.0,0.16666666666666666,0.0,0.0,0.42857142857142855,0.16666666666666666,0.42857142857142855,0.16666666666666666,0.16666666666666666,0.16666666666666666,0.0,0.16666666666666666,0.3333333333333333,0.5,0.14285714285714285,0.4,0.16666666666666666,0.375,0.3333333333333333,0.0,0.3333333333333333,0.16666666666666666,0.0,0.0,0.16666666666666666,0.3333333333333333,0.0,0.0,0.125,0.0,0.0,0.42857142857142855,0.16666666666666666,0.16666666666666666,0.16666666666666666,0.0,0.14285714285714285,0.42857142857142855,0.5,0.0,0.25,0.0,0.16666666666666666,0.0,0.16666666666666666,0.3333333333333333,0.375,0.16666666666666666,0.25,0.0,0.3333333333333333,0.16666666666666666,0.0,0.2857142857142857,0.23076923076923078,0.25,0.3076923076923077,0.3333333333333333,0.2222222222222222,0.375,0.3333333333333333,0.3333333333333333,0.5,0.38461538461538464,0.3076923076923077,0.16666666666666666,0.2857142857142857,0.3333333333333333,0.26666666666666666,0.0,0.25,0.2222222222222222,0.2857142857142857,0.2,0.42857142857142855,0.3333333333333333,0.16666666666666666,0.2222222222222222,0.375,0.38461538461538464,0.16666666666666666,0.2222222222222222,0.2727272727272727,0.42857142857142855,0.4,0.16666666666666666,0.3333333333333333,0.2857142857142857,0.3333333333333333,0.0,0.3333333333333333,0.2,0.5,0.1111111111111111,0.375,0.2727272727272727,0.4166666666666667,0.2222222222222222,0.16666666666666666,0.42857142857142855,0.2857142857142857,0.4444444444444444,0.25,0.16666666666666666,0.2857142857142857,0.2222222222222222,0.4444444444444444,0.2,0.4,0.2857142857142857,0.14285714285714285,0.14285714285714285,0.2,0.25,0.1,0.16666666666666666,0.25,0.375,0.375,0.2222222222222222,0.1,0.25,0.375,0.2,0.1111111111111111,0.3333333333333333,0.4,0.16666666666666666,0.375,0.3333333333333333,0.3,0.2222222222222222,0.25,0.16666666666666666,0.16666666666666666,0.0,0.3333333333333333,0.14285714285714285,0.2857142857142857,0.16666666666666666,0.0
2591,0.0,0.1111111111111111,0.0,0.0,0.09090909090909091,0.1111111111111111,0.09090909090909091,0.08333333333333333,0.13333333333333333,0.18181818181818182,0.3333333333333333,0.2222222222222222,0.14285714285714285,0.1,0.25,0.2857142857142857,0.3,0.07692307692307693,0.16666666666666666,0.16666666666666666,0.09090909090909091,0.0,0.0,0.25,0.4,0.4,0.2857142857142857,0.09090909090909091,0.0,0.1111111111111111,0.2857142857142857,0.08333333333333333,0.2,0.1,0.09090909090909091,0.0,0.2,0.2222222222222222,0.0,0.25,0.2857142857142857,0.2,0.14285714285714285,0.3,0.1,0.3333333333333333,0.15384615384615385,0.2857142857142857,0.125,0.4,0.2222222222222222,0.5,0.2857142857142857,0.3,0.2857142857142857,0.375,0.2857142857142857,0.375,0.2222222222222222,0.125,0.3333333333333333,0.23076923076923078,0.21428571428571427,0.16666666666666666,0.2727272727272727,0.6,0.375,0.2857142857142857,0.3333333333333333,0.08333333333333333,0.0,0.2,0.16666666666666666,1.0,0.5,0.5,0.14285714285714285,0.25,0.2857142857142857,0.4,0.5,0.5,0.5,0.5,0.5,0.3333333333333333,0.2857142857142857,0.1,0.5,0.25,0.3333333333333333,0.25,0.75,0.75,0.5,0.5,0.5,0.5,0.25,0.5,0.375,0.5,0.5,0.42857142857142855,0.4,0.5,0.5,0.5,0.2857142857142857,0.14285714285714285,0.2,0.3333333333333333,0.125,0.4,0.5,0.25,0.16666666666666666,0.16666666666666666,0.125,0.3333333333333333,0.25,0.5,0.3333333333333333,0.2,0.75,0.2857142857142857,0.15384615384615385,0.125,0.0,0.3333333333333333,0.2222222222222222,0.25,0.4,0.4444444444444444,0.3333333333333333,0.07692307692307693,0.0,0.16666666666666666,0.14285714285714285,0.3333333333333333,0.06666666666666667,0.25,0.125,0.1111111111111111,0.14285714285714285,0.3,0.14285714285714285,0.2222222222222222,0.3333333333333333,0.1111111111111111,0.25,0.15384615384615385,0.5,0.2222222222222222,0.09090909090909091,0.14285714285714285,0.2,0.08333333333333333,0.1111111111111111,0.14285714285714285,0.16666666666666666,0.6,0.0,0.2,0.16666666666666666,0.2222222222222222,0.0,0.09090909090909091,0.16666666666666666,0.1111111111111111,0.4,0.14285714285714285,0.2857142857142857,0.1111111111111111,0.25,0.25,0.2857142857142857,0.3333333333333333,0.3333333333333333,0.1,0.1,0.14285714285714285,0.14285714285714285,0.2857142857142857,0.2,0.375,0.2,0.25,0.08333333333333333,0.375,0.125,0.1111111111111111,0.2,0.08333333333333333,0.25,0.1,0.1111111111111111,0.3333333333333333,0.2,0.4,0.125,0.1111111111111111,0.0,0.3333333333333333,0.25,0.4,0.16666666666666666,0.2857142857142857,0.1111111111111111,0.42857142857142855,0.42857142857142855,0.6,0.5
2592,0.2727272727272727,0.2222222222222222,0.0,0.5,0.2727272727272727,0.1111111111111111,0.2727272727272727,0.08333333333333333,0.26666666666666666,0.36363636363636365,0.3333333333333333,0.3333333333333333,0.2857142857142857,0.2,0.375,0.2857142857142857,0.3,0.23076923076923078,0.4166666666666667,0.0,0.2727272727272727,0.09090909090909091,0.2222222222222222,0.125,0.16666666666666666,0.16666666666666666,0.2857142857142857,0.18181818181818182,0.16666666666666666,0.1111111111111111,0.2857142857142857,0.25,0.16666666666666666,0.2,0.2727272727272727,0.2222222222222222,0.5,0.4444444444444444,0.125,0.375,0.42857142857142855,0.3,0.35714285714285715,0.4,0.1,0.3333333333333333,0.23076923076923078,0.2857142857142857,0.25,0.3333333333333333,0.2222222222222222,0.5,0.14285714285714285,0.3,0.42857142857142855,0.5,0.42857142857142855,0.375,0.3333333333333333,0.25,0.5,0.15384615384615385,0.21428571428571427,0.3333333333333333,0.45454545454545453,0.3333333333333333,0.25,0.2857142857142857,0.6666666666666666,0.3333333333333333,0.3333333333333333,0.3333333333333333,0.0,0.5,1.0,0.3333333333333333,0.2857142857142857,0.16666666666666666,0.42857142857142855,0.5,0.16666666666666666,0.3333333333333333,0.3333333333333333,0.6666666666666666,0.16666666666666666,0.5,0.5714285714285714,0.3,0.5,0.375,0.5,0.5,0.3333333333333333,0.5,0.3333333333333333,0.5,0.3333333333333333,0.16666666666666666,0.3333333333333333,0.3333333333333333,0.75,0.3333333333333333,0.3333333333333333,0.5714285714285714,0.5,0.3333333333333333,0.3333333333333333,0.3333333333333333,0.7142857142857143,0.2857142857142857,0.16666666666666666,0.6666666666666666,0.375,0.5,0.16666666666666666,0.3333333333333333,0.3333333333333333,0.3333333333333333,0.25,0.3333333333333333,0.125,0.3333333333333333,0.4444444444444444,0.5,0.6666666666666666,0.2857142857142857,0.3076923076923077,0.5,0.15384615384615385,0.3333333333333333,0.4444444444444444,0.25,0.16666666666666666,0.4444444444444444,0.3333333333333333,0.3076923076923077,0.15384615384615385,0.5,0.2857142857142857,0.5,0.26666666666666666,0.25,0.375,0.2222222222222222,0.0,0.2,0.0,0.2222222222222222,0.16666666666666666,0.2222222222222222,0.25,0.15384615384615385,0.16666666666666666,0.4444444444444444,0.18181818181818182,0.2857142857142857,0.1,0.3333333333333333,0.2222222222222222,0.2857142857142857,0.16666666666666666,0.6666666666666666,0.0,0.2,0.16666666666666666,0.4444444444444444,0.25,0.18181818181818182,0.25,0.2222222222222222,0.3333333333333333,0.14285714285714285,0.2857142857142857,0.2222222222222222,0.25,0.16666666666666666,0.2857142857142857,0.2222222222222222,0.3333333333333333,0.1,0.3,0.2857142857142857,0.2857142857142857,0.5714285714285714,0.4,0.25,0.4,0.16666666666666666,0.25,0.375,0.375,0.2222222222222222,0.3,0.08333333333333333,0.25,0.3,0.1111111111111111,0.16666666666666666,0.2,0.5,0.125,0.3333333333333333,0.0,0.4444444444444444,0.25,0.5,0.3333333333333333,0.2857142857142857,0.0,0.2857142857142857,0.42857142857142855,0.6666666666666666,0.5
2593,0.09090909090909091,0.2222222222222222,0.0,0.0,0.0,0.1111111111111111,0.09090909090909091,0.08333333333333333,0.06666666666666667,0.09090909090909091,0.2222222222222222,0.2222222222222222,0.0,0.1,0.125,0.0,0.1,0.07692307692307693,0.08333333333333333,0.0,0.09090909090909091,0.0,0.0,0.25,0.4,0.4,0.2857142857142857,0.09090909090909091,0.25,0.1111111111111111,0.2857142857142857,0.16666666666666666,0.4,0.2,0.09090909090909091,0.0,0.3,0.1111111111111111,0.125,0.25,0.0,0.1,0.21428571428571427,0.3,0.0,0.16666666666666666,0.07692307692307693,0.14285714285714285,0.0,0.4,0.0,0.25,0.14285714285714285,0.2,0.0,0.25,0.14285714285714285,0.375,0.1111111111111111,0.25,0.3333333333333333,0.15384615384615385,0.14285714285714285,0.3333333333333333,0.18181818181818182,0.4,0.25,0.14285714285714285,0.3333333333333333,0.16666666666666666,0.0,0.0,0.0,0.5,0.3333333333333333,1.0,0.2857142857142857,0.0,0.14285714285714285,0.0,0.6666666666666666,0.25,0.6666666666666666,0.3333333333333333,0.3333333333333333,0.16666666666666666,0.14285714285714285,0.1,0.25,0.125,0.3333333333333333,0.3333333333333333,0.5,0.5,0.6666666666666666,0.6666666666666666,0.25,0.25,0.3333333333333333,0.6666666666666666,0.25,0.6666666666666666,0.6666666666666666,0.2857142857142857,0.4,0.75,0.25,0.3333333333333333,0.14285714285714285,0.14285714285714285,0.0,0.16666666666666666,0.125,0.4,0.3333333333333333,0.3333333333333333,0.3333333333333333,0.16666666666666666,0.25,0.5,0.25,0.3333333333333333,0.1111111111111111,0.2,0.5,0.2857142857142857,0.15384615384615385,0.0,0.07692307692307693,0.16666666666666666,0.1111111111111111,0.125,0.2,0.3333333333333333,0.16666666666666666,0.0,0.07692307692307693,0.16666666666666666,0.0,0.16666666666666666,0.06666666666666667,0.25,0.0,0.0,0.14285714285714285,0.2,0.0,0.1111111111111111,0.0,0.0,0.0,0.0,0.3333333333333333,0.1111111111111111,0.09090909090909091,0.14285714285714285,0.2,0.08333333333333333,0.1111111111111111,0.14285714285714285,0.0,0.4,0.0,0.2,0.16666666666666666,0.1111111111111111,0.0,0.09090909090909091,0.25,0.1111111111111111,0.4,0.2857142857142857,0.2857142857142857,0.0,0.0,0.0,0.0,0.1111111111111111,0.1111111111111111,0.2,0.1,0.14285714285714285,0.2857142857142857,0.2857142857142857,0.2,0.125,0.2,0.25,0.08333333333333333,0.125,0.125,0.1111111111111111,0.1,0.0,0.25,0.2,0.1111111111111111,0.0,0.0,0.2,0.0,0.1111111111111111,0.1,0.2222222222222222,0.0,0.2,0.16666666666666666,0.14285714285714285,0.1111111111111111,0.2857142857142857,0.2857142857142857,0.4,0.5
2599,0.45454545454545453,0.3333333333333333,0.2857142857142857,0.5714285714285714,0.45454545454545453,0.3333333333333333,0.45454545454545453,0.4166666666666667,0.4,0.18181818181818182,0.2222222222222222,0.4444444444444444,0.5714285714285714,0.5,0.5,0.0,0.5,0.38461538461538464,0.4166666666666667,0.14285714285714285,0.2727272727272727,0.36363636363636365,0.5555555555555556,0.5,0.2857142857142857,0.42857142857142855,0.5714285714285714,0.5454545454545454,0.2857142857142857,0.1111111111111111,0.7142857142857143,0.5833333333333334,0.42857142857142855,0.5,0.5454545454545454,0.3333333333333333,0.4,0.5555555555555556,0.75,0.25,0.42857142857142855,0.6,0.42857142857142855,0.4,0.4,0.0,0.23076923076923078,0.14285714285714285,0.125,0.14285714285714285,0.3333333333333333,0.25,0.2857142857142857,0.3,0.42857142857142855,0.5,0.42857142857142855,0.5,0.3333333333333333,0.625,0.2857142857142857,0.38461538461538464,0.21428571428571427,0.5714285714285714,0.36363636363636365,0.2857142857142857,0.125,0.5714285714285714,0.5714285714285714,0.4166666666666667,0.2857142857142857,0.2857142857142857,0.42857142857142855,0.14285714285714285,0.2857142857142857,0.2857142857142857,1.0,0.0,0.42857142857142855,0.0,0.14285714285714285,0.14285714285714285,0.14285714285714285,0.14285714285714285,0.14285714285714285,0.2857142857142857,0.2857142857142857,0.3,0.14285714285714285,0.5,0.42857142857142855,0.0,0.2857142857142857,0.14285714285714285,0.14285714285714285,0.14285714285714285,0.0,0.14285714285714285,0.0,0.14285714285714285,0.25,0.14285714285714285,0.14285714285714285,0.42857142857142855,0.2857142857142857,0.2857142857142857,0.0,0.0,0.14285714285714285,0.5714285714285714,0.14285714285714285,0.2857142857142857,0.5,0.2857142857142857,0.0,0.14285714285714285,0.5714285714285714,0.42857142857142855,0.75,0.42857142857142855,0.5,0.0,0.2222222222222222,0.2857142857142857,0.14285714285714285,0.5714285714285714,0.23076923076923078,0.375,0.46153846153846156,0.14285714285714285,0.4444444444444444,0.125,0.14285714285714285,0.3333333333333333,0.42857142857142855,0.3076923076923077,0.46153846153846156,0.2857142857142857,0.14285714285714285,0.0,0.4,0.375,0.375,0.2222222222222222,0.2857142857142857,0.2,0.14285714285714285,0.0,0.0,0.2222222222222222,0.0,0.38461538461538464,0.0,0.1111111111111111,0.2727272727272727,0.42857142857142855,0.3,0.25,0.3333333333333333,0.42857142857142855,0.0,0.14285714285714285,0.2857142857142857,0.2,0.14285714285714285,0.1111111111111111,0.375,0.2727272727272727,0.4166666666666667,0.2222222222222222,0.14285714285714285,0.5714285714285714,0.42857142857142855,0.3333333333333333,0.125,0.14285714285714285,0.14285714285714285,0.1111111111111111,0.2222222222222222,0.3,0.4,0.14285714285714285,0.2857142857142857,0.42857142857142855,0.3,0.0,0.1,0.0,0.16666666666666666,0.125,0.125,0.1111111111111111,0.0,0.16666666666666666,0.375,0.3,0.3333333333333333,0.2857142857142857,0.1,0.0,0.375,0.4444444444444444,0.3,0.2222222222222222,0.125,0.0,0.2857142857142857,0.14285714285714285,0.4444444444444444,0.14285714285714285,0.14285714285714285,0.2857142857142857,0.2857142857142857
2610,0.09090909090909091,0.0,0.0,0.16666666666666666,0.09090909090909091,0.1111111111111111,0.09090909090909091,0.0,0.0,0.18181818181818182,0.2222222222222222,0.0,0.0,0.0,0.25,0.14285714285714285,0.1,0.07692307692307693,0.08333333333333333,0.16666666666666666,0.0,0.09090909090909091,0.1111111111111111,0.125,0.2,0.2,0.14285714285714285,0.18181818181818182,0.0,0.2222222222222222,0.14285714285714285,0.08333333333333333,0.0,0.1,0.0,0.0,0.1,0.1111111111111111,0.0,0.125,0.2857142857142857,0.2,0.07142857142857142,0.2,0.1,0.16666666666666666,0.0,0.14285714285714285,0.125,0.0,0.1111111111111111,0.125,0.14285714285714285,0.2,0.2857142857142857,0.25,0.2857142857142857,0.125,0.2222222222222222,0.0,0.16666666666666666,0.07692307692307693,0.14285714285714285,0.0,0.18181818181818182,0.2,0.125,0.14285714285714285,0.16666666666666666,0.08333333333333333,0.2,0.2,0.16666666666666666,0.25,0.16666666666666666,0.0,0.0,1.0,0.2857142857142857,0.4,0.3333333333333333,0.25,0.0,0.3333333333333333,0.3333333333333333,0.3333333333333333,0.2857142857142857,0.2,0.25,0.25,0.16666666666666666,0.3333333333333333,0.25,0.5,0.0,0.0,0.25,0.25,0.3333333333333333,0.0,0.125,0.0,0.0,0.14285714285714285,0.2,0.0,0.25,0.0,0.14285714285714285,0.2857142857142857,0.2,0.0,0.125,0.0,0.5,0.3333333333333333,0.0,0.16666666666666666,0.0,0.0,0.125,0.0,0.2222222222222222,0.2,0.25,0.14285714285714285,0.07692307692307693,0.125,0.07692307692307693,0.16666666666666666,0.1111111111111111,0.25,0.2,0.2222222222222222,0.0,0.07692307692307693,0.07692307692307693,0.0,0.0,0.0,0.06666666666666667,0.0,0.125,0.1111111111111111,0.14285714285714285,0.1,0.14285714285714285,0.1111111111111111,0.16666666666666666,0.0,0.125,0.07692307692307693,0.3333333333333333,0.0,0.18181818181818182,0.0,0.1,0.08333333333333333,0.0,0.0,0.16666666666666666,0.2,0.0,0.0,0.0,0.1111111111111111,0.125,0.0,0.0,0.0,0.0,0.0,0.0,0.2222222222222222,0.125,0.0,0.2857142857142857,0.1111111111111111,0.1111111111111111,0.0,0.0,0.0,0.14285714285714285,0.14285714285714285,0.1,0.125,0.1,0.0,0.08333333333333333,0.125,0.125,0.1111111111111111,0.0,0.0,0.125,0.1,0.0,0.16666666666666666,0.1,0.0,0.125,0.0,0.0,0.1111111111111111,0.125,0.4,0.0,0.0,0.1111111111111111,0.14285714285714285,0.14285714285714285,0.4,0.0
2620,0.45454545454545453,0.1111111111111111,0.2857142857142857,0.42857142857142855,0.45454545454545453,0.2222222222222222,0.2727272727272727,0.25,0.2,0.36363636363636365,0.3333333333333333,0.4444444444444444,0.42857142857142855,0.3,0.625,0.14285714285714285,0.4,0.23076923076923078,0.3333333333333333,0.42857142857142855,0.36363636363636365,0.36363636363636365,0.5555555555555556,0.25,0.14285714285714285,0.14285714285714285,0.2857142857142857,0.5454545454545454,0.14285714285714285,0.2222222222222222,0.42857142857142855,0.4166666666666667,0.14285714285714285,0.4,0.36363636363636365,0.3333333333333333,0.5,0.4444444444444444,0.5,0.375,0.5714285714285714,0.5,0.35714285714285715,0.4,0.5,0.2857142857142857,0.3076923076923077,0.2857142857142857,0.25,0.14285714285714285,0.2222222222222222,0.375,0.42857142857142855,0.4,0.7142857142857143,0.75,0.7142857142857143,0.5,0.4444444444444444,0.25,0.5714285714285714,0.38461538461538464,0.35714285714285715,0.2857142857142857,0.45454545454545453,0.5714285714285714,0.375,0.7142857142857143,0.7142857142857143,0.4166666666666667,0.42857142857142855,0.42857142857142855,0.42857142857142855,0.2857142857142857,0.42857142857142855,0.14285714285714285,0.42857142857142855,0.2857142857142857,1.0,0.42857142857142855,0.2857142857142857,0.2857142857142857,0.14285714285714285,0.42857142857142855,0.2857142857142857,0.5714285714285714,0.42857142857142855,0.5,0.2857142857142857,0.625,0.5714285714285714,0.2857142857142857,0.2857142857142857,0.42857142857142855,0.2857142857142857,0.14285714285714285,0.2857142857142857,0.2857142857142857,0.42857142857142855,0.14285714285714285,0.375,0.14285714285714285,0.2857142857142857,0.5714285714285714,0.2857142857142857,0.14285714285714285,0.2857142857142857,0.14285714285714285,0.42857142857142855,0.7142857142857143,0.42857142857142855,0.14285714285714285,0.5,0.2857142857142857,0.2857142857142857,0.14285714285714285,0.2857142857142857,0.42857142857142855,0.5,0.42857142857142855,0.375,0.2857142857142857,0.3333333333333333,0.5714285714285714,0.2857142857142857,0.42857142857142855,0.3076923076923077,0.5,0.38461538461538464,0.42857142857142855,0.5555555555555556,0.25,0.14285714285714285,0.5555555555555556,0.42857142857142855,0.3076923076923077,0.38461538461538464,0.42857142857142855,0.14285714285714285,0.14285714285714285,0.3333333333333333,0.0,0.625,0.2222222222222222,0.14285714285714285,0.1,0.14285714285714285,0.2222222222222222,0.14285714285714285,0.0,0.125,0.38461538461538464,0.2857142857142857,0.2222222222222222,0.2727272727272727,0.42857142857142855,0.4,0.25,0.3333333333333333,0.14285714285714285,0.14285714285714285,0.2857142857142857,0.2857142857142857,0.1,0.14285714285714285,0.3333333333333333,0.625,0.18181818181818182,0.25,0.0,0.14285714285714285,0.14285714285714285,0.14285714285714285,0.5555555555555556,0.125,0.0,0.42857142857142855,0.2222222222222222,0.3333333333333333,0.2,0.5,0.0,0.2857142857142857,0.14285714285714285,0.3,0.25,0.2,0.14285714285714285,0.25,0.375,0.375,0.2222222222222222,0.1,0.08333333333333333,0.25,0.1,0.1111111111111111,0.2857142857142857,0.2,0.14285714285714285,0.375,0.2222222222222222,0.2,0.2222222222222222,0.125,0.42857142857142855,0.14285714285714285,0.14285714285714285,0.3333333333333333,0.2857142857142857,0.2857142857142857,0.5714285714285714,0.2857142857142857
2630,0.2727272727272727,0.2222222222222222,0.2,0.3333333333333333,0.2727272727272727,0.1111111111111111,0.09090909090909091,0.08333333333333333,0.13333333333333333,0.36363636363636365,0.2222222222222222,0.2222222222222222,0.14285714285714285,0.0,0.25,0.42857142857142855,0.2,0.15384615384615385,0.25,0.3333333333333333,0.18181818181818182,0.18181818181818182,0.2222222222222222,0.25,0.2,0.2,0.14285714285714285,0.2727272727272727,0.0,0.2222222222222222,0.14285714285714285,0.16666666666666666,0.0,0.2,0.2727272727272727,0.2222222222222222,0.3,0.2222222222222222,0.125,0.25,0.42857142857142855,0.2,0.14285714285714285,0.2,0.2,0.3333333333333333,0.23076923076923078,0.2857142857142857,0.25,0.0,0.2222222222222222,0.375,0.2857142857142857,0.2,0.5714285714285714,0.375,0.2857142857142857,0.125,0.2222222222222222,0.0,0.3333333333333333,0.15384615384615385,0.21428571428571427,0.0,0.2727272727272727,0.4,0.25,0.14285714285714285,0.16666666666666666,0.25,0.2,0.4,0.16666666666666666,0.4,0.5,0.0,0.0,0.4,0.42857142857142855,1.0,0.2,0.4,0.2,0.5,0.2,0.5,0.42857142857142855,0.4,0.4,0.375,0.3333333333333333,0.4,0.2,0.4,0.2,0.2,0.4,0.2,0.4,0.0,0.375,0.0,0.2,0.2857142857142857,0.2,0.0,0.4,0.2,0.42857142857142855,0.42857142857142855,0.6,0.3333333333333333,0.25,0.0,0.2,0.2,0.16666666666666666,0.3333333333333333,0.125,0.16666666666666666,0.25,0.4,0.5555555555555556,0.4,0.4,0.14285714285714285,0.23076923076923078,0.5,0.15384615384615385,0.16666666666666666,0.3333333333333333,0.25,0.4,0.4444444444444444,0.3333333333333333,0.23076923076923078,0.15384615384615385,0.16666666666666666,0.2857142857142857,0.3333333333333333,0.26666666666666666,0.125,0.375,0.2222222222222222,0.14285714285714285,0.2,0.14285714285714285,0.2222222222222222,0.3333333333333333,0.2222222222222222,0.375,0.23076923076923078,0.2,0.2222222222222222,0.18181818181818182,0.14285714285714285,0.2,0.3333333333333333,0.1111111111111111,0.14285714285714285,0.3333333333333333,0.4,0.16666666666666666,0.0,0.0,0.2222222222222222,0.25,0.18181818181818182,0.08333333333333333,0.1111111111111111,0.0,0.0,0.14285714285714285,0.4444444444444444,0.375,0.2,0.42857142857142855,0.2222222222222222,0.3333333333333333,0.1,0.2,0.2857142857142857,0.14285714285714285,0.42857142857142855,0.2,0.25,0.3,0.0,0.3333333333333333,0.375,0.25,0.1111111111111111,0.2,0.16666666666666666,0.25,0.2,0.1111111111111111,0.3333333333333333,0.3,0.4,0.125,0.2222222222222222,0.0,0.2222222222222222,0.375,0.6,0.0,0.2857142857142857,0.2222222222222222,0.2857142857142857,0.2857142857142857,0.4,0.3333333333333333
2640,0.09090909090909091,0.1111111111111111,0.0,0.0,0.0,0.2222222222222222,0.0,0.0,0.0,0.09090909090909091,0.2222222222222222,0.2222222222222222,0.0,0.0,0.125,0.14285714285714285,0.1,0.07692307692307693,0.0,0.16666666666666666,0.09090909090909091,0.0,0.0,0.25,0.4,0.4,0.2857142857142857,0.18181818181818182,0.25,0.2222222222222222,0.2857142857142857,0.08333333333333333,0.2,0.1,0.09090909090909091,0.0,0.2,0.0,0.125,0.375,0.14285714285714285,0.1,0.14285714285714285,0.3,0.1,0.3333333333333333,0.07692307692307693,0.2857142857142857,0.0,0.2,0.1111111111111111,0.25,0.2857142857142857,0.2,0.14285714285714285,0.25,0.2857142857142857,0.375,0.2222222222222222,0.125,0.16666666666666666,0.15384615384615385,0.14285714285714285,0.16666666666666666,0.18181818181818182,0.4,0.25,0.2857142857142857,0.16666666666666666,0.08333333333333333,0.0,0.2,0.16666666666666666,0.5,0.16666666666666666,0.6666666666666666,0.14285714285714285,0.3333333333333333,0.2857142857142857,0.2,1.0,0.5,0.6666666666666666,0.3333333333333333,0.6666666666666666,0.3333333333333333,0.14285714285714285,0.2,0.25,0.125,0.16666666666666666,0.3333333333333333,0.5,0.5,0.3333333333333333,0.3333333333333333,0.5,0.5,0.3333333333333333,0.3333333333333333,0.125,0.3333333333333333,0.3333333333333333,0.2857142857142857,0.2,0.5,0.5,0.3333333333333333,0.14285714285714285,0.2857142857142857,0.2,0.0,0.0,0.2,0.6666666666666666,0.0,0.16666666666666666,0.3333333333333333,0.125,0.3333333333333333,0.25,0.3333333333333333,0.1111111111111111,0.2,0.25,0.2857142857142857,0.07692307692307693,0.0,0.07692307692307693,0.3333333333333333,0.0,0.125,0.4,0.3333333333333333,0.0,0.0,0.07692307692307693,0.16666666666666666,0.0,0.16666666666666666,0.06666666666666667,0.125,0.0,0.0,0.2857142857142857,0.2,0.14285714285714285,0.2222222222222222,0.16666666666666666,0.0,0.125,0.07692307692307693,0.6666666666666666,0.1111111111111111,0.18181818181818182,0.0,0.3,0.08333333333333333,0.0,0.0,0.16666666666666666,0.2,0.0,0.1,0.16666666666666666,0.1111111111111111,0.0,0.0,0.16666666666666666,0.0,0.2,0.14285714285714285,0.14285714285714285,0.1111111111111111,0.125,0.0,0.14285714285714285,0.2222222222222222,0.2222222222222222,0.1,0.1,0.14285714285714285,0.2857142857142857,0.14285714285714285,0.2,0.25,0.2,0.25,0.08333333333333333,0.25,0.125,0.1111111111111111,0.1,0.0,0.25,0.1,0.1111111111111111,0.16666666666666666,0.1,0.2,0.125,0.1111111111111111,0.1,0.1111111111111111,0.125,0.4,0.0,0.0,0.2222222222222222,0.42857142857142855,0.2857142857142857,0.4,0.3333333333333333
2651,0.09090909090909091,0.1111111111111111,0.25,0.3333333333333333,0.09090909090909091,0.2222222222222222,0.09090909090909091,0.08333333333333333,0.13333333333333333,0.18181818181818182,0.3333333333333333,0.1111111111111111,0.14285714285714285,0.0,0.125,0.2857142857142857,0.2,0.07692307692307693,0.08333333333333333,0.16666666666666666,0.2727272727272727,0.09090909090909091,0.1111111111111111,0.25,0.2,0.4,0.2857142857142857,0.18181818181818182,0.0,0.1111111111111111,0.2857142857142857,0.08333333333333333,0.0,0.0,0.18181818181818182,0.1111111111111111,0.2,0.0,0.125,0.375,0.14285714285714285,0.2,0.14285714285714285,0.3,0.1,0.5,0.15384615384615385,0.5714285714285714,0.0,0.2,0.2222222222222222,0.375,0.42857142857142855,0.3,0.2857142857142857,0.25,0.2857142857142857,0.25,0.3333333333333333,0.0,0.16666666666666666,0.23076923076923078,0.14285714285714285,0.0,0.2727272727272727,0.4,0.25,0.2857142857142857,0.16666666666666666,0.08333333333333333,0.0,0.4,0.16666666666666666,0.5,0.3333333333333333,0.25,0.14285714285714285,0.25,0.2857142857142857,0.4,0.5,1.0,0.25,0.5,0.5,0.5,0.2857142857142857,0.2,0.25,0.125,0.16666666666666666,0.5,0.5,0.5,0.25,0.5,0.75,0.5,0.25,0.25,0.25,0.25,0.25,0.42857142857142855,0.2,0.25,0.75,0.25,0.2857142857142857,0.14285714285714285,0.4,0.16666666666666666,0.0,0.2,0.5,0.0,0.0,0.3333333333333333,0.0,0.16666666666666666,0.25,0.25,0.2222222222222222,0.2,0.25,0.14285714285714285,0.23076923076923078,0.125,0.07692307692307693,0.3333333333333333,0.0,0.125,0.2,0.2222222222222222,0.0,0.07692307692307693,0.07692307692307693,0.3333333333333333,0.14285714285714285,0.3333333333333333,0.13333333333333333,0.125,0.0,0.0,0.14285714285714285,0.1,0.14285714285714285,0.3333333333333333,0.16666666666666666,0.2222222222222222,0.25,0.15384615384615385,0.5,0.2222222222222222,0.09090909090909091,0.0,0.2,0.08333333333333333,0.0,0.2857142857142857,0.3333333333333333,0.2,0.0,0.2,0.16666666666666666,0.1111111111111111,0.0,0.18181818181818182,0.16666666666666666,0.1111111111111111,0.2,0.0,0.0,0.2222222222222222,0.375,0.0,0.14285714285714285,0.3333333333333333,0.3333333333333333,0.0,0.2,0.14285714285714285,0.14285714285714285,0.14285714285714285,0.1,0.25,0.2,0.25,0.08333333333333333,0.375,0.25,0.2222222222222222,0.2,0.08333333333333333,0.25,0.1,0.1111111111111111,0.3333333333333333,0.2,0.4,0.25,0.1111111111111111,0.0,0.1111111111111111,0.375,0.6,0.0,0.0,0.2222222222222222,0.2857142857142857,0.42857142857142855,0.4,0.16666666666666666
2652,0.09090909090909091,0.1111111111111111,0.0,0.0,0.09090909090909091,0.1111111111111111,0.0,0.0,0.06666666666666667,0.0,0.1111111111111111,0.3333333333333333,0.14285714285714285,0.0,0.0,0.14285714285714285,0.1,0.15384615384615385,0.08333333333333333,0.0,0.09090909090909091,0.0,0.0,0.125,0.2,0.2,0.14285714285714285,0.09090909090909091,0.25,0.1111111111111111,0.14285714285714285,0.08333333333333333,0.2,0.1,0.18181818181818182,0.0,0.2,0.1111111111111111,0.125,0.25,0.14285714285714285,0.0,0.14285714285714285,0.2,0.0,0.16666666666666666,0.15384615384615385,0.14285714285714285,0.125,0.2,0.1111111111111111,0.25,0.14285714285714285,0.1,0.14285714285714285,0.125,0.14285714285714285,0.25,0.1111111111111111,0.125,0.16666666666666666,0.07692307692307693,0.07142857142857142,0.16666666666666666,0.09090909090909091,0.2,0.125,0.14285714285714285,0.16666666666666666,0.08333333333333333,0.0,0.0,0.0,0.5,0.3333333333333333,0.6666666666666666,0.14285714285714285,0.0,0.14285714285714285,0.2,0.6666666666666666,0.25,1.0,0.16666666666666666,0.3333333333333333,0.16666666666666666,0.0,0.1,0.5,0.0,0.16666666666666666,0.3333333333333333,0.25,0.25,0.3333333333333333,0.3333333333333333,0.25,0.25,0.3333333333333333,0.3333333333333333,0.25,0.3333333333333333,0.3333333333333333,0.14285714285714285,0.2,0.5,0.25,0.6666666666666666,0.2857142857142857,0.14285714285714285,0.0,0.16666666666666666,0.0,0.2,0.3333333333333333,0.0,0.16666666666666666,0.16666666666666666,0.125,0.3333333333333333,0.125,0.6666666666666666,0.1111111111111111,0.2,0.5,0.14285714285714285,0.07692307692307693,0.125,0.07692307692307693,0.16666666666666666,0.1111111111111111,0.0,0.4,0.3333333333333333,0.16666666666666666,0.07692307692307693,0.07692307692307693,0.16666666666666666,0.14285714285714285,0.3333333333333333,0.13333333333333333,0.25,0.125,0.1111111111111111,0.14285714285714285,0.2,0.0,0.1111111111111111,0.16666666666666666,0.1111111111111111,0.125,0.07692307692307693,0.3333333333333333,0.2222222222222222,0.09090909090909091,0.0,0.2,0.16666666666666666,0.0,0.0,0.0,0.4,0.0,0.1,0.16666666666666666,0.2222222222222222,0.0,0.0,0.16666666666666666,0.0,0.2,0.14285714285714285,0.2857142857142857,0.0,0.125,0.25,0.14285714285714285,0.2222222222222222,0.2222222222222222,0.1,0.1,0.2857142857142857,0.2857142857142857,0.2857142857142857,0.3,0.25,0.3,0.25,0.16666666666666666,0.25,0.125,0.1111111111111111,0.2,0.08333333333333333,0.125,0.1,0.2222222222222222,0.16666666666666666,0.1,0.4,0.0,0.2222222222222222,0.1,0.2222222222222222,0.125,0.2,0.0,0.14285714285714285,0.1111111111111111,0.42857142857142855,0.14285714285714285,0.2,0.5
2660,0.18181818181818182,0.3333333333333333,0.0,0.3333333333333333,0.09090909090909091,0.1111111111111111,0.18181818181818182,0.16666666666666666,0.2,0.36363636363636365,0.5555555555555556,0.1111111111111111,0.0,0.1,0.375,0.42857142857142855,0.2,0.15384615384615385,0.25,0.16666666666666666,0.18181818181818182,0.09090909090909091,0.1111111111111111,0.25,0.3333333333333333,0.3333333333333333,0.2857142857142857,0.18181818181818182,0.16666666666666666,0.2222222222222222,0.2857142857142857,0.16666666666666666,0.16666666666666666,0.2,0.09090909090909091,0.1111111111111111,0.4,0.2222222222222222,0.0,0.375,0.2857142857142857,0.3,0.2857142857142857,0.4,0.2,0.6666666666666666,0.15384615384615385,0.5714285714285714,0.125,0.3333333333333333,0.1111111111111111,0.5,0.42857142857142855,0.4,0.2857142857142857,0.5,0.42857142857142855,0.375,0.3333333333333333,0.125,0.5,0.23076923076923078,0.35714285714285715,0.16666666666666666,0.45454545454545453,0.5,0.375,0.2857142857142857,0.5,0.25,0.16666666666666666,0.3333333333333333,0.16666666666666666,0.5,0.6666666666666666,0.3333333333333333,0.14285714285714285,0.3333333333333333,0.42857142857142855,0.5,0.3333333333333333,0.5,0.16666666666666666,1.0,0.3333333333333333,0.6666666666666666,0.7142857142857143,0.3,0.3333333333333333,0.375,0.5,0.5,0.5,0.6666666666666666,0.3333333333333333,0.5,0.6666666666666666,0.3333333333333333,0.3333333333333333,0.3333333333333333,0.625,0.3333333333333333,0.3333333333333333,0.5714285714285714,0.6666666666666666,0.3333333333333333,0.6666666666666666,0.16666666666666666,0.5714285714285714,0.2857142857142857,0.3333333333333333,0.5,0.25,0.3333333333333333,0.3333333333333333,0.3333333333333333,0.3333333333333333,0.5,0.125,0.3333333333333333,0.25,0.16666666666666666,0.4444444444444444,0.3333333333333333,0.5,0.2857142857142857,0.3076923076923077,0.25,0.07692307692307693,0.3333333333333333,0.2222222222222222,0.375,0.16666666666666666,0.4444444444444444,0.16666666666666666,0.23076923076923078,0.15384615384615385,0.5,0.2857142857142857,0.3333333333333333,0.13333333333333333,0.125,0.25,0.2222222222222222,0.2857142857142857,0.3,0.2857142857142857,0.4444444444444444,0.3333333333333333,0.2222222222222222,0.375,0.07692307692307693,0.5,0.3333333333333333,0.2727272727272727,0.14285714285714285,0.3,0.25,0.1111111111111111,0.2857142857142857,0.5,0.6666666666666666,0.16666666666666666,0.2,0.16666666666666666,0.3333333333333333,0.125,0.18181818181818182,0.25,0.3333333333333333,0.5,0.14285714285714285,0.14285714285714285,0.3333333333333333,0.25,0.16666666666666666,0.42857142857142855,0.3333333333333333,0.4444444444444444,0.2,0.3,0.2857142857142857,0.42857142857142855,0.42857142857142855,0.3,0.375,0.4,0.3333333333333333,0.25,0.5,0.5,0.3333333333333333,0.3,0.08333333333333333,0.5,0.4,0.1111111111111111,0.3333333333333333,0.2,0.5,0.25,0.2222222222222222,0.1,0.4444444444444444,0.25,0.6666666666666666,0.3333333333333333,0.2857142857142857,0.1111111111111111,0.2857142857142857,0.5714285714285714,0.6666666666666666,0.3333333333333333
2670,0.09090909090909091,0.1111111111111111,0.0,0.16666666666666666,0.09090909090909091,0.1111111111111111,0.09090909090909091,0.08333333333333333,0.06666666666666667,0.09090909090909091,0.2222222222222222,0.2222222222222222,0.0,0.1,0.125,0.14285714285714285,0.1,0.07692307692307693,0.08333333333333333,0.16666666666666666,0.09090909090909091,0.09090909090909091,0.1111111111111111,0.25,0.2,0.2,0.14285714285714285,0.18181818181818182,0.0,0.1111111111111111,0.14285714285714285,0.08333333333333333,0.0,0.1,0.09090909090909091,0.1111111111111111,0.1,0.1111111111111111,0.125,0.25,0.2857142857142857,0.2,0.14285714285714285,0.2,0.2,0.3333333333333333,0.15384615384615385,0.2857142857142857,0.0,0.2,0.2222222222222222,0.25,0.42857142857142855,0.2,0.14285714285714285,0.375,0.42857142857142855,0.25,0.3333333333333333,0.125,0.16666666666666666,0.23076923076923078,0.21428571428571427,0.0,0.2727272727272727,0.4,0.25,0.42857142857142855,0.16666666666666666,0.0,0.0,0.2,0.3333333333333333,0.5,0.16666666666666666,0.3333333333333333,0.14285714285714285,0.3333333333333333,0.2857142857142857,0.2,0.6666666666666666,0.5,0.3333333333333333,0.3333333333333333,1.0,0.5,0.14285714285714285,0.1,0.5,0.25,0.3333333333333333,0.3333333333333333,0.75,0.5,0.3333333333333333,0.3333333333333333,0.5,0.75,0.3333333333333333,0.3333333333333333,0.125,0.3333333333333333,0.3333333333333333,0.2857142857142857,0.4,0.25,0.5,0.3333333333333333,0.14285714285714285,0.2857142857142857,0.2,0.0,0.125,0.2,0.6666666666666666,0.0,0.16666666666666666,0.16666666666666666,0.125,0.16666666666666666,0.125,0.3333333333333333,0.2222222222222222,0.4,0.25,0.14285714285714285,0.07692307692307693,0.125,0.07692307692307693,0.3333333333333333,0.0,0.125,0.2,0.2222222222222222,0.0,0.07692307692307693,0.07692307692307693,0.16666666666666666,0.0,0.16666666666666666,0.06666666666666667,0.0,0.0,0.1111111111111111,0.2857142857142857,0.1,0.2857142857142857,0.2222222222222222,0.16666666666666666,0.1111111111111111,0.125,0.15384615384615385,0.6666666666666666,0.1111111111111111,0.18181818181818182,0.0,0.3,0.08333333333333333,0.0,0.0,0.16666666666666666,0.2,0.16666666666666666,0.1,0.3333333333333333,0.1111111111111111,0.0,0.0,0.16666666666666666,0.1111111111111111,0.2,0.14285714285714285,0.0,0.2222222222222222,0.125,0.25,0.14285714285714285,0.2222222222222222,0.3333333333333333,0.0,0.2,0.0,0.2857142857142857,0.14285714285714285,0.2,0.25,0.1,0.25,0.0,0.25,0.125,0.1111111111111111,0.1,0.08333333333333333,0.125,0.1,0.0,0.16666666666666666,0.1,0.2,0.125,0.1111111111111111,0.0,0.2222222222222222,0.125,0.4,0.0,0.0,0.2222222222222222,0.2857142857142857,0.2857142857142857,0.4,0.16666666666666666
2710,0.36363636363636365,0.2222222222222222,0.0,0.5,0.2727272727272727,0.1111111111111111,0.18181818181818182,0.16666666666666666,0.2,0.2727272727272727,0.3333333333333333,0.3333333333333333,0.14285714285714285,0.2,0.375,0.2857142857142857,0.2,0.15384615384615385,0.3333333333333333,0.3333333333333333,0.2727272727272727,0.2727272727272727,0.3333333333333333,0.25,0.16666666666666666,0.16666666666666666,0.14285714285714285,0.36363636363636365,0.0,0.2222222222222222,0.14285714285714285,0.25,0.0,0.3,0.2727272727272727,0.3333333333333333,0.4,0.3333333333333333,0.25,0.375,0.42857142857142855,0.4,0.35714285714285715,0.3,0.3,0.5,0.3076923076923077,0.42857142857142855,0.125,0.16666666666666666,0.2222222222222222,0.375,0.42857142857142855,0.4,0.2857142857142857,0.5,0.5714285714285714,0.375,0.4444444444444444,0.125,0.5,0.3076923076923077,0.35714285714285715,0.16666666666666666,0.45454545454545453,0.3333333333333333,0.25,0.5714285714285714,0.5,0.25,0.16666666666666666,0.5,0.5,0.3333333333333333,0.5,0.16666666666666666,0.2857142857142857,0.3333333333333333,0.5714285714285714,0.5,0.3333333333333333,0.5,0.16666666666666666,0.6666666666666666,0.5,1.0,0.42857142857142855,0.3,0.5,0.375,0.6666666666666666,0.5,0.5,0.5,0.16666666666666666,0.3333333333333333,0.5,0.5,0.3333333333333333,0.16666666666666666,0.375,0.16666666666666666,0.16666666666666666,0.5714285714285714,0.5,0.16666666666666666,0.5,0.16666666666666666,0.42857142857142855,0.42857142857142855,0.5,0.16666666666666666,0.375,0.16666666666666666,0.3333333333333333,0.16666666666666666,0.16666666666666666,0.5,0.25,0.3333333333333333,0.25,0.16666666666666666,0.4444444444444444,0.5,0.3333333333333333,0.2857142857142857,0.3076923076923077,0.375,0.23076923076923078,0.3333333333333333,0.2222222222222222,0.25,0.16666666666666666,0.4444444444444444,0.16666666666666666,0.3076923076923077,0.23076923076923078,0.3333333333333333,0.2857142857142857,0.3333333333333333,0.26666666666666666,0.0,0.25,0.2222222222222222,0.2857142857142857,0.1,0.2857142857142857,0.3333333333333333,0.16666666666666666,0.2222222222222222,0.25,0.23076923076923078,0.3333333333333333,0.2222222222222222,0.2727272727272727,0.14285714285714285,0.4,0.25,0.1111111111111111,0.2857142857142857,0.3333333333333333,0.3333333333333333,0.16666666666666666,0.1,0.3333333333333333,0.2222222222222222,0.25,0.18181818181818182,0.3333333333333333,0.2222222222222222,0.16666666666666666,0.2857142857142857,0.14285714285714285,0.5555555555555556,0.25,0.16666666666666666,0.42857142857142855,0.2222222222222222,0.5555555555555556,0.0,0.4,0.14285714285714285,0.42857142857142855,0.42857142857142855,0.3,0.25,0.3,0.16666666666666666,0.16666666666666666,0.5,0.375,0.2222222222222222,0.2,0.08333333333333333,0.375,0.3,0.1111111111111111,0.3333333333333333,0.3,0.3333333333333333,0.125,0.2222222222222222,0.1,0.3333333333333333,0.25,0.6666666666666666,0.0,0.0,0.2222222222222222,0.2857142857142857,0.42857142857142855,0.5,0.16666666666666666
2731,0.36363636363636365,0.3333333333333333,0.0,0.42857142857142855,0.2727272727272727,0.3333333333333333,0.2727272727272727,0.16666666666666666,0.3333333333333333,0.5454545454545454,0.5555555555555556,0.1111111111111111,0.14285714285714285,0.3,0.5,0.42857142857142855,0.3,0.23076923076923078,0.4166666666666667,0.2857142857142857,0.2727272727272727,0.18181818181818182,0.2222222222222222,0.25,0.2857142857142857,0.2857142857142857,0.5714285714285714,0.36363636363636365,0.2857142857142857,0.3333333333333333,0.42857142857142855,0.3333333333333333,0.14285714285714285,0.2,0.2727272727272727,0.3333333333333333,0.5,0.4444444444444444,0.25,0.375,0.42857142857142855,0.4,0.35714285714285715,0.4,0.3,0.42857142857142855,0.15384615384615385,0.42857142857142855,0.125,0.14285714285714285,0.2222222222222222,0.375,0.2857142857142857,0.3,0.42857142857142855,0.5,0.42857142857142855,0.5,0.3333333333333333,0.25,0.2857142857142857,0.23076923076923078,0.35714285714285715,0.2857142857142857,0.45454545454545453,0.2857142857142857,0.25,0.2857142857142857,0.42857142857142855,0.4166666666666667,0.2857142857142857,0.42857142857142855,0.14285714285714285,0.2857142857142857,0.5714285714285714,0.14285714285714285,0.2857142857142857,0.2857142857142857,0.42857142857142855,0.42857142857142855,0.14285714285714285,0.2857142857142857,0.0,0.7142857142857143,0.14285714285714285,0.42857142857142855,1.0,0.5,0.14285714285714285,0.5,0.2857142857142857,0.2857142857142857,0.2857142857142857,0.42857142857142855,0.14285714285714285,0.2857142857142857,0.42857142857142855,0.2857142857142857,0.14285714285714285,0.14285714285714285,0.625,0.14285714285714285,0.14285714285714285,0.5714285714285714,0.42857142857142855,0.14285714285714285,0.42857142857142855,0.0,0.5714285714285714,0.42857142857142855,0.2857142857142857,0.7142857142857143,0.5,0.2857142857142857,0.14285714285714285,0.2857142857142857,0.42857142857142855,0.5714285714285714,0.375,0.14285714285714285,0.375,0.0,0.5555555555555556,0.2857142857142857,0.2857142857142857,0.5714285714285714,0.3076923076923077,0.5,0.15384615384615385,0.42857142857142855,0.4444444444444444,0.5,0.14285714285714285,0.3333333333333333,0.14285714285714285,0.38461538461538464,0.23076923076923078,0.42857142857142855,0.2857142857142857,0.14285714285714285,0.26666666666666666,0.125,0.375,0.2222222222222222,0.2857142857142857,0.3,0.2857142857142857,0.3333333333333333,0.42857142857142855,0.3333333333333333,0.375,0.23076923076923078,0.2857142857142857,0.4444444444444444,0.45454545454545453,0.2857142857142857,0.3,0.4166666666666667,0.3333333333333333,0.42857142857142855,0.42857142857142855,0.42857142857142855,0.2857142857142857,0.2,0.14285714285714285,0.4444444444444444,0.25,0.2727272727272727,0.25,0.4444444444444444,0.42857142857142855,0.14285714285714285,0.14285714285714285,0.3333333333333333,0.25,0.14285714285714285,0.42857142857142855,0.2222222222222222,0.4444444444444444,0.3,0.4,0.2857142857142857,0.42857142857142855,0.5714285714285714,0.4,0.25,0.4,0.14285714285714285,0.25,0.375,0.375,0.2222222222222222,0.3,0.16666666666666666,0.625,0.5,0.2222222222222222,0.2857142857142857,0.3,0.2857142857142857,0.5,0.3333333333333333,0.2,0.3333333333333333,0.375,0.42857142857142855,0.5714285714285714,0.2857142857142857,0.1111111111111111,0.14285714285714285,0.42857142857142855,0.5714285714285714,0.14285714285714285
2732,0.7272727272727273,0.4,0.3,0.4,0.45454545454545453,0.5,0.36363636363636365,0.25,0.4,0.6363636363636364,0.4,0.3,0.2,0.4,0.4,0.4,0.3,0.46153846153846156,0.4166666666666667,0.3,0.5454545454545454,0.45454545454545453,0.5,0.3,0.3,0.2,0.4,0.6363636363636364,0.3,0.5,0.4,0.5,0.2,0.4,0.6363636363636364,0.5,0.7,0.4,0.5,0.6,0.4,0.4,0.5,0.4,0.5,0.4,0.46153846153846156,0.3,0.3,0.1,0.2,0.4,0.3,0.3,0.5,0.5,0.4,0.4,0.3,0.4,0.2,0.38461538461538464,0.42857142857142855,0.2,0.5454545454545454,0.3,0.3,0.3,0.3,0.6666666666666666,0.4,0.4,0.4,0.1,0.3,0.1,0.3,0.2,0.5,0.4,0.2,0.2,0.1,0.3,0.1,0.3,0.5,1.0,0.1,0.5,0.2,0.2,0.1,0.2,0.1,0.1,0.2,0.2,0.2,0.0,0.4,0.0,0.1,0.4,0.1,0.2,0.2,0.0,0.4,0.6,0.4,0.3,0.4,0.1,0.1,0.1,0.3,0.4,0.5,0.2,0.4,0.1,0.6,0.3,0.1,0.4,0.46153846153846156,0.6,0.46153846153846156,0.4,0.5,0.5,0.3,0.5,0.3,0.5384615384615384,0.46153846153846156,0.3,0.2,0.3,0.5333333333333333,0.1,0.4,0.2,0.2,0.3,0.2,0.4,0.2,0.3,0.4,0.46153846153846156,0.1,0.5,0.5454545454545454,0.4,0.5,0.5833333333333334,0.5,0.3,0.3,0.1,0.3,0.3,0.3,0.4,0.5,0.45454545454545453,0.5,0.3,0.2,0.2,0.2,0.5,0.3,0.0,0.2,0.2,0.4,0.5,0.6,0.4,0.3,0.4,0.5,0.2,0.5,0.1,0.5833333333333334,0.3,0.5,0.3,0.3,0.3333333333333333,0.5,0.5,0.2,0.1,0.5,0.2,0.5,0.5,0.4,0.2,0.4,0.3,0.3,0.1,0.4,0.2,0.3,0.3,0.2
2733,0.18181818181818182,0.1111111111111111,0.0,0.3333333333333333,0.2727272727272727,0.0,0.18181818181818182,0.08333333333333333,0.13333333333333333,0.09090909090909091,0.2222222222222222,0.3333333333333333,0.14285714285714285,0.1,0.125,0.14285714285714285,0.1,0.23076923076923078,0.25,0.0,0.09090909090909091,0.18181818181818182,0.2222222222222222,0.125,0.0,0.0,0.0,0.18181818181818182,0.0,0.1111111111111111,0.0,0.16666666666666666,0.0,0.2,0.18181818181818182,0.1111111111111111,0.2,0.3333333333333333,0.125,0.125,0.42857142857142855,0.2,0.21428571428571427,0.2,0.1,0.16666666666666666,0.23076923076923078,0.14285714285714285,0.25,0.2,0.2222222222222222,0.25,0.2857142857142857,0.2,0.2857142857142857,0.375,0.42857142857142855,0.125,0.3333333333333333,0.125,0.3333333333333333,0.15384615384615385,0.21428571428571427,0.0,0.2727272727272727,0.2,0.125,0.2857142857142857,0.3333333333333333,0.08333333333333333,0.2,0.0,0.16666666666666666,0.5,0.5,0.25,0.14285714285714285,0.25,0.2857142857142857,0.4,0.25,0.25,0.5,0.3333333333333333,0.5,0.5,0.14285714285714285,0.1,1.0,0.25,0.5,0.5,0.5,0.5,0.25,0.25,0.25,0.5,0.5,0.25,0.375,0.25,0.25,0.14285714285714285,0.6,0.25,0.25,0.5,0.42857142857142855,0.2857142857142857,0.0,0.16666666666666666,0.25,0.2,0.25,0.25,0.16666666666666666,0.0,0.125,0.16666666666666666,0.0,0.5,0.3333333333333333,0.6,0.75,0.0,0.15384615384615385,0.375,0.15384615384615385,0.16666666666666666,0.2222222222222222,0.125,0.2,0.3333333333333333,0.16666666666666666,0.23076923076923078,0.15384615384615385,0.16666666666666666,0.14285714285714285,0.3333333333333333,0.2,0.125,0.25,0.3333333333333333,0.14285714285714285,0.1,0.14285714285714285,0.1111111111111111,0.16666666666666666,0.2222222222222222,0.125,0.15384615384615385,0.25,0.2222222222222222,0.18181818181818182,0.0,0.2,0.25,0.0,0.0,0.0,0.6,0.16666666666666666,0.1,0.3333333333333333,0.3333333333333333,0.125,0.0,0.16666666666666666,0.1111111111111111,0.2,0.14285714285714285,0.14285714285714285,0.2222222222222222,0.125,0.5,0.2857142857142857,0.2222222222222222,0.3333333333333333,0.0,0.2,0.14285714285714285,0.42857142857142855,0.42857142857142855,0.4,0.25,0.3,0.25,0.16666666666666666,0.25,0.25,0.2222222222222222,0.2,0.16666666666666666,0.0,0.2,0.1111111111111111,0.16666666666666666,0.1,0.4,0.0,0.2222222222222222,0.0,0.4444444444444444,0.125,0.4,0.0,0.14285714285714285,0.1111111111111111,0.2857142857142857,0.14285714285714285,0.4,0.3333333333333333
2750,0.45454545454545453,0.3333333333333333,0.25,0.5,0.5454545454545454,0.3333333333333333,0.5454545454545454,0.4166666666666667,0.3333333333333333,0.5454545454545454,0.3333333333333333,0.3333333333333333,0.375,0.5,0.75,0.125,0.5,0.38461538461538464,0.5,0.375,0.18181818181818182,0.45454545454545453,0.5555555555555556,0.625,0.375,0.25,0.375,0.6363636363636364,0.125,0.3333333333333333,0.5,0.5833333333333334,0.25,0.6,0.36363636363636365,0.4444444444444444,0.4,0.5555555555555556,0.5,0.25,0.75,0.7,0.42857142857142855,0.5,0.6,0.125,0.3076923076923077,0.125,0.375,0.25,0.4444444444444444,0.375,0.375,0.3,0.625,0.875,0.625,0.375,0.5555555555555556,0.625,0.375,0.46153846153846156,0.42857142857142855,0.25,0.5454545454545454,0.5,0.5,0.5,0.5,0.4166666666666667,0.375,0.25,0.375,0.25,0.375,0.125,0.5,0.25,0.625,0.375,0.125,0.125,0.0,0.375,0.25,0.375,0.5,0.5,0.25,1.0,0.5,0.125,0.375,0.375,0.25,0.125,0.125,0.25,0.25,0.125,0.375,0.125,0.25,0.375,0.375,0.125,0.125,0.0,0.25,0.75,0.25,0.25,0.625,0.25,0.125,0.375,0.5,0.25,0.625,0.375,0.5,0.125,0.5555555555555556,0.5,0.25,0.375,0.3076923076923077,0.625,0.46153846153846156,0.25,0.5555555555555556,0.5,0.125,0.4444444444444444,0.375,0.38461538461538464,0.46153846153846156,0.25,0.0,0.0,0.4,0.25,0.5,0.4444444444444444,0.375,0.3,0.375,0.2222222222222222,0.25,0.2222222222222222,0.25,0.46153846153846156,0.125,0.2222222222222222,0.45454545454545453,0.375,0.4,0.4166666666666667,0.4444444444444444,0.125,0.25,0.25,0.5,0.2,0.25,0.2222222222222222,0.5,0.2727272727272727,0.25,0.3333333333333333,0.125,0.25,0.125,0.5555555555555556,0.125,0.125,0.25,0.2222222222222222,0.2222222222222222,0.4,0.4,0.0,0.25,0.375,0.3,0.25,0.1,0.0,0.3333333333333333,0.25,0.25,0.2222222222222222,0.1,0.25,0.25,0.4,0.0,0.125,0.2,0.0,0.375,0.3333333333333333,0.2,0.4444444444444444,0.25,0.25,0.25,0.375,0.5555555555555556,0.25,0.375,0.5,0.25
2790,0.36363636363636365,0.3333333333333333,0.16666666666666666,0.3333333333333333,0.36363636363636365,0.0,0.2727272727272727,0.3333333333333333,0.2,0.2727272727272727,0.3333333333333333,0.4444444444444444,0.14285714285714285,0.3,0.375,0.0,0.2,0.15384615384615385,0.3333333333333333,0.3333333333333333,0.2727272727272727,0.36363636363636365,0.4444444444444444,0.375,0.16666666666666666,0.16666666666666666,0.14285714285714285,0.36363636363636365,0.0,0.1111111111111111,0.14285714285714285,0.4166666666666667,0.16666666666666666,0.5,0.2727272727272727,0.3333333333333333,0.5,0.4444444444444444,0.375,0.125,0.2857142857142857,0.4,0.35714285714285715,0.3,0.3,0.16666666666666666,0.3076923076923077,0.14285714285714285,0.125,0.3333333333333333,0.1111111111111111,0.25,0.42857142857142855,0.4,0.2857142857142857,0.625,0.42857142857142855,0.375,0.3333333333333333,0.25,0.8333333333333334,0.38461538461538464,0.42857142857142855,0.3333333333333333,0.36363636363636365,0.5,0.375,0.42857142857142855,0.6666666666666666,0.3333333333333333,0.16666666666666666,0.16666666666666666,0.3333333333333333,0.3333333333333333,0.5,0.3333333333333333,0.42857142857142855,0.16666666666666666,0.5714285714285714,0.3333333333333333,0.16666666666666666,0.16666666666666666,0.16666666666666666,0.5,0.3333333333333333,0.6666666666666666,0.2857142857142857,0.2,0.5,0.5,1.0,0.3333333333333333,0.5,0.5,0.5,0.3333333333333333,0.16666666666666666,0.3333333333333333,0.5,0.3333333333333333,0.375,0.3333333333333333,0.5,0.42857142857142855,0.6666666666666666,0.3333333333333333,0.16666666666666666,0.16666666666666666,0.2857142857142857,0.42857142857142855,0.3333333333333333,0.16666666666666666,0.625,0.3333333333333333,0.16666666666666666,0.3333333333333333,0.5,0.16666666666666666,0.5,0.6666666666666666,0.375,0.3333333333333333,0.4444444444444444,0.6666666666666666,0.5,0.2857142857142857,0.38461538461538464,0.375,0.3076923076923077,0.16666666666666666,0.4444444444444444,0.25,0.0,0.5555555555555556,0.5,0.23076923076923078,0.3076923076923077,0.16666666666666666,0.14285714285714285,0.16666666666666666,0.26666666666666666,0.125,0.375,0.2222222222222222,0.14285714285714285,0.1,0.14285714285714285,0.1111111111111111,0.0,0.1111111111111111,0.0,0.23076923076923078,0.16666666666666666,0.1111111111111111,0.18181818181818182,0.42857142857142855,0.4,0.25,0.3333333333333333,0.2857142857142857,0.0,0.5,0.3333333333333333,0.2,0.3333333333333333,0.2222222222222222,0.375,0.2727272727272727,0.3333333333333333,0.2222222222222222,0.3333333333333333,0.42857142857142855,0.2857142857142857,0.4444444444444444,0.0,0.16666666666666666,0.2857142857142857,0.1111111111111111,0.3333333333333333,0.2,0.4,0.0,0.42857142857142855,0.42857142857142855,0.3,0.125,0.2,0.16666666666666666,0.16666666666666666,0.25,0.25,0.2222222222222222,0.1,0.16666666666666666,0.25,0.3,0.1111111111111111,0.16666666666666666,0.1,0.16666666666666666,0.0,0.1111111111111111,0.1,0.4444444444444444,0.0,0.3333333333333333,0.16666666666666666,0.2857142857142857,0.2222222222222222,0.14285714285714285,0.2857142857142857,0.5,0.5
2811,0.18181818181818182,0.1111111111111111,0.0,0.3333333333333333,0.09090909090909091,0.0,0.09090909090909091,0.0,0.06666666666666667,0.18181818181818182,0.2222222222222222,0.1111111111111111,0.0,0.0,0.125,0.14285714285714285,0.0,0.07692307692307693,0.16666666666666666,0.0,0.18181818181818182,0.09090909090909091,0.1111111111111111,0.0,0.0,0.0,0.0,0.09090909090909091,0.0,0.1111111111111111,0.0,0.08333333333333333,0.0,0.1,0.09090909090909091,0.1111111111111111,0.3,0.1111111111111111,0.0,0.25,0.14285714285714285,0.1,0.21428571428571427,0.2,0.0,0.3333333333333333,0.15384615384615385,0.2857142857142857,0.125,0.2,0.0,0.25,0.14285714285714285,0.2,0.14285714285714285,0.25,0.2857142857142857,0.125,0.2222222222222222,0.0,0.3333333333333333,0.07692307692307693,0.14285714285714285,0.0,0.2727272727272727,0.2,0.125,0.14285714285714285,0.3333333333333333,0.16666666666666666,0.2,0.2,0.0,0.25,0.5,0.3333333333333333,0.0,0.3333333333333333,0.2857142857142857,0.4,0.3333333333333333,0.5,0.3333333333333333,0.5,0.3333333333333333,0.5,0.2857142857142857,0.2,0.5,0.125,0.3333333333333333,1.0,0.25,0.5,0.3333333333333333,0.6666666666666666,0.5,0.25,0.6666666666666666,0.3333333333333333,0.375,0.3333333333333333,0.3333333333333333,0.2857142857142857,0.4,0.25,0.5,0.3333333333333333,0.42857142857142855,0.14285714285714285,0.2,0.16666666666666666,0.125,0.2,0.3333333333333333,0.3333333333333333,0.0,0.16666666666666666,0.0,0.16666666666666666,0.0,0.3333333333333333,0.2222222222222222,0.4,0.5,0.0,0.23076923076923078,0.25,0.07692307692307693,0.16666666666666666,0.1111111111111111,0.125,0.0,0.2222222222222222,0.0,0.15384615384615385,0.07692307692307693,0.3333333333333333,0.14285714285714285,0.3333333333333333,0.13333333333333333,0.0,0.125,0.1111111111111111,0.0,0.0,0.0,0.2222222222222222,0.0,0.1111111111111111,0.125,0.0,0.3333333333333333,0.2222222222222222,0.09090909090909091,0.0,0.1,0.16666666666666666,0.0,0.14285714285714285,0.16666666666666666,0.4,0.0,0.1,0.16666666666666666,0.2222222222222222,0.125,0.09090909090909091,0.16666666666666666,0.1111111111111111,0.2,0.0,0.0,0.2222222222222222,0.125,0.0,0.14285714285714285,0.1111111111111111,0.2222222222222222,0.0,0.2,0.14285714285714285,0.2857142857142857,0.2857142857142857,0.2,0.125,0.3,0.25,0.16666666666666666,0.25,0.375,0.2222222222222222,0.2,0.0,0.125,0.2,0.0,0.0,0.1,0.4,0.0,0.1111111111111111,0.0,0.2222222222222222,0.125,0.6,0.0,0.0,0.0,0.14285714285714285,0.2857142857142857,0.4,0.16666666666666666
2812,0.09090909090909091,0.2222222222222222,0.0,0.16666666666666666,0.09090909090909091,0.1111111111111111,0.18181818181818182,0.16666666666666666,0.13333333333333333,0.18181818181818182,0.3333333333333333,0.2222222222222222,0.0,0.2,0.25,0.14285714285714285,0.2,0.07692307692307693,0.16666666666666666,0.16666666666666666,0.09090909090909091,0.09090909090909091,0.1111111111111111,0.375,0.4,0.4,0.2857142857142857,0.18181818181818182,0.0,0.1111111111111111,0.2857142857142857,0.16666666666666666,0.2,0.2,0.09090909090909091,0.1111111111111111,0.2,0.2222222222222222,0.125,0.25,0.2857142857142857,0.3,0.21428571428571427,0.3,0.2,0.3333333333333333,0.15384615384615385,0.2857142857142857,0.0,0.4,0.2222222222222222,0.375,0.42857142857142855,0.3,0.14285714285714285,0.5,0.42857142857142855,0.375,0.3333333333333333,0.25,0.3333333333333333,0.3076923076923077,0.2857142857142857,0.16666666666666666,0.36363636363636365,0.6,0.375,0.42857142857142855,0.3333333333333333,0.08333333333333333,0.0,0.2,0.3333333333333333,0.75,0.3333333333333333,0.5,0.2857142857142857,0.25,0.2857142857142857,0.2,0.5,0.5,0.25,0.5,0.75,0.5,0.2857142857142857,0.1,0.5,0.375,0.5,0.25,1.0,0.75,0.5,0.5,0.5,0.75,0.25,0.5,0.25,0.5,0.5,0.42857142857142855,0.6,0.5,0.5,0.25,0.14285714285714285,0.2857142857142857,0.2,0.16666666666666666,0.25,0.4,0.5,0.25,0.3333333333333333,0.16666666666666666,0.25,0.3333333333333333,0.25,0.25,0.3333333333333333,0.4,0.5,0.2857142857142857,0.15384615384615385,0.125,0.07692307692307693,0.3333333333333333,0.1111111111111111,0.25,0.2,0.3333333333333333,0.16666666666666666,0.07692307692307693,0.07692307692307693,0.16666666666666666,0.0,0.16666666666666666,0.06666666666666667,0.125,0.0,0.1111111111111111,0.2857142857142857,0.2,0.2857142857142857,0.2222222222222222,0.16666666666666666,0.1111111111111111,0.125,0.15384615384615385,0.5,0.1111111111111111,0.18181818181818182,0.14285714285714285,0.3,0.08333333333333333,0.1111111111111111,0.14285714285714285,0.16666666666666666,0.4,0.16666666666666666,0.2,0.3333333333333333,0.1111111111111111,0.0,0.09090909090909091,0.25,0.2222222222222222,0.4,0.2857142857142857,0.14285714285714285,0.2222222222222222,0.125,0.25,0.14285714285714285,0.2222222222222222,0.3333333333333333,0.1,0.2,0.0,0.2857142857142857,0.2857142857142857,0.2,0.25,0.1,0.25,0.0,0.25,0.125,0.1111111111111111,0.1,0.08333333333333333,0.25,0.2,0.0,0.16666666666666666,0.1,0.2,0.125,0.1111111111111111,0.0,0.3333333333333333,0.125,0.4,0.16666666666666666,0.14285714285714285,0.2222222222222222,0.2857142857142857,0.42857142857142855,0.6,0.3333333333333333
2813,0.09090909090909091,0.1111111111111111,0.0,0.16666666666666666,0.09090909090909091,0.1111111111111111,0.18181818181818182,0.08333333333333333,0.06666666666666667,0.2727272727272727,0.4444444444444444,0.1111111111111111,0.0,0.1,0.375,0.14285714285714285,0.2,0.07692307692307693,0.16666666666666666,0.16666666666666666,0.09090909090909091,0.09090909090909091,0.1111111111111111,0.25,0.4,0.4,0.2857142857142857,0.18181818181818182,0.0,0.2222222222222222,0.2857142857142857,0.16666666666666666,0.2,0.2,0.0,0.0,0.3,0.2222222222222222,0.0,0.25,0.2857142857142857,0.3,0.21428571428571427,0.4,0.1,0.3333333333333333,0.07692307692307693,0.2857142857142857,0.125,0.4,0.1111111111111111,0.375,0.2857142857142857,0.4,0.2857142857142857,0.5,0.42857142857142855,0.375,0.3333333333333333,0.125,0.5,0.23076923076923078,0.2857142857142857,0.16666666666666666,0.36363636363636365,0.6,0.375,0.2857142857142857,0.5,0.16666666666666666,0.2,0.2,0.16666666666666666,0.75,0.5,0.5,0.14285714285714285,0.5,0.42857142857142855,0.4,0.5,0.5,0.25,0.6666666666666666,0.5,0.5,0.42857142857142855,0.2,0.5,0.375,0.5,0.5,0.75,1.0,0.5,0.5,0.5,0.5,0.5,0.5,0.375,0.5,0.5,0.42857142857142855,0.6,0.5,0.5,0.25,0.2857142857142857,0.2857142857142857,0.2,0.16666666666666666,0.25,0.4,0.5,0.5,0.16666666666666666,0.16666666666666666,0.125,0.3333333333333333,0.25,0.25,0.3333333333333333,0.4,0.75,0.2857142857142857,0.23076923076923078,0.125,0.07692307692307693,0.3333333333333333,0.2222222222222222,0.375,0.2,0.4444444444444444,0.16666666666666666,0.07692307692307693,0.07692307692307693,0.16666666666666666,0.0,0.16666666666666666,0.06666666666666667,0.125,0.125,0.1111111111111111,0.14285714285714285,0.2,0.14285714285714285,0.2222222222222222,0.16666666666666666,0.0,0.125,0.07692307692307693,0.5,0.1111111111111111,0.18181818181818182,0.14285714285714285,0.2,0.08333333333333333,0.1111111111111111,0.14285714285714285,0.16666666666666666,0.6,0.0,0.2,0.16666666666666666,0.2222222222222222,0.125,0.09090909090909091,0.16666666666666666,0.1111111111111111,0.4,0.14285714285714285,0.14285714285714285,0.2222222222222222,0.125,0.0,0.2857142857142857,0.2222222222222222,0.2222222222222222,0.1,0.1,0.0,0.2857142857142857,0.2857142857142857,0.2,0.25,0.2,0.25,0.08333333333333333,0.25,0.25,0.2222222222222222,0.1,0.0,0.25,0.2,0.0,0.16666666666666666,0.1,0.2,0.125,0.0,0.0,0.3333333333333333,0.125,0.6,0.16666666666666666,0.14285714285714285,0.1111111111111111,0.2857142857142857,0.42857142857142855,0.8,0.3333333333333333
2814,0.09090909090909091,0.2222222222222222,0.25,0.0,0.09090909090909091,0.0,0.09090909090909091,0.16666666666666666,0.06666666666666667,0.18181818181818182,0.2222222222222222,0.2222222222222222,0.0,0.1,0.125,0.0,0.1,0.0,0.08333333333333333,0.16666666666666666,0.18181818181818182,0.09090909090909091,0.1111111111111111,0.25,0.2,0.2,0.14285714285714285,0.09090909090909091,0.0,0.0,0.14285714285714285,0.16666666666666666,0.2,0.2,0.09090909090909091,0.1111111111111111,0.3,0.1111111111111111,0.125,0.125,0.0,0.1,0.14285714285714285,0.2,0.1,0.16666666666666666,0.15384615384615385,0.14285714285714285,0.0,0.4,0.0,0.25,0.2857142857142857,0.2,0.14285714285714285,0.375,0.14285714285714285,0.25,0.1111111111111111,0.125,0.5,0.23076923076923078,0.21428571428571427,0.16666666666666666,0.18181818181818182,0.6,0.375,0.14285714285714285,0.3333333333333333,0.16666666666666666,0.0,0.0,0.0,0.5,0.3333333333333333,0.6666666666666666,0.14285714285714285,0.0,0.2857142857142857,0.2,0.3333333333333333,0.25,0.3333333333333333,0.3333333333333333,0.3333333333333333,0.16666666666666666,0.14285714285714285,0.1,0.25,0.25,0.5,0.3333333333333333,0.5,0.5,1.0,0.6666666666666666,0.25,0.25,0.6666666666666666,0.6666666666666666,0.25,0.6666666666666666,1.0,0.2857142857142857,0.4,0.5,0.25,0.3333333333333333,0.14285714285714285,0.14285714285714285,0.2,0.16666666666666666,0.25,0.4,0.3333333333333333,0.3333333333333333,0.3333333333333333,0.0,0.25,0.5,0.25,0.6666666666666666,0.2222222222222222,0.4,0.5,0.14285714285714285,0.23076923076923078,0.125,0.07692307692307693,0.16666666666666666,0.2222222222222222,0.125,0.0,0.3333333333333333,0.3333333333333333,0.0,0.07692307692307693,0.16666666666666666,0.0,0.16666666666666666,0.06666666666666667,0.125,0.125,0.0,0.0,0.1,0.0,0.1111111111111111,0.0,0.0,0.0,0.07692307692307693,0.3333333333333333,0.1111111111111111,0.0,0.2857142857142857,0.2,0.08333333333333333,0.2222222222222222,0.14285714285714285,0.0,0.4,0.16666666666666666,0.2,0.16666666666666666,0.1111111111111111,0.125,0.18181818181818182,0.16666666666666666,0.1111111111111111,0.4,0.14285714285714285,0.14285714285714285,0.1111111111111111,0.0,0.0,0.0,0.1111111111111111,0.1111111111111111,0.2,0.2,0.0,0.14285714285714285,0.14285714285714285,0.1,0.125,0.1,0.25,0.08333333333333333,0.125,0.125,0.1111111111111111,0.1,0.08333333333333333,0.125,0.1,0.0,0.0,0.0,0.2,0.0,0.0,0.0,0.2222222222222222,0.0,0.2,0.16666666666666666,0.2857142857142857,0.1111111111111111,0.14285714285714285,0.2857142857142857,0.4,0.5
2815,0.09090909090909091,0.2222222222222222,0.0,0.16666666666666666,0.0,0.0,0.09090909090909091,0.08333333333333333,0.13333333333333333,0.18181818181818182,0.2222222222222222,0.1111111111111111,0.0,0.1,0.125,0.14285714285714285,0.1,0.0,0.16666666666666666,0.0,0.18181818181818182,0.0,0.0,0.125,0.2,0.2,0.14285714285714285,0.0,0.0,0.0,0.14285714285714285,0.08333333333333333,0.2,0.1,0.09090909090909091,0.1111111111111111,0.3,0.1111111111111111,0.0,0.25,0.0,0.1,0.21428571428571427,0.2,0.0,0.3333333333333333,0.15384615384615385,0.2857142857142857,0.0,0.4,0.0,0.375,0.14285714285714285,0.2,0.0,0.25,0.14285714285714285,0.25,0.1111111111111111,0.125,0.3333333333333333,0.15384615384615385,0.14285714285714285,0.16666666666666666,0.2727272727272727,0.4,0.25,0.14285714285714285,0.3333333333333333,0.16666666666666666,0.0,0.2,0.0,0.5,0.5,0.6666666666666666,0.14285714285714285,0.0,0.14285714285714285,0.2,0.3333333333333333,0.5,0.3333333333333333,0.5,0.3333333333333333,0.3333333333333333,0.2857142857142857,0.1,0.25,0.125,0.3333333333333333,0.6666666666666666,0.5,0.5,0.6666666666666666,1.0,0.5,0.25,0.3333333333333333,0.6666666666666666,0.375,0.6666666666666666,0.6666666666666666,0.42857142857142855,0.4,0.5,0.5,0.3333333333333333,0.2857142857142857,0.0,0.2,0.3333333333333333,0.125,0.4,0.3333333333333333,0.3333333333333333,0.16666666666666666,0.16666666666666666,0.125,0.3333333333333333,0.125,0.3333333333333333,0.2222222222222222,0.2,0.5,0.14285714285714285,0.23076923076923078,0.125,0.0,0.16666666666666666,0.1111111111111111,0.125,0.0,0.2222222222222222,0.16666666666666666,0.07692307692307693,0.0,0.3333333333333333,0.14285714285714285,0.3333333333333333,0.06666666666666667,0.125,0.0,0.0,0.0,0.1,0.0,0.2222222222222222,0.0,0.1111111111111111,0.125,0.0,0.3333333333333333,0.2222222222222222,0.0,0.14285714285714285,0.1,0.08333333333333333,0.1111111111111111,0.2857142857142857,0.16666666666666666,0.4,0.0,0.2,0.16666666666666666,0.1111111111111111,0.0,0.18181818181818182,0.25,0.2222222222222222,0.4,0.14285714285714285,0.14285714285714285,0.1111111111111111,0.125,0.0,0.0,0.1111111111111111,0.2222222222222222,0.1,0.2,0.14285714285714285,0.14285714285714285,0.2857142857142857,0.1,0.125,0.2,0.25,0.08333333333333333,0.25,0.25,0.1111111111111111,0.2,0.0,0.25,0.2,0.0,0.0,0.1,0.4,0.0,0.1111111111111111,0.0,0.2222222222222222,0.125,0.4,0.16666666666666666,0.14285714285714285,0.0,0.14285714285714285,0.42857142857142855,0.4,0.3333333333333333
2816,0.09090909090909091,0.2222222222222222,0.0,0.16666666666666666,0.0,0.1111111111111111,0.0,0.08333333333333333,0.13333333333333333,0.18181818181818182,0.3333333333333333,0.1111111111111111,0.0,0.0,0.125,0.42857142857142855,0.1,0.07692307692307693,0.08333333333333333,0.16666666666666666,0.18181818181818182,0.0,0.0,0.125,0.2,0.2,0.14285714285714285,0.09090909090909091,0.25,0.1111111111111111,0.14285714285714285,0.0,0.0,0.0,0.09090909090909091,0.1111111111111111,0.2,0.0,0.0,0.375,0.14285714285714285,0.1,0.14285714285714285,0.2,0.2,0.6666666666666666,0.15384615384615385,0.5714285714285714,0.0,0.2,0.1111111111111111,0.375,0.42857142857142855,0.2,0.14285714285714285,0.25,0.2857142857142857,0.25,0.2222222222222222,0.0,0.16666666666666666,0.15384615384615385,0.21428571428571427,0.0,0.2727272727272727,0.4,0.25,0.2857142857142857,0.16666666666666666,0.08333333333333333,0.0,0.4,0.16666666666666666,0.5,0.3333333333333333,0.25,0.0,0.25,0.2857142857142857,0.4,0.5,0.75,0.25,0.6666666666666666,0.5,0.5,0.42857142857142855,0.2,0.25,0.125,0.16666666666666666,0.5,0.5,0.5,0.25,0.5,1.0,0.5,0.25,0.25,0.375,0.25,0.25,0.42857142857142855,0.4,0.25,1.0,0.25,0.42857142857142855,0.14285714285714285,0.4,0.3333333333333333,0.0,0.2,0.5,0.0,0.16666666666666666,0.5,0.0,0.16666666666666666,0.125,0.25,0.2222222222222222,0.2,0.25,0.14285714285714285,0.15384615384615385,0.125,0.0,0.3333333333333333,0.0,0.125,0.2,0.2222222222222222,0.0,0.15384615384615385,0.07692307692307693,0.5,0.2857142857142857,0.3333333333333333,0.06666666666666667,0.0,0.125,0.1111111111111111,0.2857142857142857,0.2,0.2857142857142857,0.4444444444444444,0.3333333333333333,0.2222222222222222,0.375,0.07692307692307693,0.75,0.3333333333333333,0.18181818181818182,0.0,0.3,0.16666666666666666,0.0,0.14285714285714285,0.5,0.4,0.16666666666666666,0.1,0.16666666666666666,0.2222222222222222,0.0,0.09090909090909091,0.16666666666666666,0.2222222222222222,0.4,0.0,0.0,0.2222222222222222,0.25,0.25,0.2857142857142857,0.3333333333333333,0.4444444444444444,0.1,0.3,0.2857142857142857,0.2857142857142857,0.14285714285714285,0.2,0.375,0.3,0.5,0.16666666666666666,0.5,0.375,0.2222222222222222,0.3,0.08333333333333333,0.375,0.2,0.1111111111111111,0.3333333333333333,0.2,0.6,0.25,0.2222222222222222,0.1,0.2222222222222222,0.25,0.6,0.16666666666666666,0.14285714285714285,0.1111111111111111,0.2857142857142857,0.42857142857142855,0.4,0.16666666666666666
2817,0.18181818181818182,0.1111111111111111,0.0,0.16666666666666666,0.18181818181818182,0.2222222222222222,0.09090909090909091,0.08333333333333333,0.13333333333333333,0.18181818181818182,0.3333333333333333,0.2222222222222222,0.0,0.2,0.125,0.14285714285714285,0.1,0.07692307692307693,0.16666666666666666,0.3333333333333333,0.18181818181818182,0.18181818181818182,0.1111111111111111,0.25,0.2,0.2,0.2857142857142857,0.2727272727272727,0.0,0.2222222222222222,0.14285714285714285,0.16666666666666666,0.0,0.1,0.18181818181818182,0.2222222222222222,0.2,0.2222222222222222,0.25,0.25,0.2857142857142857,0.2,0.21428571428571427,0.2,0.2,0.3333333333333333,0.23076923076923078,0.2857142857142857,0.0,0.2,0.2222222222222222,0.25,0.42857142857142855,0.2,0.14285714285714285,0.375,0.42857142857142855,0.375,0.3333333333333333,0.125,0.16666666666666666,0.3076923076923077,0.2857142857142857,0.0,0.2727272727272727,0.4,0.25,0.42857142857142855,0.16666666666666666,0.08333333333333333,0.0,0.2,0.3333333333333333,0.5,0.16666666666666666,0.25,0.14285714285714285,0.25,0.2857142857142857,0.2,0.5,0.5,0.25,0.3333333333333333,0.75,0.5,0.2857142857142857,0.2,0.5,0.25,0.3333333333333333,0.25,0.75,0.5,0.25,0.25,0.5,1.0,0.25,0.25,0.125,0.25,0.25,0.2857142857142857,0.4,0.25,0.5,0.25,0.14285714285714285,0.2857142857142857,0.2,0.16666666666666666,0.25,0.2,0.5,0.0,0.16666666666666666,0.16666666666666666,0.25,0.16666666666666666,0.25,0.25,0.3333333333333333,0.4,0.25,0.2857142857142857,0.15384615384615385,0.25,0.07692307692307693,0.5,0.1111111111111111,0.25,0.2,0.2222222222222222,0.0,0.15384615384615385,0.07692307692307693,0.16666666666666666,0.0,0.16666666666666666,0.13333333333333333,0.0,0.0,0.1111111111111111,0.2857142857142857,0.1,0.2857142857142857,0.2222222222222222,0.3333333333333333,0.2222222222222222,0.125,0.23076923076923078,0.5,0.2222222222222222,0.2727272727272727,0.0,0.4,0.16666666666666666,0.1111111111111111,0.14285714285714285,0.16666666666666666,0.2,0.3333333333333333,0.2,0.5,0.2222222222222222,0.0,0.09090909090909091,0.25,0.2222222222222222,0.4,0.14285714285714285,0.0,0.2222222222222222,0.125,0.25,0.14285714285714285,0.2222222222222222,0.4444444444444444,0.1,0.3,0.0,0.42857142857142855,0.2857142857142857,0.3,0.25,0.2,0.25,0.0,0.25,0.125,0.1111111111111111,0.2,0.16666666666666666,0.25,0.2,0.1111111111111111,0.16666666666666666,0.2,0.2,0.25,0.1111111111111111,0.1,0.2222222222222222,0.25,0.4,0.16666666666666666,0.0,0.2222222222222222,0.2857142857142857,0.2857142857142857,0.4,0.16666666666666666
2818,0.18181818181818182,0.1111111111111111,0.25,0.16666666666666666,0.18181818181818182,0.0,0.09090909090909091,0.08333333333333333,0.0,0.18181818181818182,0.2222222222222222,0.2222222222222222,0.0,0.0,0.125,0.0,0.0,0.07692307692307693,0.08333333333333333,0.16666666666666666,0.18181818181818182,0.18181818181818182,0.2222222222222222,0.125,0.0,0.0,0.0,0.18181818181818182,0.0,0.1111111111111111,0.0,0.16666666666666666,0.0,0.2,0.09090909090909091,0.1111111111111111,0.3,0.1111111111111111,0.125,0.125,0.14285714285714285,0.1,0.14285714285714285,0.2,0.1,0.16666666666666666,0.15384615384615385,0.14285714285714285,0.125,0.2,0.0,0.125,0.2857142857142857,0.2,0.2857142857142857,0.375,0.2857142857142857,0.125,0.2222222222222222,0.0,0.5,0.15384615384615385,0.21428571428571427,0.0,0.18181818181818182,0.4,0.25,0.14285714285714285,0.3333333333333333,0.16666666666666666,0.2,0.0,0.0,0.25,0.3333333333333333,0.3333333333333333,0.0,0.3333333333333333,0.42857142857142855,0.4,0.3333333333333333,0.25,0.3333333333333333,0.3333333333333333,0.3333333333333333,0.3333333333333333,0.14285714285714285,0.2,0.5,0.25,0.5,0.6666666666666666,0.25,0.5,0.6666666666666666,0.3333333333333333,0.25,0.25,1.0,0.3333333333333333,0.25,0.3333333333333333,0.6666666666666666,0.14285714285714285,0.4,0.25,0.25,0.3333333333333333,0.2857142857142857,0.2857142857142857,0.2,0.0,0.25,0.2,0.3333333333333333,0.3333333333333333,0.16666666666666666,0.0,0.125,0.3333333333333333,0.125,0.6666666666666666,0.2222222222222222,0.6,0.5,0.0,0.23076923076923078,0.25,0.15384615384615385,0.16666666666666666,0.2222222222222222,0.125,0.0,0.3333333333333333,0.16666666666666666,0.07692307692307693,0.15384615384615385,0.16666666666666666,0.0,0.16666666666666666,0.13333333333333333,0.0,0.25,0.1111111111111111,0.0,0.0,0.0,0.1111111111111111,0.0,0.0,0.0,0.07692307692307693,0.3333333333333333,0.1111111111111111,0.09090909090909091,0.14285714285714285,0.2,0.16666666666666666,0.1111111111111111,0.0,0.0,0.4,0.16666666666666666,0.1,0.16666666666666666,0.2222222222222222,0.25,0.09090909090909091,0.08333333333333333,0.0,0.2,0.0,0.0,0.2222222222222222,0.0,0.0,0.14285714285714285,0.1111111111111111,0.1111111111111111,0.1,0.2,0.0,0.2857142857142857,0.14285714285714285,0.2,0.125,0.2,0.25,0.16666666666666666,0.125,0.25,0.2222222222222222,0.1,0.08333333333333333,0.0,0.1,0.0,0.0,0.0,0.2,0.0,0.0,0.0,0.2222222222222222,0.0,0.4,0.0,0.14285714285714285,0.1111111111111111,0.14285714285714285,0.14285714285714285,0.4,0.3333333333333333
2819,0.0,0.1111111111111111,0.0,0.0,0.0,0.0,0.09090909090909091,0.08333333333333333,0.06666666666666667,0.09090909090909091,0.2222222222222222,0.1111111111111111,0.0,0.1,0.125,0.0,0.1,0.0,0.08333333333333333,0.0,0.09090909090909091,0.0,0.0,0.125,0.2,0.2,0.14285714285714285,0.0,0.0,0.0,0.14285714285714285,0.08333333333333333,0.2,0.1,0.0,0.0,0.2,0.1111111111111111,0.0,0.125,0.0,0.1,0.14285714285714285,0.2,0.0,0.16666666666666666,0.07692307692307693,0.14285714285714285,0.0,0.4,0.0,0.25,0.14285714285714285,0.2,0.0,0.25,0.14285714285714285,0.25,0.1111111111111111,0.125,0.3333333333333333,0.15384615384615385,0.14285714285714285,0.16666666666666666,0.18181818181818182,0.4,0.25,0.14285714285714285,0.3333333333333333,0.08333333333333333,0.0,0.0,0.0,0.5,0.3333333333333333,0.6666666666666666,0.14285714285714285,0.0,0.14285714285714285,0.0,0.3333333333333333,0.25,0.3333333333333333,0.3333333333333333,0.3333333333333333,0.16666666666666666,0.14285714285714285,0.0,0.25,0.125,0.3333333333333333,0.3333333333333333,0.5,0.5,0.6666666666666666,0.6666666666666666,0.25,0.25,0.3333333333333333,1.0,0.25,1.0,0.6666666666666666,0.2857142857142857,0.4,0.5,0.25,0.5,0.14285714285714285,0.0,0.0,0.16666666666666666,0.125,0.4,0.5,0.3333333333333333,0.16666666666666666,0.0,0.125,0.3333333333333333,0.125,0.3333333333333333,0.1111111111111111,0.2,0.5,0.14285714285714285,0.15384615384615385,0.0,0.0,0.16666666666666666,0.1111111111111111,0.125,0.0,0.2222222222222222,0.16666666666666666,0.0,0.0,0.16666666666666666,0.0,0.16666666666666666,0.0,0.125,0.0,0.0,0.0,0.1,0.0,0.1111111111111111,0.0,0.0,0.0,0.0,0.3333333333333333,0.1111111111111111,0.0,0.14285714285714285,0.1,0.0,0.1111111111111111,0.14285714285714285,0.0,0.4,0.0,0.2,0.16666666666666666,0.1111111111111111,0.0,0.09090909090909091,0.16666666666666666,0.1111111111111111,0.4,0.14285714285714285,0.14285714285714285,0.0,0.0,0.0,0.0,0.1111111111111111,0.1111111111111111,0.1,0.1,0.0,0.14285714285714285,0.14285714285714285,0.1,0.125,0.1,0.25,0.0,0.125,0.125,0.1111111111111111,0.1,0.0,0.125,0.1,0.0,0.0,0.0,0.2,0.0,0.0,0.0,0.2222222222222222,0.0,0.2,0.16666666666666666,0.14285714285714285,0.0,0.14285714285714285,0.2857142857142857,0.4,0.3333333333333333
2821,0.2727272727272727,0.3333333333333333,0.0,0.375,0.2727272727272727,0.1111111111111111,0.36363636363636365,0.25,0.4,0.45454545454545453,0.5555555555555556,0.3333333333333333,0.25,0.3,0.375,0.5,0.3,0.38461538461538464,0.4166666666666667,0.0,0.36363636363636365,0.18181818181818182,0.3333333333333333,0.125,0.25,0.125,0.25,0.18181818181818182,0.375,0.1111111111111111,0.25,0.25,0.125,0.2,0.2727272727272727,0.3333333333333333,0.5,0.4444444444444444,0.125,0.5,0.375,0.3,0.42857142857142855,0.4,0.3,0.5,0.3076923076923077,0.5,0.375,0.375,0.2222222222222222,0.625,0.375,0.4,0.375,0.5,0.375,0.375,0.3333333333333333,0.375,0.375,0.23076923076923078,0.35714285714285715,0.25,0.45454545454545453,0.25,0.25,0.25,0.5,0.4166666666666667,0.375,0.375,0.125,0.375,0.75,0.25,0.25,0.125,0.375,0.375,0.125,0.25,0.25,0.625,0.125,0.375,0.625,0.4,0.375,0.375,0.375,0.375,0.25,0.375,0.25,0.375,0.375,0.125,0.25,0.25,1.0,0.25,0.25,0.5,0.5,0.375,0.375,0.25,0.875,0.25,0.125,0.625,0.375,0.375,0.125,0.25,0.375,0.375,0.25,0.25,0.125,0.25,0.4444444444444444,0.375,0.5,0.25,0.38461538461538464,0.5,0.23076923076923078,0.375,0.4444444444444444,0.375,0.25,0.5555555555555556,0.375,0.46153846153846156,0.3076923076923077,0.5,0.5,0.5,0.3333333333333333,0.25,0.5,0.3333333333333333,0.125,0.4,0.25,0.4444444444444444,0.25,0.3333333333333333,0.5,0.23076923076923078,0.25,0.6666666666666666,0.36363636363636365,0.375,0.2,0.5,0.3333333333333333,0.25,0.25,0.625,0.125,0.3,0.25,0.6666666666666666,0.25,0.2727272727272727,0.3333333333333333,0.4444444444444444,0.5,0.125,0.25,0.2222222222222222,0.25,0.25,0.375,0.3333333333333333,0.4444444444444444,0.3,0.4,0.5,0.375,0.5,0.5,0.5,0.5,0.375,0.4166666666666667,0.5,0.625,0.4444444444444444,0.4,0.25,0.375,0.4,0.2222222222222222,0.25,0.3,0.5,0.375,0.5555555555555556,0.2,0.6666666666666666,0.25,0.375,0.5,0.375,0.0,0.25,0.375,0.5,0.375
2822,0.0,0.1111111111111111,0.0,0.0,0.0,0.0,0.09090909090909091,0.08333333333333333,0.06666666666666667,0.09090909090909091,0.2222222222222222,0.1111111111111111,0.0,0.1,0.125,0.0,0.1,0.0,0.08333333333333333,0.0,0.09090909090909091,0.0,0.0,0.125,0.2,0.2,0.14285714285714285,0.0,0.0,0.0,0.14285714285714285,0.08333333333333333,0.2,0.1,0.0,0.0,0.2,0.1111111111111111,0.0,0.125,0.0,0.1,0.14285714285714285,0.2,0.0,0.16666666666666666,0.07692307692307693,0.14285714285714285,0.0,0.4,0.0,0.25,0.14285714285714285,0.2,0.0,0.25,0.14285714285714285,0.25,0.1111111111111111,0.125,0.3333333333333333,0.15384615384615385,0.14285714285714285,0.16666666666666666,0.18181818181818182,0.4,0.25,0.14285714285714285,0.3333333333333333,0.08333333333333333,0.0,0.0,0.0,0.5,0.3333333333333333,0.6666666666666666,0.14285714285714285,0.0,0.14285714285714285,0.0,0.3333333333333333,0.25,0.3333333333333333,0.3333333333333333,0.3333333333333333,0.16666666666666666,0.14285714285714285,0.0,0.25,0.125,0.3333333333333333,0.3333333333333333,0.5,0.5,0.6666666666666666,0.6666666666666666,0.25,0.25,0.3333333333333333,1.0,0.25,1.0,0.6666666666666666,0.2857142857142857,0.4,0.5,0.25,0.5,0.14285714285714285,0.0,0.0,0.16666666666666666,0.125,0.4,0.5,0.3333333333333333,0.16666666666666666,0.0,0.125,0.3333333333333333,0.125,0.3333333333333333,0.1111111111111111,0.2,0.5,0.14285714285714285,0.15384615384615385,0.0,0.0,0.16666666666666666,0.1111111111111111,0.125,0.0,0.2222222222222222,0.16666666666666666,0.0,0.0,0.16666666666666666,0.0,0.16666666666666666,0.0,0.125,0.0,0.0,0.0,0.1,0.0,0.1111111111111111,0.0,0.0,0.0,0.0,0.3333333333333333,0.1111111111111111,0.0,0.14285714285714285,0.1,0.0,0.1111111111111111,0.14285714285714285,0.0,0.4,0.0,0.2,0.16666666666666666,0.1111111111111111,0.0,0.09090909090909091,0.16666666666666666,0.1111111111111111,0.4,0.14285714285714285,0.14285714285714285,0.0,0.0,0.0,0.0,0.1111111111111111,0.1111111111111111,0.1,0.1,0.0,0.14285714285714285,0.14285714285714285,0.1,0.125,0.1,0.25,0.0,0.125,0.125,0.1111111111111111,0.1,0.0,0.125,0.1,0.0,0.0,0.0,0.2,0.0,0.0,0.0,0.2222222222222222,0.0,0.2,0.16666666666666666,0.14285714285714285,0.0,0.14285714285714285,0.2857142857142857,0.4,0.3333333333333333
2823,0.09090909090909091,0.2222222222222222,0.25,0.0,0.09090909090909091,0.0,0.09090909090909091,0.16666666666666666,0.06666666666666667,0.18181818181818182,0.2222222222222222,0.2222222222222222,0.0,0.1,0.125,0.0,0.1,0.0,0.08333333333333333,0.16666666666666666,0.18181818181818182,0.09090909090909091,0.1111111111111111,0.25,0.2,0.2,0.14285714285714285,0.09090909090909091,0.0,0.0,0.14285714285714285,0.16666666666666666,0.2,0.2,0.09090909090909091,0.1111111111111111,0.3,0.1111111111111111,0.125,0.125,0.0,0.1,0.14285714285714285,0.2,0.1,0.16666666666666666,0.15384615384615385,0.14285714285714285,0.0,0.4,0.0,0.25,0.2857142857142857,0.2,0.14285714285714285,0.375,0.14285714285714285,0.25,0.1111111111111111,0.125,0.5,0.23076923076923078,0.21428571428571427,0.16666666666666666,0.18181818181818182,0.6,0.375,0.14285714285714285,0.3333333333333333,0.16666666666666666,0.0,0.0,0.0,0.5,0.3333333333333333,0.6666666666666666,0.14285714285714285,0.0,0.2857142857142857,0.2,0.3333333333333333,0.25,0.3333333333333333,0.3333333333333333,0.3333333333333333,0.16666666666666666,0.14285714285714285,0.1,0.25,0.25,0.5,0.3333333333333333,0.5,0.5,1.0,0.6666666666666666,0.25,0.25,0.6666666666666666,0.6666666666666666,0.25,0.6666666666666666,1.0,0.2857142857142857,0.4,0.5,0.25,0.3333333333333333,0.14285714285714285,0.14285714285714285,0.2,0.16666666666666666,0.25,0.4,0.3333333333333333,0.3333333333333333,0.3333333333333333,0.0,0.25,0.5,0.25,0.6666666666666666,0.2222222222222222,0.4,0.5,0.14285714285714285,0.23076923076923078,0.125,0.07692307692307693,0.16666666666666666,0.2222222222222222,0.125,0.0,0.3333333333333333,0.3333333333333333,0.0,0.07692307692307693,0.16666666666666666,0.0,0.16666666666666666,0.06666666666666667,0.125,0.125,0.0,0.0,0.1,0.0,0.1111111111111111,0.0,0.0,0.0,0.07692307692307693,0.3333333333333333,0.1111111111111111,0.0,0.2857142857142857,0.2,0.08333333333333333,0.2222222222222222,0.14285714285714285,0.0,0.4,0.16666666666666666,0.2,0.16666666666666666,0.1111111111111111,0.125,0.18181818181818182,0.16666666666666666,0.1111111111111111,0.4,0.14285714285714285,0.14285714285714285,0.1111111111111111,0.0,0.0,0.0,0.1111111111111111,0.1111111111111111,0.2,0.2,0.0,0.14285714285714285,0.14285714285714285,0.1,0.125,0.1,0.25,0.08333333333333333,0.125,0.125,0.1111111111111111,0.1,0.08333333333333333,0.125,0.1,0.0,0.0,0.0,0.2,0.0,0.0,0.0,0.2222222222222222,0.0,0.2,0.16666666666666666,0.2857142857142857,0.1111111111111111,0.14285714285714285,0.2857142857142857,0.4,0.5
2824,0.36363636363636365,0.3333333333333333,0.14285714285714285,0.2857142857142857,0.18181818181818182,0.3333333333333333,0.18181818181818182,0.16666666666666666,0.3333333333333333,0.36363636363636365,0.3333333333333333,0.3333333333333333,0.2857142857142857,0.3,0.5,0.42857142857142855,0.4,0.15384615384615385,0.3333333333333333,0.2857142857142857,0.45454545454545453,0.09090909090909091,0.2222222222222222,0.25,0.2857142857142857,0.2857142857142857,0.42857142857142855,0.2727272727272727,0.14285714285714285,0.2222222222222222,0.42857142857142855,0.25,0.14285714285714285,0.2,0.36363636363636365,0.3333333333333333,0.6,0.3333333333333333,0.25,0.625,0.2857142857142857,0.4,0.35714285714285715,0.4,0.3,0.5714285714285714,0.3076923076923077,0.42857142857142855,0.0,0.2857142857142857,0.2222222222222222,0.5,0.2857142857142857,0.4,0.2857142857142857,0.5,0.42857142857142855,0.625,0.3333333333333333,0.25,0.42857142857142855,0.3076923076923077,0.35714285714285715,0.42857142857142855,0.5454545454545454,0.42857142857142855,0.5,0.5714285714285714,0.5714285714285714,0.3333333333333333,0.14285714285714285,0.5714285714285714,0.42857142857142855,0.42857142857142855,0.5714285714285714,0.2857142857142857,0.42857142857142855,0.14285714285714285,0.5714285714285714,0.2857142857142857,0.2857142857142857,0.42857142857142855,0.14285714285714285,0.5714285714285714,0.2857142857142857,0.5714285714285714,0.5714285714285714,0.4,0.14285714285714285,0.375,0.42857142857142855,0.2857142857142857,0.42857142857142855,0.42857142857142855,0.2857142857142857,0.42857142857142855,0.42857142857142855,0.2857142857142857,0.14285714285714285,0.2857142857142857,0.5,0.2857142857142857,0.2857142857142857,1.0,0.2857142857142857,0.2857142857142857,0.42857142857142855,0.14285714285714285,0.42857142857142855,0.2857142857142857,0.5714285714285714,0.42857142857142855,0.375,0.42857142857142855,0.2857142857142857,0.14285714285714285,0.2857142857142857,0.5714285714285714,0.375,0.42857142857142855,0.375,0.14285714285714285,0.4444444444444444,0.2857142857142857,0.2857142857142857,0.5714285714285714,0.38461538461538464,0.25,0.15384615384615385,0.42857142857142855,0.3333333333333333,0.375,0.14285714285714285,0.4444444444444444,0.2857142857142857,0.3076923076923077,0.15384615384615385,0.42857142857142855,0.2857142857142857,0.42857142857142855,0.2,0.125,0.25,0.0,0.14285714285714285,0.2,0.14285714285714285,0.4444444444444444,0.14285714285714285,0.2222222222222222,0.375,0.23076923076923078,0.2857142857142857,0.4444444444444444,0.18181818181818182,0.5714285714285714,0.4,0.16666666666666666,0.4444444444444444,0.5714285714285714,0.42857142857142855,0.2857142857142857,0.0,0.3,0.2857142857142857,0.2222222222222222,0.375,0.36363636363636365,0.4166666666666667,0.2222222222222222,0.2857142857142857,0.42857142857142855,0.42857142857142855,0.3333333333333333,0.375,0.0,0.2857142857142857,0.3333333333333333,0.5555555555555556,0.1,0.5,0.2857142857142857,0.14285714285714285,0.2857142857142857,0.3,0.25,0.3,0.14285714285714285,0.16666666666666666,0.625,0.375,0.2222222222222222,0.3,0.08333333333333333,0.625,0.3,0.1111111111111111,0.2857142857142857,0.4,0.42857142857142855,0.25,0.2222222222222222,0.1,0.2222222222222222,0.375,0.42857142857142855,0.2857142857142857,0.14285714285714285,0.1111111111111111,0.2857142857142857,0.7142857142857143,0.5714285714285714,0.2857142857142857
2825,0.18181818181818182,0.3333333333333333,0.0,0.3333333333333333,0.18181818181818182,0.0,0.2727272727272727,0.25,0.2,0.18181818181818182,0.4444444444444444,0.2222222222222222,0.0,0.2,0.25,0.14285714285714285,0.1,0.23076923076923078,0.25,0.0,0.09090909090909091,0.18181818181818182,0.2222222222222222,0.25,0.2,0.2,0.14285714285714285,0.18181818181818182,0.2,0.1111111111111111,0.14285714285714285,0.25,0.2,0.3,0.09090909090909091,0.1111111111111111,0.3,0.3333333333333333,0.125,0.125,0.2857142857142857,0.3,0.2857142857142857,0.3,0.2,0.3333333333333333,0.15384615384615385,0.2857142857142857,0.125,0.4,0.1111111111111111,0.25,0.42857142857142855,0.3,0.14285714285714285,0.5,0.42857142857142855,0.25,0.3333333333333333,0.25,0.5,0.23076923076923078,0.35714285714285715,0.16666666666666666,0.36363636363636365,0.4,0.25,0.2857142857142857,0.5,0.16666666666666666,0.2,0.0,0.16666666666666666,0.4,0.5,0.4,0.2857142857142857,0.2,0.2857142857142857,0.2,0.2,0.2,0.2,0.6666666666666666,0.4,0.5,0.42857142857142855,0.1,0.6,0.375,0.6666666666666666,0.4,0.6,0.6,0.4,0.4,0.4,0.4,0.4,0.4,0.5,0.4,0.4,0.2857142857142857,1.0,0.4,0.4,0.2,0.42857142857142855,0.2857142857142857,0.0,0.3333333333333333,0.375,0.4,0.2,0.4,0.5,0.16666666666666666,0.25,0.3333333333333333,0.125,0.2,0.3333333333333333,0.6,0.6,0.14285714285714285,0.23076923076923078,0.25,0.15384615384615385,0.16666666666666666,0.2222222222222222,0.25,0.0,0.3333333333333333,0.16666666666666666,0.23076923076923078,0.23076923076923078,0.3333333333333333,0.14285714285714285,0.16666666666666666,0.13333333333333333,0.125,0.25,0.3333333333333333,0.2857142857142857,0.2,0.2857142857142857,0.2222222222222222,0.16666666666666666,0.2222222222222222,0.125,0.07692307692307693,0.4,0.2222222222222222,0.2727272727272727,0.14285714285714285,0.3,0.25,0.1111111111111111,0.14285714285714285,0.16666666666666666,0.8,0.3333333333333333,0.2,0.3333333333333333,0.3333333333333333,0.125,0.09090909090909091,0.25,0.3333333333333333,0.6,0.2857142857142857,0.14285714285714285,0.2222222222222222,0.0,0.4,0.2857142857142857,0.2222222222222222,0.3333333333333333,0.2,0.3,0.14285714285714285,0.5714285714285714,0.42857142857142855,0.4,0.25,0.3,0.4,0.16666666666666666,0.25,0.375,0.3333333333333333,0.2,0.16666666666666666,0.25,0.4,0.1111111111111111,0.16666666666666666,0.0,0.4,0.125,0.2222222222222222,0.1,0.5555555555555556,0.0,0.4,0.3333333333333333,0.2857142857142857,0.1111111111111111,0.14285714285714285,0.2857142857142857,0.6,0.3333333333333333
2826,0.09090909090909091,0.2222222222222222,0.0,0.0,0.0,0.1111111111111111,0.18181818181818182,0.16666666666666666,0.13333333333333333,0.18181818181818182,0.3333333333333333,0.2222222222222222,0.0,0.2,0.125,0.14285714285714285,0.1,0.15384615384615385,0.08333333333333333,0.0,0.18181818181818182,0.09090909090909091,0.1111111111111111,0.25,0.6,0.4,0.2857142857142857,0.09090909090909091,0.5,0.1111111111111111,0.2857142857142857,0.16666666666666666,0.4,0.2,0.09090909090909091,0.1111111111111111,0.3,0.1111111111111111,0.125,0.375,0.0,0.1,0.2857142857142857,0.3,0.1,0.3333333333333333,0.15384615384615385,0.2857142857142857,0.125,0.6,0.0,0.375,0.2857142857142857,0.3,0.0,0.25,0.14285714285714285,0.375,0.1111111111111111,0.375,0.3333333333333333,0.23076923076923078,0.21428571428571427,0.3333333333333333,0.18181818181818182,0.4,0.25,0.14285714285714285,0.3333333333333333,0.25,0.2,0.2,0.16666666666666666,0.5,0.3333333333333333,0.75,0.2857142857142857,0.0,0.14285714285714285,0.0,0.5,0.25,0.5,0.3333333333333333,0.25,0.16666666666666666,0.14285714285714285,0.2,0.25,0.125,0.3333333333333333,0.25,0.5,0.5,0.5,0.5,0.25,0.25,0.25,0.5,0.375,0.5,0.5,0.2857142857142857,0.4,1.0,0.25,0.25,0.2857142857142857,0.14285714285714285,0.0,0.16666666666666666,0.125,0.4,0.25,0.25,0.3333333333333333,0.16666666666666666,0.25,0.5,0.25,0.25,0.1111111111111111,0.2,0.5,0.2857142857142857,0.23076923076923078,0.0,0.15384615384615385,0.3333333333333333,0.1111111111111111,0.25,0.4,0.4444444444444444,0.3333333333333333,0.07692307692307693,0.15384615384615385,0.16666666666666666,0.14285714285714285,0.3333333333333333,0.13333333333333333,0.25,0.0,0.0,0.14285714285714285,0.3,0.14285714285714285,0.2222222222222222,0.0,0.0,0.125,0.07692307692307693,0.25,0.2222222222222222,0.18181818181818182,0.2857142857142857,0.2,0.16666666666666666,0.2222222222222222,0.14285714285714285,0.0,0.4,0.0,0.3,0.3333333333333333,0.2222222222222222,0.0,0.18181818181818182,0.3333333333333333,0.2222222222222222,0.6,0.2857142857142857,0.2857142857142857,0.0,0.0,0.0,0.0,0.1111111111111111,0.1111111111111111,0.3,0.1,0.2857142857142857,0.2857142857142857,0.2857142857142857,0.2,0.25,0.2,0.5,0.16666666666666666,0.125,0.25,0.2222222222222222,0.1,0.08333333333333333,0.25,0.2,0.1111111111111111,0.0,0.1,0.2,0.125,0.2222222222222222,0.2,0.3333333333333333,0.0,0.2,0.3333333333333333,0.14285714285714285,0.1111111111111111,0.2857142857142857,0.2857142857142857,0.4,0.5
2829,0.09090909090909091,0.2222222222222222,0.0,0.16666666666666666,0.0,0.1111111111111111,0.0,0.08333333333333333,0.13333333333333333,0.18181818181818182,0.3333333333333333,0.1111111111111111,0.0,0.0,0.125,0.42857142857142855,0.1,0.07692307692307693,0.08333333333333333,0.16666666666666666,0.18181818181818182,0.0,0.0,0.125,0.2,0.2,0.14285714285714285,0.09090909090909091,0.25,0.1111111111111111,0.14285714285714285,0.0,0.0,0.0,0.09090909090909091,0.1111111111111111,0.2,0.0,0.0,0.375,0.14285714285714285,0.1,0.14285714285714285,0.2,0.2,0.6666666666666666,0.15384615384615385,0.5714285714285714,0.0,0.2,0.1111111111111111,0.375,0.42857142857142855,0.2,0.14285714285714285,0.25,0.2857142857142857,0.25,0.2222222222222222,0.0,0.16666666666666666,0.15384615384615385,0.21428571428571427,0.0,0.2727272727272727,0.4,0.25,0.2857142857142857,0.16666666666666666,0.08333333333333333,0.0,0.4,0.16666666666666666,0.5,0.3333333333333333,0.25,0.0,0.25,0.2857142857142857,0.4,0.5,0.75,0.25,0.6666666666666666,0.5,0.5,0.42857142857142855,0.2,0.25,0.125,0.16666666666666666,0.5,0.5,0.5,0.25,0.5,1.0,0.5,0.25,0.25,0.375,0.25,0.25,0.42857142857142855,0.4,0.25,1.0,0.25,0.42857142857142855,0.14285714285714285,0.4,0.3333333333333333,0.0,0.2,0.5,0.0,0.16666666666666666,0.5,0.0,0.16666666666666666,0.125,0.25,0.2222222222222222,0.2,0.25,0.14285714285714285,0.15384615384615385,0.125,0.0,0.3333333333333333,0.0,0.125,0.2,0.2222222222222222,0.0,0.15384615384615385,0.07692307692307693,0.5,0.2857142857142857,0.3333333333333333,0.06666666666666667,0.0,0.125,0.1111111111111111,0.2857142857142857,0.2,0.2857142857142857,0.4444444444444444,0.3333333333333333,0.2222222222222222,0.375,0.07692307692307693,0.75,0.3333333333333333,0.18181818181818182,0.0,0.3,0.16666666666666666,0.0,0.14285714285714285,0.5,0.4,0.16666666666666666,0.1,0.16666666666666666,0.2222222222222222,0.0,0.09090909090909091,0.16666666666666666,0.2222222222222222,0.4,0.0,0.0,0.2222222222222222,0.25,0.25,0.2857142857142857,0.3333333333333333,0.4444444444444444,0.1,0.3,0.2857142857142857,0.2857142857142857,0.14285714285714285,0.2,0.375,0.3,0.5,0.16666666666666666,0.5,0.375,0.2222222222222222,0.3,0.08333333333333333,0.375,0.2,0.1111111111111111,0.3333333333333333,0.2,0.6,0.25,0.2222222222222222,0.1,0.2222222222222222,0.25,0.6,0.16666666666666666,0.14285714285714285,0.1111111111111111,0.2857142857142857,0.42857142857142855,0.4,0.16666666666666666
2910,0.0,0.0,0.0,0.0,0.09090909090909091,0.0,0.0,0.0,0.06666666666666667,0.0,0.1111111111111111,0.2222222222222222,0.14285714285714285,0.0,0.0,0.14285714285714285,0.1,0.07692307692307693,0.08333333333333333,0.0,0.09090909090909091,0.0,0.0,0.0,0.0,0.0,0.0,0.0,0.0,0.0,0.0,0.0,0.0,0.0,0.09090909090909091,0.0,0.1,0.1111111111111111,0.0,0.125,0.14285714285714285,0.0,0.07142857142857142,0.1,0.0,0.16666666666666666,0.15384615384615385,0.14285714285714285,0.125,0.2,0.1111111111111111,0.25,0.14285714285714285,0.1,0.14285714285714285,0.125,0.14285714285714285,0.125,0.1111111111111111,0.0,0.16666666666666666,0.07692307692307693,0.07142857142857142,0.0,0.09090909090909091,0.2,0.125,0.14285714285714285,0.16666666666666666,0.0,0.0,0.0,0.0,0.5,0.3333333333333333,0.3333333333333333,0.0,0.0,0.14285714285714285,0.2,0.3333333333333333,0.25,0.6666666666666666,0.16666666666666666,0.3333333333333333,0.16666666666666666,0.0,0.0,0.5,0.0,0.16666666666666666,0.3333333333333333,0.25,0.25,0.3333333333333333,0.3333333333333333,0.25,0.25,0.3333333333333333,0.5,0.25,0.5,0.3333333333333333,0.14285714285714285,0.2,0.25,0.25,1.0,0.2857142857142857,0.0,0.0,0.16666666666666666,0.0,0.2,0.5,0.0,0.0,0.0,0.0,0.16666666666666666,0.0,0.6666666666666666,0.1111111111111111,0.2,0.5,0.0,0.07692307692307693,0.125,0.0,0.16666666666666666,0.1111111111111111,0.0,0.2,0.2222222222222222,0.16666666666666666,0.07692307692307693,0.0,0.16666666666666666,0.14285714285714285,0.3333333333333333,0.06666666666666667,0.125,0.125,0.1111111111111111,0.0,0.1,0.0,0.1111111111111111,0.16666666666666666,0.1111111111111111,0.125,0.07692307692307693,0.3333333333333333,0.2222222222222222,0.0,0.0,0.1,0.08333333333333333,0.0,0.0,0.0,0.4,0.0,0.1,0.16666666666666666,0.2222222222222222,0.0,0.0,0.08333333333333333,0.0,0.2,0.0,0.14285714285714285,0.0,0.125,0.25,0.14285714285714285,0.2222222222222222,0.2222222222222222,0.0,0.1,0.14285714285714285,0.14285714285714285,0.14285714285714285,0.2,0.25,0.2,0.25,0.08333333333333333,0.25,0.125,0.1111111111111111,0.2,0.08333333333333333,0.0,0.0,0.1111111111111111,0.16666666666666666,0.1,0.4,0.0,0.1111111111111111,0.0,0.2222222222222222,0.125,0.2,0.0,0.14285714285714285,0.0,0.2857142857142857,0.14285714285714285,0.2,0.3333333333333333
2920,0.2727272727272727,0.2222222222222222,0.0,0.42857142857142855,0.2727272727272727,0.1111111111111111,0.2727272727272727,0.16666666666666666,0.3333333333333333,0.36363636363636365,0.4444444444444444,0.3333333333333333,0.2857142857142857,0.2,0.25,0.5714285714285714,0.2,0.38461538461538464,0.3333333333333333,0.0,0.36363636363636365,0.18181818181818182,0.3333333333333333,0.0,0.14285714285714285,0.0,0.14285714285714285,0.18181818181818182,0.42857142857142855,0.1111111111111111,0.14285714285714285,0.16666666666666666,0.0,0.1,0.2727272727272727,0.3333333333333333,0.4,0.3333333333333333,0.125,0.5,0.42857142857142855,0.2,0.35714285714285715,0.3,0.3,0.5714285714285714,0.3076923076923077,0.5714285714285714,0.375,0.2857142857142857,0.2222222222222222,0.5,0.42857142857142855,0.3,0.42857142857142855,0.375,0.42857142857142855,0.25,0.3333333333333333,0.25,0.2857142857142857,0.15384615384615385,0.2857142857142857,0.14285714285714285,0.36363636363636365,0.14285714285714285,0.125,0.2857142857142857,0.42857142857142855,0.3333333333333333,0.42857142857142855,0.42857142857142855,0.14285714285714285,0.2857142857142857,0.7142857142857143,0.14285714285714285,0.14285714285714285,0.14285714285714285,0.42857142857142855,0.42857142857142855,0.14285714285714285,0.2857142857142857,0.2857142857142857,0.5714285714285714,0.14285714285714285,0.42857142857142855,0.5714285714285714,0.4,0.42857142857142855,0.25,0.2857142857142857,0.42857142857142855,0.14285714285714285,0.2857142857142857,0.14285714285714285,0.2857142857142857,0.42857142857142855,0.14285714285714285,0.2857142857142857,0.14285714285714285,0.875,0.14285714285714285,0.14285714285714285,0.42857142857142855,0.42857142857142855,0.2857142857142857,0.42857142857142855,0.2857142857142857,1.0,0.2857142857142857,0.14285714285714285,0.5714285714285714,0.25,0.2857142857142857,0.14285714285714285,0.14285714285714285,0.2857142857142857,0.42857142857142855,0.125,0.14285714285714285,0.0,0.2857142857142857,0.3333333333333333,0.42857142857142855,0.42857142857142855,0.14285714285714285,0.3076923076923077,0.5,0.23076923076923078,0.42857142857142855,0.3333333333333333,0.25,0.2857142857142857,0.4444444444444444,0.2857142857142857,0.46153846153846156,0.3076923076923077,0.5714285714285714,0.5714285714285714,0.5714285714285714,0.3333333333333333,0.125,0.5,0.3333333333333333,0.14285714285714285,0.3,0.2857142857142857,0.4444444444444444,0.2857142857142857,0.3333333333333333,0.5,0.23076923076923078,0.2857142857142857,0.6666666666666666,0.36363636363636365,0.2857142857142857,0.2,0.5,0.2222222222222222,0.14285714285714285,0.2857142857142857,0.5714285714285714,0.14285714285714285,0.2,0.2857142857142857,0.6666666666666666,0.25,0.18181818181818182,0.25,0.3333333333333333,0.42857142857142855,0.0,0.14285714285714285,0.2222222222222222,0.25,0.2857142857142857,0.42857142857142855,0.3333333333333333,0.4444444444444444,0.2,0.4,0.5714285714285714,0.42857142857142855,0.42857142857142855,0.5,0.5,0.5,0.42857142857142855,0.4166666666666667,0.5,0.625,0.4444444444444444,0.4,0.25,0.25,0.3,0.2222222222222222,0.2857142857142857,0.3,0.5714285714285714,0.375,0.5555555555555556,0.2,0.5555555555555556,0.25,0.42857142857142855,0.42857142857142855,0.2857142857142857,0.0,0.2857142857142857,0.2857142857142857,0.42857142857142855,0.2857142857142857
2930,0.5454545454545454,0.3333333333333333,0.2857142857142857,0.5714285714285714,0.45454545454545453,0.3333333333333333,0.36363636363636365,0.25,0.2,0.36363636363636365,0.2222222222222222,0.4444444444444444,0.2857142857142857,0.3,0.5,0.14285714285714285,0.3,0.38461538461538464,0.3333333333333333,0.2857142857142857,0.18181818181818182,0.36363636363636365,0.5555555555555556,0.5,0.2857142857142857,0.2857142857142857,0.42857142857142855,0.6363636363636364,0.2857142857142857,0.3333333333333333,0.5714285714285714,0.5,0.2857142857142857,0.5,0.45454545454545453,0.3333333333333333,0.4,0.4444444444444444,0.625,0.375,0.7142857142857143,0.5,0.35714285714285715,0.4,0.5,0.14285714285714285,0.23076923076923078,0.14285714285714285,0.25,0.0,0.3333333333333333,0.25,0.42857142857142855,0.2,0.7142857142857143,0.75,0.7142857142857143,0.375,0.4444444444444444,0.5,0.2857142857142857,0.3076923076923077,0.2857142857142857,0.2857142857142857,0.45454545454545453,0.42857142857142855,0.25,0.5714285714285714,0.42857142857142855,0.4166666666666667,0.42857142857142855,0.2857142857142857,0.42857142857142855,0.14285714285714285,0.2857142857142857,0.14285714285714285,0.5714285714285714,0.2857142857142857,0.7142857142857143,0.42857142857142855,0.2857142857142857,0.14285714285714285,0.14285714285714285,0.2857142857142857,0.2857142857142857,0.42857142857142855,0.42857142857142855,0.6,0.2857142857142857,0.75,0.42857142857142855,0.14285714285714285,0.2857142857142857,0.2857142857142857,0.14285714285714285,0.0,0.14285714285714285,0.2857142857142857,0.2857142857142857,0.0,0.25,0.0,0.14285714285714285,0.2857142857142857,0.2857142857142857,0.14285714285714285,0.14285714285714285,0.0,0.2857142857142857,1.0,0.2857142857142857,0.14285714285714285,0.5,0.14285714285714285,0.14285714285714285,0.14285714285714285,0.5714285714285714,0.42857142857142855,0.625,0.2857142857142857,0.375,0.14285714285714285,0.4444444444444444,0.5714285714285714,0.14285714285714285,0.42857142857142855,0.15384615384615385,0.625,0.46153846153846156,0.2857142857142857,0.4444444444444444,0.25,0.2857142857142857,0.4444444444444444,0.2857142857142857,0.3076923076923077,0.46153846153846156,0.2857142857142857,0.0,0.0,0.4,0.125,0.5,0.3333333333333333,0.42857142857142855,0.2,0.2857142857142857,0.1111111111111111,0.14285714285714285,0.1111111111111111,0.125,0.38461538461538464,0.14285714285714285,0.1111111111111111,0.45454545454545453,0.2857142857142857,0.4,0.4166666666666667,0.2222222222222222,0.0,0.14285714285714285,0.14285714285714285,0.42857142857142855,0.0,0.14285714285714285,0.2222222222222222,0.5,0.09090909090909091,0.25,0.1111111111111111,0.0,0.2857142857142857,0.14285714285714285,0.5555555555555556,0.125,0.14285714285714285,0.2857142857142857,0.1111111111111111,0.2222222222222222,0.3,0.4,0.14285714285714285,0.42857142857142855,0.42857142857142855,0.4,0.125,0.2,0.0,0.3333333333333333,0.125,0.25,0.1111111111111111,0.0,0.16666666666666666,0.25,0.3,0.1111111111111111,0.14285714285714285,0.1,0.0,0.375,0.4444444444444444,0.2,0.2222222222222222,0.125,0.2857142857142857,0.14285714285714285,0.14285714285714285,0.5555555555555556,0.2857142857142857,0.14285714285714285,0.42857142857142855,0.2857142857142857
3011,0.36363636363636365,0.3333333333333333,0.4,0.16666666666666666,0.18181818181818182,0.2222222222222222,0.0,0.16666666666666666,0.2,0.2727272727272727,0.1111111111111111,0.2222222222222222,0.14285714285714285,0.1,0.25,0.42857142857142855,0.2,0.07692307692307693,0.16666666666666666,0.5,0.36363636363636365,0.18181818181818182,0.2222222222222222,0.25,0.2,0.2,0.14285714285714285,0.2727272727272727,0.0,0.2222222222222222,0.14285714285714285,0.16666666666666666,0.0,0.2,0.36363636363636365,0.3333333333333333,0.4,0.1111111111111111,0.25,0.375,0.14285714285714285,0.2,0.14285714285714285,0.1,0.3,0.5,0.3076923076923077,0.2857142857142857,0.0,0.0,0.1111111111111111,0.25,0.2857142857142857,0.2,0.2857142857142857,0.25,0.14285714285714285,0.25,0.1111111111111111,0.0,0.3333333333333333,0.23076923076923078,0.2857142857142857,0.16666666666666666,0.2727272727272727,0.4,0.375,0.2857142857142857,0.16666666666666666,0.25,0.0,0.6,0.5,0.2,0.16666666666666666,0.0,0.14285714285714285,0.2,0.42857142857142855,0.6,0.2,0.4,0.0,0.3333333333333333,0.2,0.5,0.2857142857142857,0.4,0.0,0.25,0.3333333333333333,0.2,0.2,0.2,0.2,0.2,0.4,0.2,0.2,0.0,0.125,0.0,0.2,0.5714285714285714,0.0,0.0,0.4,0.0,0.14285714285714285,0.2857142857142857,1.0,0.16666666666666666,0.25,0.0,0.2,0.0,0.16666666666666666,0.5,0.25,0.3333333333333333,0.375,0.2,0.4444444444444444,0.2,0.0,0.2857142857142857,0.3076923076923077,0.25,0.15384615384615385,0.16666666666666666,0.2222222222222222,0.25,0.2,0.3333333333333333,0.3333333333333333,0.23076923076923078,0.15384615384615385,0.16666666666666666,0.2857142857142857,0.3333333333333333,0.2,0.0,0.25,0.0,0.14285714285714285,0.1,0.14285714285714285,0.3333333333333333,0.16666666666666666,0.2222222222222222,0.375,0.23076923076923078,0.2,0.2222222222222222,0.09090909090909091,0.42857142857142855,0.4,0.16666666666666666,0.3333333333333333,0.42857142857142855,0.5,0.0,0.16666666666666666,0.1,0.16666666666666666,0.0,0.375,0.36363636363636365,0.25,0.1111111111111111,0.0,0.2857142857142857,0.2857142857142857,0.4444444444444444,0.375,0.0,0.2857142857142857,0.2222222222222222,0.4444444444444444,0.1,0.4,0.2857142857142857,0.0,0.14285714285714285,0.1,0.125,0.2,0.0,0.25,0.5,0.25,0.1111111111111111,0.2,0.16666666666666666,0.5,0.2,0.1111111111111111,0.3333333333333333,0.4,0.4,0.125,0.1111111111111111,0.1,0.0,0.375,0.4,0.0,0.14285714285714285,0.2222222222222222,0.14285714285714285,0.42857142857142855,0.2,0.16666666666666666
3012,0.2727272727272727,0.3333333333333333,0.0,0.3333333333333333,0.2727272727272727,0.2222222222222222,0.18181818181818182,0.16666666666666666,0.4,0.36363636363636365,0.3333333333333333,0.2222222222222222,0.2857142857142857,0.3,0.25,0.42857142857142855,0.3,0.23076923076923078,0.4166666666666667,0.16666666666666666,0.2727272727272727,0.09090909090909091,0.1111111111111111,0.125,0.16666666666666666,0.16666666666666666,0.42857142857142855,0.18181818181818182,0.3333333333333333,0.1111111111111111,0.2857142857142857,0.25,0.16666666666666666,0.1,0.36363636363636365,0.3333333333333333,0.4,0.4444444444444444,0.25,0.25,0.2857142857142857,0.2,0.2857142857142857,0.2,0.2,0.3333333333333333,0.23076923076923078,0.2857142857142857,0.125,0.16666666666666666,0.2222222222222222,0.375,0.14285714285714285,0.1,0.2857142857142857,0.25,0.14285714285714285,0.375,0.1111111111111111,0.25,0.16666666666666666,0.15384615384615385,0.21428571428571427,0.3333333333333333,0.2727272727272727,0.16666666666666666,0.125,0.14285714285714285,0.3333333333333333,0.3333333333333333,0.16666666666666666,0.3333333333333333,0.0,0.3333333333333333,0.6666666666666666,0.16666666666666666,0.2857142857142857,0.0,0.14285714285714285,0.3333333333333333,0.0,0.16666666666666666,0.16666666666666666,0.5,0.0,0.16666666666666666,0.7142857142857143,0.3,0.16666666666666666,0.25,0.16666666666666666,0.16666666666666666,0.16666666666666666,0.16666666666666666,0.16666666666666666,0.3333333333333333,0.3333333333333333,0.16666666666666666,0.0,0.16666666666666666,0.625,0.16666666666666666,0.16666666666666666,0.42857142857142855,0.3333333333333333,0.16666666666666666,0.3333333333333333,0.16666666666666666,0.5714285714285714,0.14285714285714285,0.16666666666666666,1.0,0.375,0.3333333333333333,0.0,0.16666666666666666,0.5,0.5,0.375,0.16666666666666666,0.25,0.16666666666666666,0.4444444444444444,0.16666666666666666,0.3333333333333333,0.42857142857142855,0.23076923076923078,0.5,0.07692307692307693,0.3333333333333333,0.4444444444444444,0.25,0.16666666666666666,0.2222222222222222,0.3333333333333333,0.38461538461538464,0.15384615384615385,0.5,0.42857142857142855,0.3333333333333333,0.26666666666666666,0.25,0.375,0.2222222222222222,0.14285714285714285,0.3,0.14285714285714285,0.2222222222222222,0.5,0.4444444444444444,0.375,0.23076923076923078,0.16666666666666666,0.5555555555555556,0.2727272727272727,0.2857142857142857,0.2,0.4166666666666667,0.3333333333333333,0.42857142857142855,0.3333333333333333,0.5,0.3333333333333333,0.2,0.16666666666666666,0.4444444444444444,0.125,0.2727272727272727,0.25,0.4444444444444444,0.5,0.14285714285714285,0.2857142857142857,0.1111111111111111,0.25,0.3333333333333333,0.2857142857142857,0.2222222222222222,0.4444444444444444,0.3,0.4,0.42857142857142855,0.2857142857142857,0.5714285714285714,0.4,0.25,0.4,0.16666666666666666,0.25,0.375,0.25,0.1111111111111111,0.4,0.25,0.5,0.4,0.3333333333333333,0.3333333333333333,0.3,0.5,0.375,0.4444444444444444,0.2,0.3333333333333333,0.375,0.16666666666666666,0.6666666666666666,0.42857142857142855,0.0,0.14285714285714285,0.2857142857142857,0.3333333333333333,0.3333333333333333
3020,0.5454545454545454,0.4444444444444444,0.125,0.375,0.6363636363636364,0.3333333333333333,0.45454545454545453,0.4166666666666667,0.3333333333333333,0.45454545454545453,0.3333333333333333,0.4444444444444444,0.25,0.5,0.5,0.125,0.4,0.3076923076923077,0.5,0.375,0.36363636363636365,0.45454545454545453,0.5555555555555556,0.375,0.125,0.125,0.375,0.5454545454545454,0.125,0.3333333333333333,0.25,0.5833333333333334,0.125,0.6,0.45454545454545453,0.6666666666666666,0.6,0.7777777777777778,0.625,0.125,0.375,0.5,0.5,0.4,0.4,0.0,0.38461538461538464,0.0,0.25,0.125,0.3333333333333333,0.125,0.25,0.4,0.375,0.625,0.375,0.625,0.4444444444444444,0.5,0.5,0.46153846153846156,0.5,0.5,0.36363636363636365,0.25,0.25,0.375,0.5,0.5833333333333334,0.375,0.25,0.25,0.125,0.375,0.125,0.5,0.125,0.5,0.25,0.0,0.0,0.0,0.25,0.125,0.375,0.5,0.4,0.25,0.625,0.625,0.125,0.25,0.25,0.25,0.125,0.0,0.25,0.25,0.125,0.375,0.125,0.25,0.375,0.375,0.125,0.0,0.0,0.25,0.5,0.25,0.375,1.0,0.375,0.0,0.25,0.5,0.25,0.75,0.375,0.5,0.125,0.5555555555555556,0.5,0.25,0.5,0.38461538461538464,0.625,0.46153846153846156,0.25,0.7777777777777778,0.375,0.125,0.4444444444444444,0.375,0.38461538461538464,0.46153846153846156,0.25,0.25,0.125,0.4,0.25,0.5,0.3333333333333333,0.25,0.2,0.25,0.1111111111111111,0.25,0.3333333333333333,0.0,0.38461538461538464,0.0,0.2222222222222222,0.45454545454545453,0.625,0.4,0.5,0.5555555555555556,0.375,0.0,0.25,0.375,0.3,0.25,0.4444444444444444,0.625,0.45454545454545453,0.4166666666666667,0.3333333333333333,0.25,0.5,0.375,0.5555555555555556,0.125,0.25,0.375,0.0,0.3333333333333333,0.4,0.5,0.125,0.5,0.5,0.4,0.125,0.3,0.125,0.16666666666666666,0.125,0.25,0.2222222222222222,0.2,0.3333333333333333,0.375,0.5,0.3333333333333333,0.125,0.3,0.0,0.25,0.2222222222222222,0.3,0.3333333333333333,0.25,0.25,0.5,0.375,0.3333333333333333,0.125,0.25,0.375,0.375
3030,0.09090909090909091,0.2222222222222222,0.0,0.16666666666666666,0.18181818181818182,0.3333333333333333,0.36363636363636365,0.25,0.2,0.2727272727272727,0.3333333333333333,0.3333333333333333,0.2857142857142857,0.3,0.25,0.14285714285714285,0.4,0.23076923076923078,0.25,0.0,0.2727272727272727,0.09090909090909091,0.1111111111111111,0.25,0.2,0.4,0.2857142857142857,0.09090909090909091,0.2,0.2222222222222222,0.42857142857142855,0.25,0.4,0.3,0.09090909090909091,0.2222222222222222,0.3,0.3333333333333333,0.125,0.375,0.14285714285714285,0.3,0.35714285714285715,0.4,0.1,0.16666666666666666,0.23076923076923078,0.2857142857142857,0.25,0.6,0.3333333333333333,0.375,0.14285714285714285,0.4,0.14285714285714285,0.375,0.42857142857142855,0.5,0.4444444444444444,0.375,0.5,0.23076923076923078,0.21428571428571427,0.5,0.36363636363636365,0.4,0.375,0.42857142857142855,0.5,0.3333333333333333,0.4,0.2,0.0,0.4,0.5,0.4,0.2857142857142857,0.0,0.2857142857142857,0.0,0.2,0.2,0.2,0.3333333333333333,0.2,0.16666666666666666,0.2857142857142857,0.1,0.2,0.25,0.3333333333333333,0.2,0.4,0.4,0.4,0.4,0.2,0.2,0.2,0.4,0.375,0.4,0.4,0.42857142857142855,0.4,0.4,0.2,0.2,0.2857142857142857,0.14285714285714285,0.0,0.3333333333333333,0.375,1.0,0.2,0.2,0.3333333333333333,0.16666666666666666,0.25,0.3333333333333333,0.125,0.2,0.1111111111111111,0.4,0.4,0.42857142857142855,0.23076923076923078,0.125,0.23076923076923078,0.5,0.3333333333333333,0.125,0.2,0.2222222222222222,0.16666666666666666,0.07692307692307693,0.15384615384615385,0.5,0.14285714285714285,0.3333333333333333,0.13333333333333333,0.375,0.125,0.2222222222222222,0.14285714285714285,0.3,0.14285714285714285,0.2222222222222222,0.16666666666666666,0.1111111111111111,0.0,0.15384615384615385,0.2,0.2222222222222222,0.18181818181818182,0.42857142857142855,0.1,0.16666666666666666,0.2222222222222222,0.14285714285714285,0.0,0.4,0.0,0.4,0.16666666666666666,0.4444444444444444,0.375,0.18181818181818182,0.25,0.2222222222222222,0.4,0.2857142857142857,0.2857142857142857,0.2222222222222222,0.25,0.2,0.14285714285714285,0.2222222222222222,0.1111111111111111,0.2,0.2,0.14285714285714285,0.2857142857142857,0.14285714285714285,0.3,0.375,0.2,0.4,0.08333333333333333,0.125,0.25,0.2222222222222222,0.3,0.16666666666666666,0.125,0.2,0.2222222222222222,0.0,0.2,0.2,0.25,0.2222222222222222,0.2,0.2222222222222222,0.125,0.4,0.5,0.2857142857142857,0.2222222222222222,0.2857142857142857,0.42857142857142855,0.6,0.5
3040,0.0,0.0,0.0,0.0,0.0,0.1111111111111111,0.0,0.0,0.0,0.09090909090909091,0.2222222222222222,0.1111111111111111,0.0,0.0,0.125,0.14285714285714285,0.1,0.0,0.0,0.16666666666666666,0.09090909090909091,0.0,0.0,0.125,0.2,0.2,0.14285714285714285,0.09090909090909091,0.0,0.1111111111111111,0.14285714285714285,0.0,0.0,0.0,0.0,0.0,0.1,0.0,0.0,0.25,0.14285714285714285,0.1,0.07142857142857142,0.2,0.1,0.3333333333333333,0.07692307692307693,0.2857142857142857,0.0,0.2,0.1111111111111111,0.25,0.2857142857142857,0.2,0.14285714285714285,0.25,0.2857142857142857,0.25,0.2222222222222222,0.0,0.16666666666666666,0.15384615384615385,0.14285714285714285,0.0,0.18181818181818182,0.4,0.25,0.2857142857142857,0.16666666666666666,0.0,0.0,0.2,0.16666666666666666,0.5,0.16666666666666666,0.3333333333333333,0.0,0.5,0.2857142857142857,0.2,0.6666666666666666,0.5,0.3333333333333333,0.3333333333333333,0.6666666666666666,0.3333333333333333,0.14285714285714285,0.1,0.25,0.125,0.16666666666666666,0.3333333333333333,0.5,0.5,0.3333333333333333,0.3333333333333333,0.5,0.5,0.3333333333333333,0.5,0.125,0.5,0.3333333333333333,0.2857142857142857,0.2,0.25,0.5,0.5,0.14285714285714285,0.14285714285714285,0.2,0.0,0.0,0.2,1.0,0.0,0.0,0.16666666666666666,0.0,0.16666666666666666,0.125,0.3333333333333333,0.1111111111111111,0.2,0.25,0.14285714285714285,0.07692307692307693,0.0,0.0,0.3333333333333333,0.0,0.125,0.2,0.2222222222222222,0.0,0.0,0.0,0.16666666666666666,0.0,0.16666666666666666,0.0,0.0,0.0,0.0,0.14285714285714285,0.1,0.14285714285714285,0.2222222222222222,0.16666666666666666,0.0,0.125,0.07692307692307693,0.6666666666666666,0.1111111111111111,0.09090909090909091,0.0,0.2,0.0,0.0,0.0,0.16666666666666666,0.2,0.0,0.1,0.16666666666666666,0.1111111111111111,0.0,0.0,0.08333333333333333,0.0,0.2,0.0,0.0,0.1111111111111111,0.125,0.0,0.14285714285714285,0.2222222222222222,0.2222222222222222,0.0,0.1,0.0,0.14285714285714285,0.0,0.1,0.25,0.1,0.25,0.0,0.25,0.125,0.1111111111111111,0.1,0.0,0.125,0.0,0.0,0.16666666666666666,0.1,0.2,0.125,0.0,0.0,0.1111111111111111,0.125,0.4,0.0,0.0,0.1111111111111111,0.2857142857142857,0.2857142857142857,0.4,0.16666666666666666
3091,0.09090909090909091,0.1111111111111111,0.0,0.16666666666666666,0.18181818181818182,0.1111111111111111,0.2727272727272727,0.16666666666666666,0.13333333333333333,0.2727272727272727,0.2222222222222222,0.0,0.14285714285714285,0.2,0.375,0.0,0.2,0.15384615384615385,0.25,0.16666666666666666,0.0,0.18181818181818182,0.1111111111111111,0.25,0.4,0.2,0.14285714285714285,0.18181818181818182,0.0,0.2222222222222222,0.14285714285714285,0.25,0.2,0.3,0.0,0.1111111111111111,0.2,0.2222222222222222,0.0,0.0,0.2857142857142857,0.3,0.21428571428571427,0.3,0.1,0.0,0.07692307692307693,0.0,0.25,0.4,0.1111111111111111,0.125,0.0,0.2,0.14285714285714285,0.25,0.14285714285714285,0.125,0.2222222222222222,0.25,0.3333333333333333,0.15384615384615385,0.21428571428571427,0.16666666666666666,0.18181818181818182,0.2,0.25,0.0,0.3333333333333333,0.16666666666666666,0.2,0.0,0.0,0.25,0.3333333333333333,0.3333333333333333,0.14285714285714285,0.3333333333333333,0.14285714285714285,0.2,0.0,0.0,0.0,0.3333333333333333,0.0,0.16666666666666666,0.2857142857142857,0.1,0.25,0.375,0.3333333333333333,0.3333333333333333,0.25,0.5,0.3333333333333333,0.3333333333333333,0.0,0.0,0.3333333333333333,0.3333333333333333,0.25,0.3333333333333333,0.3333333333333333,0.14285714285714285,0.4,0.25,0.0,0.0,0.14285714285714285,0.14285714285714285,0.0,0.16666666666666666,0.25,0.2,0.0,1.0,0.16666666666666666,0.0,0.125,0.3333333333333333,0.25,0.0,0.2222222222222222,0.2,0.5,0.14285714285714285,0.23076923076923078,0.125,0.15384615384615385,0.0,0.2222222222222222,0.375,0.0,0.2222222222222222,0.16666666666666666,0.15384615384615385,0.15384615384615385,0.0,0.0,0.0,0.13333333333333333,0.25,0.125,0.2222222222222222,0.14285714285714285,0.2,0.14285714285714285,0.1111111111111111,0.16666666666666666,0.1111111111111111,0.125,0.07692307692307693,0.0,0.1111111111111111,0.18181818181818182,0.14285714285714285,0.1,0.16666666666666666,0.2222222222222222,0.14285714285714285,0.16666666666666666,0.4,0.16666666666666666,0.2,0.16666666666666666,0.1111111111111111,0.125,0.18181818181818182,0.08333333333333333,0.2222222222222222,0.2,0.14285714285714285,0.14285714285714285,0.1111111111111111,0.0,0.0,0.14285714285714285,0.1111111111111111,0.0,0.2,0.0,0.0,0.14285714285714285,0.2857142857142857,0.1,0.125,0.1,0.0,0.16666666666666666,0.125,0.125,0.2222222222222222,0.1,0.08333333333333333,0.125,0.3,0.0,0.0,0.1,0.0,0.0,0.0,0.1,0.3333333333333333,0.125,0.2,0.16666666666666666,0.2857142857142857,0.1111111111111111,0.14285714285714285,0.2857142857142857,0.4,0.16666666666666666
3092,0.36363636363636365,0.5555555555555556,0.16666666666666666,0.3333333333333333,0.2727272727272727,0.2222222222222222,0.2727272727272727,0.3333333333333333,0.26666666666666666,0.2727272727272727,0.2222222222222222,0.4444444444444444,0.14285714285714285,0.3,0.25,0.14285714285714285,0.2,0.3076923076923077,0.25,0.16666666666666666,0.18181818181818182,0.18181818181818182,0.3333333333333333,0.5,0.3333333333333333,0.3333333333333333,0.42857142857142855,0.36363636363636365,0.5,0.1111111111111111,0.42857142857142855,0.4166666666666667,0.3333333333333333,0.4,0.36363636363636365,0.3333333333333333,0.4,0.3333333333333333,0.5,0.25,0.2857142857142857,0.3,0.2857142857142857,0.3,0.4,0.16666666666666666,0.15384615384615385,0.14285714285714285,0.0,0.16666666666666666,0.2222222222222222,0.125,0.42857142857142855,0.1,0.2857142857142857,0.5,0.2857142857142857,0.375,0.2222222222222222,0.5,0.3333333333333333,0.23076923076923078,0.2857142857142857,0.5,0.2727272727272727,0.3333333333333333,0.25,0.2857142857142857,0.3333333333333333,0.3333333333333333,0.16666666666666666,0.16666666666666666,0.16666666666666666,0.16666666666666666,0.3333333333333333,0.3333333333333333,0.5714285714285714,0.0,0.2857142857142857,0.16666666666666666,0.16666666666666666,0.0,0.16666666666666666,0.3333333333333333,0.16666666666666666,0.16666666666666666,0.42857142857142855,0.3,0.16666666666666666,0.5,0.5,0.0,0.3333333333333333,0.16666666666666666,0.3333333333333333,0.16666666666666666,0.16666666666666666,0.16666666666666666,0.16666666666666666,0.16666666666666666,0.375,0.16666666666666666,0.3333333333333333,0.2857142857142857,0.5,0.3333333333333333,0.16666666666666666,0.0,0.2857142857142857,0.5714285714285714,0.16666666666666666,0.5,0.5,0.3333333333333333,0.0,0.16666666666666666,1.0,0.5,0.625,0.5,0.375,0.16666666666666666,0.3333333333333333,0.5,0.16666666666666666,0.42857142857142855,0.15384615384615385,0.375,0.3076923076923077,0.16666666666666666,0.3333333333333333,0.125,0.16666666666666666,0.3333333333333333,0.3333333333333333,0.23076923076923078,0.38461538461538464,0.3333333333333333,0.14285714285714285,0.0,0.26666666666666666,0.25,0.375,0.2222222222222222,0.42857142857142855,0.3,0.2857142857142857,0.1111111111111111,0.16666666666666666,0.2222222222222222,0.125,0.23076923076923078,0.16666666666666666,0.2222222222222222,0.36363636363636365,0.42857142857142855,0.4,0.4166666666666667,0.3333333333333333,0.14285714285714285,0.16666666666666666,0.3333333333333333,0.5,0.1,0.16666666666666666,0.2222222222222222,0.25,0.18181818181818182,0.25,0.3333333333333333,0.3333333333333333,0.42857142857142855,0.2857142857142857,0.2222222222222222,0.0,0.3333333333333333,0.14285714285714285,0.1111111111111111,0.2222222222222222,0.4,0.4,0.2857142857142857,0.42857142857142855,0.42857142857142855,0.4,0.125,0.2,0.16666666666666666,0.25,0.125,0.125,0.1111111111111111,0.1,0.25,0.375,0.4,0.2222222222222222,0.16666666666666666,0.0,0.16666666666666666,0.25,0.4444444444444444,0.2,0.3333333333333333,0.0,0.0,0.5,0.42857142857142855,0.3333333333333333,0.14285714285714285,0.14285714285714285,0.3333333333333333,0.5
3099,0.36363636363636365,0.3333333333333333,0.0,0.3333333333333333,0.18181818181818182,0.3333333333333333,0.09090909090909091,0.16666666666666666,0.26666666666666666,0.2727272727272727,0.2222222222222222,0.3333333333333333,0.2857142857142857,0.2,0.375,0.42857142857142855,0.3,0.23076923076923078,0.25,0.3333333333333333,0.2727272727272727,0.09090909090909091,0.2222222222222222,0.25,0.3333333333333333,0.3333333333333333,0.42857142857142855,0.36363636363636365,0.5,0.2222222222222222,0.42857142857142855,0.25,0.16666666666666666,0.2,0.36363636363636365,0.3333333333333333,0.4,0.2222222222222222,0.375,0.5,0.2857142857142857,0.3,0.2857142857142857,0.3,0.4,0.5,0.15384615384615385,0.42857142857142855,0.0,0.0,0.2222222222222222,0.25,0.2857142857142857,0.2,0.2857142857142857,0.25,0.2857142857142857,0.5,0.2222222222222222,0.25,0.16666666666666666,0.15384615384615385,0.21428571428571427,0.5,0.2727272727272727,0.16666666666666666,0.125,0.42857142857142855,0.3333333333333333,0.3333333333333333,0.16666666666666666,0.6666666666666666,0.3333333333333333,0.16666666666666666,0.3333333333333333,0.16666666666666666,0.42857142857142855,0.16666666666666666,0.42857142857142855,0.3333333333333333,0.3333333333333333,0.3333333333333333,0.16666666666666666,0.5,0.16666666666666666,0.5,0.5714285714285714,0.4,0.0,0.25,0.16666666666666666,0.16666666666666666,0.16666666666666666,0.16666666666666666,0.0,0.16666666666666666,0.5,0.16666666666666666,0.0,0.0,0.375,0.0,0.0,0.5714285714285714,0.16666666666666666,0.16666666666666666,0.5,0.0,0.42857142857142855,0.42857142857142855,0.5,0.5,0.25,0.16666666666666666,0.16666666666666666,0.0,0.5,1.0,0.375,0.3333333333333333,0.375,0.0,0.2222222222222222,0.16666666666666666,0.0,0.5714285714285714,0.15384615384615385,0.25,0.23076923076923078,0.3333333333333333,0.2222222222222222,0.125,0.3333333333333333,0.3333333333333333,0.16666666666666666,0.3076923076923077,0.3076923076923077,0.5,0.42857142857142855,0.16666666666666666,0.26666666666666666,0.125,0.375,0.1111111111111111,0.42857142857142855,0.3,0.2857142857142857,0.3333333333333333,0.3333333333333333,0.2222222222222222,0.375,0.23076923076923078,0.3333333333333333,0.3333333333333333,0.36363636363636365,0.2857142857142857,0.4,0.3333333333333333,0.2222222222222222,0.2857142857142857,0.5,0.16666666666666666,0.16666666666666666,0.0,0.0,0.2222222222222222,0.25,0.18181818181818182,0.25,0.2222222222222222,0.16666666666666666,0.2857142857142857,0.2857142857142857,0.3333333333333333,0.25,0.16666666666666666,0.42857142857142855,0.2222222222222222,0.4444444444444444,0.2,0.4,0.42857142857142855,0.2857142857142857,0.2857142857142857,0.3,0.25,0.3,0.16666666666666666,0.25,0.5,0.25,0.1111111111111111,0.2,0.08333333333333333,0.625,0.3,0.3333333333333333,0.5,0.3,0.3333333333333333,0.375,0.4444444444444444,0.3,0.1111111111111111,0.25,0.3333333333333333,0.3333333333333333,0.14285714285714285,0.2222222222222222,0.2857142857142857,0.2857142857142857,0.3333333333333333,0.16666666666666666
3100,0.6363636363636364,0.4444444444444444,0.25,0.375,0.5454545454545454,0.3333333333333333,0.36363636363636365,0.4166666666666667,0.4,0.36363636363636365,0.2222222222222222,0.5555555555555556,0.375,0.6,0.5,0.0,0.4,0.3076923076923077,0.5,0.375,0.36363636363636365,0.45454545454545453,0.5555555555555556,0.5,0.25,0.25,0.5,0.6363636363636364,0.25,0.2222222222222222,0.5,0.6666666666666666,0.375,0.6,0.6363636363636364,0.5555555555555556,0.6,0.6666666666666666,0.875,0.25,0.375,0.5,0.5,0.3,0.5,0.0,0.38461538461538464,0.0,0.125,0.125,0.2222222222222222,0.25,0.25,0.2,0.375,0.625,0.375,0.625,0.2222222222222222,0.625,0.375,0.46153846153846156,0.35714285714285715,0.5,0.36363636363636365,0.375,0.25,0.5,0.5,0.5833333333333334,0.25,0.25,0.375,0.125,0.25,0.25,0.75,0.0,0.5,0.125,0.125,0.0,0.125,0.125,0.125,0.25,0.375,0.5,0.125,0.625,0.5,0.0,0.25,0.125,0.25,0.125,0.0,0.25,0.125,0.125,0.25,0.125,0.25,0.375,0.25,0.25,0.0,0.0,0.125,0.625,0.25,0.375,0.75,0.25,0.0,0.125,0.625,0.375,1.0,0.5,0.625,0.125,0.4444444444444444,0.375,0.125,0.625,0.3076923076923077,0.625,0.46153846153846156,0.25,0.6666666666666666,0.25,0.125,0.4444444444444444,0.5,0.38461538461538464,0.46153846153846156,0.25,0.125,0.0,0.4666666666666667,0.25,0.5,0.2222222222222222,0.25,0.2,0.125,0.0,0.125,0.2222222222222222,0.0,0.46153846153846156,0.0,0.2222222222222222,0.36363636363636365,0.5,0.5,0.4166666666666667,0.5555555555555556,0.375,0.0,0.125,0.5,0.2,0.25,0.2222222222222222,0.5,0.36363636363636365,0.5,0.3333333333333333,0.25,0.5,0.375,0.4444444444444444,0.0,0.125,0.125,0.0,0.3333333333333333,0.5,0.6,0.125,0.375,0.5,0.4,0.0,0.2,0.0,0.25,0.125,0.125,0.0,0.1,0.25,0.5,0.4,0.3333333333333333,0.125,0.2,0.0,0.375,0.4444444444444444,0.4,0.2222222222222222,0.125,0.0,0.375,0.25,0.4444444444444444,0.125,0.125,0.25,0.375
3211,0.2727272727272727,0.3333333333333333,0.16666666666666666,0.0,0.2727272727272727,0.2222222222222222,0.18181818181818182,0.3333333333333333,0.2,0.2727272727272727,0.2222222222222222,0.4444444444444444,0.2857142857142857,0.3,0.375,0.0,0.3,0.15384615384615385,0.25,0.5,0.2727272727272727,0.2727272727272727,0.2222222222222222,0.5,0.5,0.3333333333333333,0.2857142857142857,0.36363636363636365,0.16666666666666666,0.2222222222222222,0.2857142857142857,0.4166666666666667,0.3333333333333333,0.5,0.2727272727272727,0.3333333333333333,0.5,0.2222222222222222,0.375,0.25,0.14285714285714285,0.3,0.35714285714285715,0.4,0.3,0.16666666666666666,0.3076923076923077,0.14285714285714285,0.125,0.5,0.1111111111111111,0.25,0.2857142857142857,0.3,0.14285714285714285,0.375,0.14285714285714285,0.5,0.2222222222222222,0.375,0.6666666666666666,0.38461538461538464,0.35714285714285715,0.5,0.18181818181818182,0.5,0.5,0.2857142857142857,0.5,0.3333333333333333,0.0,0.16666666666666666,0.16666666666666666,0.3333333333333333,0.3333333333333333,0.5,0.42857142857142855,0.0,0.42857142857142855,0.16666666666666666,0.3333333333333333,0.16666666666666666,0.3333333333333333,0.3333333333333333,0.16666666666666666,0.3333333333333333,0.14285714285714285,0.2,0.16666666666666666,0.375,0.6666666666666666,0.16666666666666666,0.3333333333333333,0.3333333333333333,0.5,0.3333333333333333,0.16666666666666666,0.16666666666666666,0.3333333333333333,0.3333333333333333,0.25,0.3333333333333333,0.5,0.42857142857142855,0.3333333333333333,0.5,0.16666666666666666,0.16666666666666666,0.14285714285714285,0.2857142857142857,0.3333333333333333,0.16666666666666666,0.375,0.3333333333333333,0.16666666666666666,0.3333333333333333,0.5,0.3333333333333333,0.5,1.0,0.625,0.3333333333333333,0.2222222222222222,0.3333333333333333,0.3333333333333333,0.42857142857142855,0.38461538461538464,0.125,0.3076923076923077,0.16666666666666666,0.3333333333333333,0.25,0.16666666666666666,0.5555555555555556,0.5,0.15384615384615385,0.3076923076923077,0.16666666666666666,0.14285714285714285,0.16666666666666666,0.26666666666666666,0.375,0.25,0.1111111111111111,0.2857142857142857,0.3,0.14285714285714285,0.2222222222222222,0.16666666666666666,0.1111111111111111,0.125,0.23076923076923078,0.16666666666666666,0.2222222222222222,0.18181818181818182,0.42857142857142855,0.5,0.25,0.4444444444444444,0.2857142857142857,0.16666666666666666,0.3333333333333333,0.3333333333333333,0.3,0.3333333333333333,0.1111111111111111,0.25,0.36363636363636365,0.3333333333333333,0.2222222222222222,0.3333333333333333,0.42857142857142855,0.42857142857142855,0.2222222222222222,0.0,0.0,0.14285714285714285,0.2222222222222222,0.2222222222222222,0.4,0.3,0.14285714285714285,0.2857142857142857,0.2857142857142857,0.2,0.25,0.2,0.16666666666666666,0.25,0.375,0.125,0.2222222222222222,0.2,0.16666666666666666,0.375,0.3,0.2222222222222222,0.16666666666666666,0.2,0.16666666666666666,0.0,0.1111111111111111,0.3,0.3333333333333333,0.125,0.16666666666666666,0.16666666666666666,0.42857142857142855,0.3333333333333333,0.42857142857142855,0.42857142857142855,0.3333333333333333,0.6666666666666666
3212,0.36363636363636365,0.3333333333333333,0.25,0.125,0.45454545454545453,0.5555555555555556,0.2727272727272727,0.4166666666666667,0.3333333333333333,0.45454545454545453,0.4444444444444444,0.3333333333333333,0.375,0.4,0.5,0.125,0.5,0.23076923076923078,0.3333333333333333,0.625,0.36363636363636365,0.45454545454545453,0.3333333333333333,0.75,0.5,0.5,0.625,0.6363636363636364,0.125,0.4444444444444444,0.5,0.5833333333333334,0.25,0.5,0.45454545454545453,0.4444444444444444,0.5,0.3333333333333333,0.625,0.25,0.25,0.5,0.35714285714285715,0.5,0.4,0.125,0.3076923076923077,0.25,0.125,0.25,0.3333333333333333,0.25,0.375,0.4,0.375,0.375,0.125,0.625,0.3333333333333333,0.375,0.375,0.5384615384615384,0.42857142857142855,0.375,0.18181818181818182,0.375,0.5,0.25,0.25,0.4166666666666667,0.0,0.25,0.25,0.25,0.125,0.25,0.5,0.125,0.375,0.25,0.25,0.25,0.125,0.25,0.125,0.25,0.375,0.4,0.0,0.5,0.375,0.0,0.25,0.25,0.25,0.125,0.125,0.25,0.125,0.125,0.125,0.125,0.25,0.375,0.125,0.25,0.125,0.0,0.0,0.375,0.375,0.25,0.5,0.125,0.125,0.25,0.375,0.375,0.625,0.625,1.0,0.125,0.4444444444444444,0.125,0.125,0.625,0.46153846153846156,0.25,0.38461538461538464,0.25,0.4444444444444444,0.5,0.25,0.5555555555555556,0.375,0.23076923076923078,0.38461538461538464,0.0,0.125,0.0,0.4,0.5,0.25,0.1111111111111111,0.375,0.4,0.25,0.2222222222222222,0.375,0.3333333333333333,0.25,0.46153846153846156,0.125,0.2222222222222222,0.36363636363636365,0.375,0.6,0.3333333333333333,0.5555555555555556,0.5,0.25,0.125,0.375,0.4,0.25,0.1111111111111111,0.25,0.5454545454545454,0.3333333333333333,0.3333333333333333,0.25,0.375,0.375,0.3333333333333333,0.25,0.0,0.25,0.3333333333333333,0.3333333333333333,0.5,0.3,0.125,0.25,0.375,0.2,0.25,0.2,0.0,0.25,0.375,0.0,0.2222222222222222,0.2,0.3333333333333333,0.625,0.4,0.4444444444444444,0.375,0.4,0.0,0.375,0.1111111111111111,0.4,0.2222222222222222,0.5,0.125,0.25,0.375,0.5555555555555556,0.375,0.375,0.25,0.375
3220,0.09090909090909091,0.1111111111111111,0.25,0.0,0.18181818181818182,0.0,0.0,0.08333333333333333,0.06666666666666667,0.09090909090909091,0.1111111111111111,0.3333333333333333,0.14285714285714285,0.0,0.0,0.14285714285714285,0.1,0.07692307692307693,0.08333333333333333,0.16666666666666666,0.18181818181818182,0.09090909090909091,0.1111111111111111,0.125,0.0,0.0,0.0,0.09090909090909091,0.0,0.0,0.0,0.08333333333333333,0.0,0.1,0.18181818181818182,0.1111111111111111,0.2,0.1111111111111111,0.125,0.125,0.14285714285714285,0.0,0.07142857142857142,0.1,0.1,0.16666666666666666,0.23076923076923078,0.14285714285714285,0.125,0.2,0.1111111111111111,0.25,0.2857142857142857,0.1,0.2857142857142857,0.25,0.14285714285714285,0.125,0.1111111111111111,0.0,0.3333333333333333,0.15384615384615385,0.14285714285714285,0.0,0.09090909090909091,0.4,0.25,0.14285714285714285,0.16666666666666666,0.08333333333333333,0.0,0.0,0.0,0.5,0.3333333333333333,0.3333333333333333,0.0,0.0,0.2857142857142857,0.4,0.3333333333333333,0.25,0.6666666666666666,0.16666666666666666,0.3333333333333333,0.16666666666666666,0.0,0.1,0.5,0.125,0.3333333333333333,0.3333333333333333,0.25,0.25,0.6666666666666666,0.3333333333333333,0.25,0.25,0.6666666666666666,0.3333333333333333,0.25,0.3333333333333333,0.6666666666666666,0.14285714285714285,0.2,0.25,0.25,0.6666666666666666,0.2857142857142857,0.14285714285714285,0.2,0.16666666666666666,0.125,0.2,0.3333333333333333,0.0,0.16666666666666666,0.0,0.125,0.3333333333333333,0.125,1.0,0.2222222222222222,0.4,0.5,0.0,0.15384615384615385,0.25,0.07692307692307693,0.16666666666666666,0.2222222222222222,0.0,0.2,0.3333333333333333,0.3333333333333333,0.07692307692307693,0.07692307692307693,0.16666666666666666,0.14285714285714285,0.3333333333333333,0.13333333333333333,0.125,0.25,0.1111111111111111,0.0,0.1,0.0,0.1111111111111111,0.16666666666666666,0.1111111111111111,0.125,0.15384615384615385,0.3333333333333333,0.2222222222222222,0.0,0.14285714285714285,0.2,0.16666666666666666,0.1111111111111111,0.0,0.0,0.4,0.16666666666666666,0.1,0.16666666666666666,0.2222222222222222,0.125,0.09090909090909091,0.08333333333333333,0.0,0.2,0.0,0.14285714285714285,0.1111111111111111,0.125,0.25,0.14285714285714285,0.2222222222222222,0.2222222222222222,0.1,0.2,0.14285714285714285,0.14285714285714285,0.14285714285714285,0.2,0.25,0.2,0.25,0.16666666666666666,0.25,0.125,0.1111111111111111,0.2,0.16666666666666666,0.0,0.0,0.1111111111111111,0.16666666666666666,0.1,0.4,0.0,0.1111111111111111,0.0,0.2222222222222222,0.125,0.2,0.0,0.2857142857142857,0.1111111111111111,0.2857142857142857,0.14285714285714285,0.2,0.5
3230,0.5454545454545454,0.5555555555555556,0.2222222222222222,0.3333333333333333,0.45454545454545453,0.3333333333333333,0.2727272727272727,0.25,0.4,0.5454545454545454,0.4444444444444444,0.3333333333333333,0.1111111111111111,0.3,0.3333333333333333,0.4444444444444444,0.3,0.3076923076923077,0.5,0.3333333333333333,0.36363636363636365,0.36363636363636365,0.3333333333333333,0.4444444444444444,0.2222222222222222,0.2222222222222222,0.3333333333333333,0.45454545454545453,0.0,0.4444444444444444,0.2222222222222222,0.4166666666666667,0.1111111111111111,0.4,0.5454545454545454,0.4444444444444444,0.6,0.5555555555555556,0.3333333333333333,0.3333333333333333,0.4444444444444444,0.4,0.35714285714285715,0.3,0.3,0.3333333333333333,0.46153846153846156,0.2222222222222222,0.2222222222222222,0.1111111111111111,0.3333333333333333,0.4444444444444444,0.3333333333333333,0.3,0.4444444444444444,0.5555555555555556,0.3333333333333333,0.3333333333333333,0.3333333333333333,0.2222222222222222,0.3333333333333333,0.38461538461538464,0.5,0.1111111111111111,0.5454545454545454,0.3333333333333333,0.4444444444444444,0.2222222222222222,0.2222222222222222,0.4166666666666667,0.1111111111111111,0.2222222222222222,0.3333333333333333,0.3333333333333333,0.4444444444444444,0.1111111111111111,0.2222222222222222,0.2222222222222222,0.3333333333333333,0.5555555555555556,0.1111111111111111,0.2222222222222222,0.1111111111111111,0.4444444444444444,0.2222222222222222,0.4444444444444444,0.5555555555555556,0.6,0.3333333333333333,0.5555555555555556,0.4444444444444444,0.2222222222222222,0.3333333333333333,0.3333333333333333,0.2222222222222222,0.2222222222222222,0.2222222222222222,0.3333333333333333,0.2222222222222222,0.1111111111111111,0.4444444444444444,0.1111111111111111,0.2222222222222222,0.4444444444444444,0.3333333333333333,0.1111111111111111,0.2222222222222222,0.1111111111111111,0.3333333333333333,0.4444444444444444,0.4444444444444444,0.4444444444444444,0.5555555555555556,0.1111111111111111,0.1111111111111111,0.2222222222222222,0.3333333333333333,0.2222222222222222,0.4444444444444444,0.2222222222222222,0.4444444444444444,0.2222222222222222,1.0,0.3333333333333333,0.3333333333333333,0.3333333333333333,0.46153846153846156,0.6666666666666666,0.23076923076923078,0.2222222222222222,0.5555555555555556,0.5555555555555556,0.2222222222222222,0.5555555555555556,0.3333333333333333,0.46153846153846156,0.23076923076923078,0.1111111111111111,0.2222222222222222,0.3333333333333333,0.4,0.2222222222222222,0.3333333333333333,0.3333333333333333,0.2222222222222222,0.3,0.2222222222222222,0.3333333333333333,0.3333333333333333,0.5555555555555556,0.4444444444444444,0.38461538461538464,0.1111111111111111,0.4444444444444444,0.36363636363636365,0.3333333333333333,0.5,0.5,0.4444444444444444,0.4444444444444444,0.3333333333333333,0.3333333333333333,0.3333333333333333,0.3,0.3333333333333333,0.3333333333333333,0.3333333333333333,0.45454545454545453,0.4166666666666667,0.4444444444444444,0.2222222222222222,0.3333333333333333,0.3333333333333333,0.5555555555555556,0.4444444444444444,0.2222222222222222,0.3333333333333333,0.3333333333333333,0.6666666666666666,0.3,0.5,0.3333333333333333,0.3333333333333333,0.6666666666666666,0.5,0.2222222222222222,0.5,0.0,0.4166666666666667,0.4444444444444444,0.3333333333333333,0.2222222222222222,0.4,0.4166666666666667,0.5555555555555556,0.6,0.2222222222222222,0.2222222222222222,0.5,0.3333333333333333,0.2222222222222222,0.3333333333333333,0.1,0.4444444444444444,0.5555555555555556,0.3333333333333333,0.2222222222222222,0.3333333333333333,0.3333333333333333,0.2222222222222222,0.4444444444444444,0.3333333333333333,0.3333333333333333
3240,0.36363636363636365,0.2222222222222222,0.2,0.5,0.36363636363636365,0.1111111111111111,0.2727272727272727,0.16666666666666666,0.13333333333333333,0.2727272727272727,0.2222222222222222,0.4444444444444444,0.14285714285714285,0.2,0.25,0.0,0.1,0.23076923076923078,0.25,0.16666666666666666,0.2727272727272727,0.2727272727272727,0.4444444444444444,0.25,0.0,0.0,0.14285714285714285,0.36363636363636365,0.2,0.1111111111111111,0.14285714285714285,0.3333333333333333,0.0,0.3,0.2727272727272727,0.3333333333333333,0.4,0.3333333333333333,0.375,0.25,0.42857142857142855,0.3,0.2857142857142857,0.3,0.3,0.16666666666666666,0.23076923076923078,0.14285714285714285,0.125,0.2,0.2222222222222222,0.125,0.42857142857142855,0.2,0.42857142857142855,0.625,0.5714285714285714,0.25,0.4444444444444444,0.25,0.5,0.23076923076923078,0.2857142857142857,0.16666666666666666,0.36363636363636365,0.4,0.25,0.42857142857142855,0.5,0.25,0.4,0.2,0.16666666666666666,0.2,0.5,0.2,0.2857142857142857,0.2,0.5714285714285714,0.4,0.2,0.2,0.2,0.3333333333333333,0.4,0.5,0.2857142857142857,0.3,0.6,0.5,0.6666666666666666,0.4,0.4,0.4,0.4,0.2,0.2,0.4,0.6,0.2,0.375,0.2,0.4,0.2857142857142857,0.6,0.2,0.2,0.2,0.42857142857142855,0.5714285714285714,0.2,0.16666666666666666,0.5,0.4,0.2,0.2,0.5,0.16666666666666666,0.375,0.3333333333333333,0.125,0.4,0.3333333333333333,1.0,0.4,0.14285714285714285,0.23076923076923078,0.5,0.3076923076923077,0.3333333333333333,0.3333333333333333,0.125,0.0,0.3333333333333333,0.16666666666666666,0.23076923076923078,0.3076923076923077,0.3333333333333333,0.0,0.16666666666666666,0.26666666666666666,0.0,0.375,0.2222222222222222,0.14285714285714285,0.0,0.14285714285714285,0.1111111111111111,0.0,0.1111111111111111,0.0,0.23076923076923078,0.2,0.2222222222222222,0.2727272727272727,0.2857142857142857,0.3,0.3333333333333333,0.2222222222222222,0.0,0.0,0.4,0.3333333333333333,0.1,0.3333333333333333,0.3333333333333333,0.375,0.09090909090909091,0.16666666666666666,0.1111111111111111,0.2,0.14285714285714285,0.0,0.3333333333333333,0.0,0.2,0.14285714285714285,0.1111111111111111,0.2222222222222222,0.1,0.4,0.0,0.42857142857142855,0.2857142857142857,0.4,0.125,0.2,0.2,0.16666666666666666,0.125,0.25,0.2222222222222222,0.1,0.16666666666666666,0.0,0.2,0.0,0.0,0.0,0.2,0.125,0.2222222222222222,0.0,0.3333333333333333,0.0,0.4,0.16666666666666666,0.14285714285714285,0.2222222222222222,0.14285714285714285,0.14285714285714285,0.6,0.3333333333333333
3250,0.09090909090909091,0.1111111111111111,0.0,0.16666666666666666,0.18181818181818182,0.0,0.18181818181818182,0.08333333333333333,0.13333333333333333,0.18181818181818182,0.3333333333333333,0.2222222222222222,0.14285714285714285,0.1,0.25,0.14285714285714285,0.2,0.15384615384615385,0.25,0.0,0.09090909090909091,0.09090909090909091,0.1111111111111111,0.125,0.2,0.2,0.14285714285714285,0.09090909090909091,0.0,0.1111111111111111,0.14285714285714285,0.16666666666666666,0.2,0.2,0.09090909090909091,0.0,0.3,0.3333333333333333,0.0,0.125,0.2857142857142857,0.2,0.21428571428571427,0.3,0.0,0.16666666666666666,0.15384615384615385,0.14285714285714285,0.25,0.4,0.1111111111111111,0.375,0.14285714285714285,0.3,0.2857142857142857,0.375,0.2857142857142857,0.25,0.2222222222222222,0.125,0.5,0.15384615384615385,0.21428571428571427,0.16666666666666666,0.2727272727272727,0.4,0.25,0.14285714285714285,0.5,0.16666666666666666,0.2,0.0,0.0,0.75,0.6666666666666666,0.5,0.14285714285714285,0.25,0.2857142857142857,0.4,0.25,0.25,0.5,0.5,0.25,0.3333333333333333,0.2857142857142857,0.1,0.75,0.25,0.5,0.5,0.5,0.75,0.5,0.5,0.25,0.25,0.5,0.5,0.5,0.5,0.5,0.2857142857142857,0.6,0.5,0.25,0.5,0.42857142857142855,0.14285714285714285,0.0,0.3333333333333333,0.25,0.4,0.25,0.5,0.16666666666666666,0.0,0.125,0.3333333333333333,0.125,0.5,0.3333333333333333,0.4,1.0,0.14285714285714285,0.23076923076923078,0.25,0.07692307692307693,0.16666666666666666,0.3333333333333333,0.25,0.2,0.4444444444444444,0.3333333333333333,0.15384615384615385,0.07692307692307693,0.16666666666666666,0.14285714285714285,0.3333333333333333,0.13333333333333333,0.25,0.25,0.2222222222222222,0.0,0.2,0.0,0.1111111111111111,0.16666666666666666,0.1111111111111111,0.125,0.07692307692307693,0.25,0.2222222222222222,0.09090909090909091,0.14285714285714285,0.1,0.16666666666666666,0.1111111111111111,0.14285714285714285,0.0,0.8,0.0,0.2,0.16666666666666666,0.3333333333333333,0.125,0.09090909090909091,0.16666666666666666,0.1111111111111111,0.4,0.14285714285714285,0.2857142857142857,0.1111111111111111,0.125,0.25,0.2857142857142857,0.2222222222222222,0.2222222222222222,0.1,0.1,0.14285714285714285,0.2857142857142857,0.42857142857142855,0.3,0.25,0.3,0.25,0.16666666666666666,0.25,0.25,0.2222222222222222,0.2,0.08333333333333333,0.125,0.2,0.1111111111111111,0.16666666666666666,0.1,0.4,0.0,0.1111111111111111,0.0,0.4444444444444444,0.125,0.4,0.16666666666666666,0.2857142857142857,0.0,0.2857142857142857,0.2857142857142857,0.6,0.5
3290,0.36363636363636365,0.2222222222222222,0.0,0.14285714285714285,0.2727272727272727,0.5555555555555556,0.2727272727272727,0.25,0.3333333333333333,0.45454545454545453,0.4444444444444444,0.4444444444444444,0.42857142857142855,0.5,0.5,0.14285714285714285,0.5,0.23076923076923078,0.4166666666666667,0.42857142857142855,0.36363636363636365,0.2727272727272727,0.2222222222222222,0.5,0.42857142857142855,0.5714285714285714,0.7142857142857143,0.45454545454545453,0.2857142857142857,0.4444444444444444,0.7142857142857143,0.5,0.42857142857142855,0.4,0.36363636363636365,0.3333333333333333,0.5,0.4444444444444444,0.5,0.5,0.2857142857142857,0.5,0.42857142857142855,0.4,0.3,0.14285714285714285,0.23076923076923078,0.2857142857142857,0.125,0.2857142857142857,0.3333333333333333,0.375,0.14285714285714285,0.4,0.2857142857142857,0.375,0.42857142857142855,0.75,0.3333333333333333,0.375,0.42857142857142855,0.3076923076923077,0.2857142857142857,0.5714285714285714,0.36363636363636365,0.2857142857142857,0.375,0.5714285714285714,0.42857142857142855,0.5,0.14285714285714285,0.42857142857142855,0.2857142857142857,0.2857142857142857,0.2857142857142857,0.2857142857142857,0.5714285714285714,0.14285714285714285,0.42857142857142855,0.14285714285714285,0.2857142857142857,0.14285714285714285,0.14285714285714285,0.2857142857142857,0.14285714285714285,0.2857142857142857,0.5714285714285714,0.4,0.0,0.375,0.2857142857142857,0.0,0.2857142857142857,0.2857142857142857,0.14285714285714285,0.14285714285714285,0.14285714285714285,0.2857142857142857,0.0,0.14285714285714285,0.25,0.14285714285714285,0.14285714285714285,0.5714285714285714,0.14285714285714285,0.2857142857142857,0.14285714285714285,0.0,0.14285714285714285,0.42857142857142855,0.2857142857142857,0.42857142857142855,0.5,0.42857142857142855,0.14285714285714285,0.14285714285714285,0.42857142857142855,0.5714285714285714,0.625,0.42857142857142855,0.625,0.0,0.3333333333333333,0.14285714285714285,0.14285714285714285,1.0,0.3076923076923077,0.25,0.3076923076923077,0.5714285714285714,0.4444444444444444,0.375,0.2857142857142857,0.4444444444444444,0.2857142857142857,0.23076923076923078,0.23076923076923078,0.14285714285714285,0.14285714285714285,0.0,0.3333333333333333,0.375,0.25,0.1111111111111111,0.2857142857142857,0.4,0.14285714285714285,0.1111111111111111,0.2857142857142857,0.1111111111111111,0.125,0.38461538461538464,0.14285714285714285,0.2222222222222222,0.36363636363636365,0.42857142857142855,0.4,0.25,0.4444444444444444,0.42857142857142855,0.14285714285714285,0.14285714285714285,0.14285714285714285,0.3,0.14285714285714285,0.3333333333333333,0.375,0.2727272727272727,0.3333333333333333,0.3333333333333333,0.2857142857142857,0.42857142857142855,0.42857142857142855,0.3333333333333333,0.25,0.0,0.2857142857142857,0.2222222222222222,0.3333333333333333,0.3,0.3,0.14285714285714285,0.2857142857142857,0.42857142857142855,0.4,0.25,0.2,0.0,0.16666666666666666,0.25,0.0,0.0,0.2,0.16666666666666666,0.625,0.3,0.4444444444444444,0.2857142857142857,0.4,0.0,0.5,0.3333333333333333,0.4,0.1111111111111111,0.25,0.14285714285714285,0.42857142857142855,0.14285714285714285,0.3333333333333333,0.2857142857142857,0.2857142857142857,0.42857142857142855,0.2857142857142857
3510,0.5384615384615384,0.38461538461538464,0.23076923076923078,0.23076923076923078,0.46153846153846156,0.38461538461538464,0.5384615384615384,0.6153846153846154,0.6666666666666666,0.6923076923076923,0.5384615384615384,0.38461538461538464,0.3076923076923077,0.5384615384615384,0.38461538461538464,0.23076923076923078,0.38461538461538464,0.46153846153846156,0.6153846153846154,0.38461538461538464,0.7692307692307693,0.6923076923076923,0.46153846153846156,0.38461538461538464,0.23076923076923078,0.23076923076923078,0.3076923076923077,0.46153846153846156,0.07692307692307693,0.46153846153846156,0.23076923076923078,0.6153846153846154,0.23076923076923078,0.46153846153846156,0.46153846153846156,0.46153846153846156,0.6153846153846154,0.3076923076923077,0.3076923076923077,0.38461538461538464,0.15384615384615385,0.46153846153846156,0.6428571428571429,0.46153846153846156,0.38461538461538464,0.3076923076923077,0.6923076923076923,0.38461538461538464,0.38461538461538464,0.38461538461538464,0.3076923076923077,0.38461538461538464,0.3076923076923077,0.6153846153846154,0.23076923076923078,0.3076923076923077,0.23076923076923078,0.3076923076923077,0.38461538461538464,0.23076923076923078,0.46153846153846156,0.6923076923076923,0.7142857142857143,0.23076923076923078,0.5384615384615384,0.23076923076923078,0.5384615384615384,0.23076923076923078,0.3076923076923077,0.6153846153846154,0.15384615384615385,0.23076923076923078,0.23076923076923078,0.15384615384615385,0.3076923076923077,0.15384615384615385,0.23076923076923078,0.07692307692307693,0.3076923076923077,0.23076923076923078,0.07692307692307693,0.23076923076923078,0.07692307692307693,0.3076923076923077,0.07692307692307693,0.3076923076923077,0.3076923076923077,0.46153846153846156,0.15384615384615385,0.3076923076923077,0.38461538461538464,0.23076923076923078,0.15384615384615385,0.23076923076923078,0.23076923076923078,0.23076923076923078,0.15384615384615385,0.15384615384615385,0.23076923076923078,0.15384615384615385,0.38461538461538464,0.15384615384615385,0.23076923076923078,0.38461538461538464,0.23076923076923078,0.23076923076923078,0.15384615384615385,0.07692307692307693,0.3076923076923077,0.15384615384615385,0.3076923076923077,0.23076923076923078,0.38461538461538464,0.23076923076923078,0.07692307692307693,0.23076923076923078,0.15384615384615385,0.15384615384615385,0.3076923076923077,0.38461538461538464,0.46153846153846156,0.15384615384615385,0.46153846153846156,0.23076923076923078,0.23076923076923078,0.3076923076923077,1.0,0.3076923076923077,0.6153846153846154,0.3076923076923077,0.38461538461538464,0.5384615384615384,0.07692307692307693,0.46153846153846156,0.3076923076923077,0.6153846153846154,0.5384615384615384,0.15384615384615385,0.3076923076923077,0.3076923076923077,0.6666666666666666,0.38461538461538464,0.3076923076923077,0.3076923076923077,0.15384615384615385,0.38461538461538464,0.23076923076923078,0.46153846153846156,0.15384615384615385,0.38461538461538464,0.38461538461538464,0.6153846153846154,0.07692307692307693,0.46153846153846156,0.38461538461538464,0.38461538461538464,0.46153846153846156,0.46153846153846156,0.6153846153846154,0.5384615384615384,0.3076923076923077,0.23076923076923078,0.23076923076923078,0.6923076923076923,0.38461538461538464,0.38461538461538464,0.38461538461538464,0.7692307692307693,0.6153846153846154,0.5384615384615384,0.3076923076923077,0.3076923076923077,0.3076923076923077,0.38461538461538464,0.38461538461538464,0.0,0.23076923076923078,0.46153846153846156,0.38461538461538464,0.46153846153846156,0.46153846153846156,0.23076923076923078,0.23076923076923078,0.3076923076923077,0.38461538461538464,0.3076923076923077,0.46153846153846156,0.15384615384615385,0.6153846153846154,0.38461538461538464,0.38461538461538464,0.5384615384615384,0.5384615384615384,0.6153846153846154,0.38461538461538464,0.46153846153846156,0.38461538461538464,0.23076923076923078,0.5384615384615384,0.23076923076923078,0.3076923076923077,0.23076923076923078,0.46153846153846156,0.46153846153846156,0.38461538461538464,0.23076923076923078,0.23076923076923078,0.3076923076923077,0.3076923076923077,0.23076923076923078,0.38461538461538464,0.23076923076923078,0.23076923076923078
3530,0.6363636363636364,0.3333333333333333,0.25,0.625,0.6363636363636364,0.2222222222222222,0.36363636363636365,0.25,0.4,0.45454545454545453,0.2222222222222222,0.4444444444444444,0.375,0.4,0.375,0.25,0.3,0.38461538461538464,0.5833333333333334,0.25,0.36363636363636365,0.45454545454545453,0.5555555555555556,0.25,0.0,0.0,0.25,0.5454545454545454,0.125,0.2222222222222222,0.25,0.5,0.125,0.4,0.6363636363636364,0.5555555555555556,0.5,0.6666666666666666,0.625,0.25,0.625,0.4,0.42857142857142855,0.2,0.4,0.125,0.46153846153846156,0.125,0.375,0.0,0.3333333333333333,0.375,0.25,0.1,0.625,0.625,0.5,0.25,0.3333333333333333,0.375,0.25,0.3076923076923077,0.2857142857142857,0.125,0.45454545454545453,0.25,0.125,0.375,0.375,0.5,0.375,0.25,0.25,0.125,0.5,0.0,0.375,0.125,0.5,0.5,0.0,0.125,0.125,0.25,0.125,0.375,0.5,0.6,0.375,0.625,0.375,0.25,0.125,0.125,0.125,0.125,0.125,0.25,0.25,0.0,0.5,0.0,0.125,0.25,0.25,0.0,0.125,0.125,0.5,0.625,0.25,0.5,0.625,0.125,0.0,0.125,0.375,0.25,0.625,0.125,0.25,0.25,0.6666666666666666,0.5,0.25,0.25,0.3076923076923077,1.0,0.38461538461538464,0.25,0.6666666666666666,0.25,0.125,0.3333333333333333,0.375,0.5384615384615384,0.38461538461538464,0.375,0.25,0.25,0.5333333333333333,0.125,0.625,0.4444444444444444,0.125,0.1,0.125,0.1111111111111111,0.25,0.4444444444444444,0.25,0.46153846153846156,0.0,0.4444444444444444,0.36363636363636365,0.25,0.3,0.5833333333333334,0.3333333333333333,0.25,0.125,0.25,0.5,0.1,0.25,0.4444444444444444,0.5,0.2727272727272727,0.3333333333333333,0.3333333333333333,0.125,0.125,0.125,0.5555555555555556,0.25,0.25,0.25,0.1111111111111111,0.4444444444444444,0.3,0.6,0.25,0.375,0.625,0.5,0.125,0.4,0.0,0.4166666666666667,0.25,0.375,0.1111111111111111,0.3,0.3333333333333333,0.25,0.4,0.2222222222222222,0.125,0.3,0.25,0.375,0.5555555555555556,0.2,0.3333333333333333,0.375,0.25,0.25,0.25,0.3333333333333333,0.125,0.125,0.25,0.25
3600,0.6153846153846154,0.38461538461538464,0.23076923076923078,0.38461538461538464,0.6923076923076923,0.46153846153846156,0.7692307692307693,0.7692307692307693,0.6,0.5384615384615384,0.3076923076923077,0.5384615384615384,0.46153846153846156,0.6153846153846154,0.46153846153846156,0.15384615384615385,0.5384615384615384,0.7692307692307693,0.6153846153846154,0.3076923076923077,0.5384615384615384,0.7692307692307693,0.6923076923076923,0.46153846153846156,0.23076923076923078,0.23076923076923078,0.3076923076923077,0.6923076923076923,0.23076923076923078,0.46153846153846156,0.38461538461538464,0.7692307692307693,0.3076923076923077,0.6923076923076923,0.5384615384615384,0.5384615384615384,0.38461538461538464,0.46153846153846156,0.5384615384615384,0.3076923076923077,0.38461538461538464,0.6153846153846154,0.7142857142857143,0.5384615384615384,0.6153846153846154,0.07692307692307693,0.6153846153846154,0.23076923076923078,0.5384615384615384,0.23076923076923078,0.5384615384615384,0.23076923076923078,0.3076923076923077,0.5384615384615384,0.38461538461538464,0.38461538461538464,0.38461538461538464,0.3076923076923077,0.5384615384615384,0.5384615384615384,0.3076923076923077,0.6923076923076923,0.5714285714285714,0.38461538461538464,0.46153846153846156,0.15384615384615385,0.3076923076923077,0.38461538461538464,0.3076923076923077,0.6923076923076923,0.38461538461538464,0.23076923076923078,0.3076923076923077,0.0,0.15384615384615385,0.07692307692307693,0.46153846153846156,0.07692307692307693,0.38461538461538464,0.15384615384615385,0.07692307692307693,0.07692307692307693,0.07692307692307693,0.07692307692307693,0.07692307692307693,0.23076923076923078,0.15384615384615385,0.46153846153846156,0.15384615384615385,0.46153846153846156,0.3076923076923077,0.07692307692307693,0.07692307692307693,0.07692307692307693,0.07692307692307693,0.0,0.0,0.07692307692307693,0.15384615384615385,0.0,0.23076923076923078,0.0,0.07692307692307693,0.15384615384615385,0.15384615384615385,0.15384615384615385,0.0,0.0,0.23076923076923078,0.46153846153846156,0.15384615384615385,0.07692307692307693,0.46153846153846156,0.23076923076923078,0.0,0.15384615384615385,0.3076923076923077,0.23076923076923078,0.46153846153846156,0.3076923076923077,0.38461538461538464,0.07692307692307693,0.23076923076923078,0.3076923076923077,0.07692307692307693,0.3076923076923077,0.6153846153846154,0.38461538461538464,1.0,0.23076923076923078,0.46153846153846156,0.3076923076923077,0.23076923076923078,0.38461538461538464,0.3076923076923077,0.6153846153846154,0.9230769230769231,0.23076923076923078,0.3076923076923077,0.15384615384615385,0.8,0.46153846153846156,0.46153846153846156,0.5384615384615384,0.38461538461538464,0.46153846153846156,0.38461538461538464,0.3076923076923077,0.15384615384615385,0.3076923076923077,0.23076923076923078,0.7692307692307693,0.0,0.23076923076923078,0.6153846153846154,0.38461538461538464,0.38461538461538464,0.6153846153846154,0.46153846153846156,0.23076923076923078,0.15384615384615385,0.07692307692307693,0.3076923076923077,0.46153846153846156,0.23076923076923078,0.38461538461538464,0.5384615384615384,0.5384615384615384,0.5384615384615384,0.38461538461538464,0.07692307692307693,0.38461538461538464,0.3076923076923077,0.5384615384615384,0.3076923076923077,0.15384615384615385,0.3076923076923077,0.3076923076923077,0.15384615384615385,0.5384615384615384,0.38461538461538464,0.23076923076923078,0.3076923076923077,0.23076923076923078,0.38461538461538464,0.3076923076923077,0.3076923076923077,0.15384615384615385,0.6153846153846154,0.15384615384615385,0.3076923076923077,0.46153846153846156,0.3076923076923077,0.6153846153846154,0.15384615384615385,0.38461538461538464,0.46153846153846156,0.23076923076923078,0.38461538461538464,0.0,0.38461538461538464,0.46153846153846156,0.6153846153846154,0.38461538461538464,0.23076923076923078,0.15384615384615385,0.23076923076923078,0.3076923076923077,0.6153846153846154,0.3076923076923077,0.15384615384615385,0.15384615384615385,0.23076923076923078
3700,0.18181818181818182,0.0,0.0,0.16666666666666666,0.18181818181818182,0.4444444444444444,0.2727272727272727,0.16666666666666666,0.26666666666666666,0.45454545454545453,0.5555555555555556,0.3333333333333333,0.2857142857142857,0.4,0.25,0.2857142857142857,0.3,0.23076923076923078,0.25,0.3333333333333333,0.45454545454545453,0.2727272727272727,0.2222222222222222,0.25,0.3333333333333333,0.3333333333333333,0.42857142857142855,0.2727272727272727,0.3333333333333333,0.3333333333333333,0.42857142857142855,0.25,0.16666666666666666,0.1,0.18181818181818182,0.3333333333333333,0.3,0.2222222222222222,0.25,0.625,0.2857142857142857,0.3,0.35714285714285715,0.3,0.3,0.5,0.3076923076923077,0.5714285714285714,0.25,0.5,0.3333333333333333,0.5,0.42857142857142855,0.4,0.2857142857142857,0.375,0.5714285714285714,0.5,0.4444444444444444,0.25,0.3333333333333333,0.3076923076923077,0.2857142857142857,0.16666666666666666,0.36363636363636365,0.3333333333333333,0.375,0.5714285714285714,0.3333333333333333,0.3333333333333333,0.3333333333333333,0.5,0.3333333333333333,0.3333333333333333,0.3333333333333333,0.16666666666666666,0.14285714285714285,0.16666666666666666,0.42857142857142855,0.16666666666666666,0.3333333333333333,0.3333333333333333,0.16666666666666666,0.3333333333333333,0.3333333333333333,0.3333333333333333,0.42857142857142855,0.4,0.16666666666666666,0.25,0.16666666666666666,0.16666666666666666,0.3333333333333333,0.3333333333333333,0.16666666666666666,0.16666666666666666,0.3333333333333333,0.5,0.16666666666666666,0.16666666666666666,0.375,0.16666666666666666,0.16666666666666666,0.42857142857142855,0.16666666666666666,0.3333333333333333,0.3333333333333333,0.16666666666666666,0.42857142857142855,0.2857142857142857,0.16666666666666666,0.3333333333333333,0.25,0.5,0.3333333333333333,0.0,0.16666666666666666,0.3333333333333333,0.25,0.16666666666666666,0.25,0.16666666666666666,0.2222222222222222,0.3333333333333333,0.16666666666666666,0.5714285714285714,0.3076923076923077,0.25,0.23076923076923078,1.0,0.2222222222222222,0.375,0.3333333333333333,0.3333333333333333,0.16666666666666666,0.23076923076923078,0.15384615384615385,0.3333333333333333,0.14285714285714285,0.3333333333333333,0.26666666666666666,0.125,0.125,0.1111111111111111,0.14285714285714285,0.3,0.2857142857142857,0.3333333333333333,0.3333333333333333,0.1111111111111111,0.25,0.38461538461538464,0.3333333333333333,0.4444444444444444,0.36363636363636365,0.2857142857142857,0.3,0.25,0.3333333333333333,0.14285714285714285,0.16666666666666666,0.16666666666666666,0.16666666666666666,0.4,0.5,0.5555555555555556,0.25,0.18181818181818182,0.25,0.3333333333333333,0.5,0.0,0.0,0.2222222222222222,0.25,0.0,0.14285714285714285,0.3333333333333333,0.3333333333333333,0.2,0.3,0.14285714285714285,0.2857142857142857,0.14285714285714285,0.4,0.5,0.2,0.3333333333333333,0.16666666666666666,0.25,0.25,0.2222222222222222,0.3,0.25,0.25,0.1,0.2222222222222222,0.16666666666666666,0.4,0.16666666666666666,0.625,0.3333333333333333,0.3,0.2222222222222222,0.25,0.3333333333333333,0.5,0.0,0.2222222222222222,0.2857142857142857,0.2857142857142857,0.5,0.16666666666666666
3811,0.5454545454545454,0.3333333333333333,0.2222222222222222,0.3333333333333333,0.7272727272727273,0.3333333333333333,0.45454545454545453,0.4166666666666667,0.4,0.45454545454545453,0.3333333333333333,0.4444444444444444,0.4444444444444444,0.5,0.5555555555555556,0.2222222222222222,0.6,0.38461538461538464,0.5833333333333334,0.3333333333333333,0.36363636363636365,0.45454545454545453,0.5555555555555556,0.2222222222222222,0.1111111111111111,0.1111111111111111,0.3333333333333333,0.5454545454545454,0.1111111111111111,0.3333333333333333,0.3333333333333333,0.5833333333333334,0.2222222222222222,0.6,0.5454545454545454,0.5555555555555556,0.6,0.8888888888888888,0.5555555555555556,0.1111111111111111,0.4444444444444444,0.5,0.5,0.4,0.4,0.0,0.46153846153846156,0.0,0.4444444444444444,0.1111111111111111,0.3333333333333333,0.3333333333333333,0.1111111111111111,0.4,0.5555555555555556,0.5555555555555556,0.3333333333333333,0.5555555555555556,0.3333333333333333,0.4444444444444444,0.4444444444444444,0.46153846153846156,0.42857142857142855,0.4444444444444444,0.36363636363636365,0.3333333333333333,0.2222222222222222,0.3333333333333333,0.5555555555555556,0.6666666666666666,0.4444444444444444,0.2222222222222222,0.2222222222222222,0.2222222222222222,0.4444444444444444,0.1111111111111111,0.4444444444444444,0.1111111111111111,0.5555555555555556,0.3333333333333333,0.0,0.0,0.1111111111111111,0.2222222222222222,0.0,0.2222222222222222,0.4444444444444444,0.5,0.2222222222222222,0.5555555555555556,0.4444444444444444,0.1111111111111111,0.1111111111111111,0.2222222222222222,0.2222222222222222,0.1111111111111111,0.0,0.1111111111111111,0.2222222222222222,0.1111111111111111,0.4444444444444444,0.1111111111111111,0.2222222222222222,0.3333333333333333,0.2222222222222222,0.1111111111111111,0.0,0.1111111111111111,0.3333333333333333,0.4444444444444444,0.2222222222222222,0.4444444444444444,0.7777777777777778,0.3333333333333333,0.0,0.2222222222222222,0.3333333333333333,0.2222222222222222,0.6666666666666666,0.3333333333333333,0.4444444444444444,0.2222222222222222,0.5555555555555556,0.3333333333333333,0.3333333333333333,0.4444444444444444,0.38461538461538464,0.6666666666666666,0.46153846153846156,0.2222222222222222,1.0,0.3333333333333333,0.2222222222222222,0.5555555555555556,0.5555555555555556,0.46153846153846156,0.46153846153846156,0.3333333333333333,0.3333333333333333,0.2222222222222222,0.4666666666666667,0.3333333333333333,0.6666666666666666,0.4444444444444444,0.1111111111111111,0.3,0.1111111111111111,0.1111111111111111,0.3333333333333333,0.3333333333333333,0.1111111111111111,0.46153846153846156,0.0,0.3333333333333333,0.36363636363636365,0.5555555555555556,0.3,0.5,0.5555555555555556,0.3333333333333333,0.0,0.3333333333333333,0.3333333333333333,0.3,0.1111111111111111,0.5555555555555556,0.6666666666666666,0.45454545454545453,0.4166666666666667,0.2222222222222222,0.2222222222222222,0.3333333333333333,0.4444444444444444,0.5555555555555556,0.2222222222222222,0.2222222222222222,0.4444444444444444,0.1111111111111111,0.3333333333333333,0.5,0.5,0.2222222222222222,0.3333333333333333,0.4444444444444444,0.4,0.2222222222222222,0.4,0.1111111111111111,0.3333333333333333,0.2222222222222222,0.3333333333333333,0.2222222222222222,0.3,0.3333333333333333,0.3333333333333333,0.4,0.4444444444444444,0.2222222222222222,0.4,0.1111111111111111,0.3333333333333333,0.3333333333333333,0.4,0.3333333333333333,0.3333333333333333,0.2222222222222222,0.4444444444444444,0.4444444444444444,0.3333333333333333,0.2222222222222222,0.2222222222222222,0.3333333333333333,0.4444444444444444
3812,0.36363636363636365,0.3333333333333333,0.125,0.125,0.2727272727272727,0.4444444444444444,0.45454545454545453,0.3333333333333333,0.4,0.6363636363636364,0.5555555555555556,0.1111111111111111,0.125,0.5,0.625,0.375,0.3,0.3076923076923077,0.4166666666666667,0.5,0.36363636363636365,0.45454545454545453,0.3333333333333333,0.375,0.5,0.25,0.5,0.36363636363636365,0.125,0.6666666666666666,0.25,0.3333333333333333,0.25,0.3,0.18181818181818182,0.3333333333333333,0.4,0.3333333333333333,0.125,0.375,0.375,0.4,0.35714285714285715,0.5,0.4,0.375,0.3076923076923077,0.25,0.5,0.375,0.3333333333333333,0.375,0.25,0.5,0.25,0.375,0.25,0.375,0.3333333333333333,0.375,0.25,0.46153846153846156,0.5714285714285714,0.25,0.45454545454545453,0.25,0.625,0.125,0.25,0.3333333333333333,0.25,0.25,0.375,0.25,0.25,0.125,0.125,0.25,0.25,0.25,0.125,0.125,0.0,0.375,0.125,0.25,0.5,0.5,0.125,0.5,0.25,0.125,0.25,0.375,0.125,0.125,0.125,0.25,0.125,0.125,0.375,0.125,0.125,0.375,0.25,0.25,0.125,0.0,0.25,0.25,0.25,0.25,0.375,0.125,0.125,0.375,0.125,0.125,0.25,0.25,0.5,0.0,0.5555555555555556,0.125,0.25,0.375,0.5384615384615384,0.25,0.3076923076923077,0.375,0.3333333333333333,1.0,0.25,0.4444444444444444,0.25,0.46153846153846156,0.3076923076923077,0.0,0.25,0.25,0.3333333333333333,0.375,0.25,0.3333333333333333,0.375,0.5,0.5,0.5555555555555556,0.375,0.3333333333333333,0.625,0.38461538461538464,0.125,0.4444444444444444,0.5454545454545454,0.375,0.4,0.3333333333333333,0.6666666666666666,0.5,0.5,0.25,0.25,0.6,0.5,0.3333333333333333,0.25,0.5454545454545454,0.4166666666666667,0.5555555555555556,0.375,0.375,0.375,0.2222222222222222,0.375,0.0,0.375,0.4444444444444444,0.3333333333333333,0.5,0.2,0.25,0.25,0.375,0.3,0.375,0.4,0.125,0.4166666666666667,0.375,0.375,0.5555555555555556,0.4,0.4166666666666667,0.5,0.5,0.2222222222222222,0.25,0.5,0.125,0.375,0.1111111111111111,0.4,0.5555555555555556,0.5,0.25,0.375,0.375,0.2222222222222222,0.375,0.5,0.375,0.125
3821,0.09090909090909091,0.2222222222222222,0.0,0.0,0.18181818181818182,0.3333333333333333,0.18181818181818182,0.16666666666666666,0.13333333333333333,0.18181818181818182,0.2222222222222222,0.2222222222222222,0.14285714285714285,0.1,0.125,0.5714285714285714,0.3,0.3076923076923077,0.08333333333333333,0.16666666666666666,0.09090909090909091,0.09090909090909091,0.1111111111111111,0.25,0.6,0.4,0.2857142857142857,0.18181818181818182,0.4,0.3333333333333333,0.2857142857142857,0.08333333333333333,0.2,0.2,0.18181818181818182,0.2222222222222222,0.1,0.2222222222222222,0.125,0.375,0.2857142857142857,0.1,0.21428571428571427,0.3,0.2,0.3333333333333333,0.23076923076923078,0.2857142857142857,0.375,0.2,0.3333333333333333,0.375,0.2857142857142857,0.3,0.2857142857142857,0.125,0.14285714285714285,0.375,0.2222222222222222,0.375,0.0,0.23076923076923078,0.21428571428571427,0.3333333333333333,0.09090909090909091,0.2,0.125,0.14285714285714285,0.0,0.25,0.4,0.4,0.3333333333333333,0.4,0.16666666666666666,0.2,0.14285714285714285,0.2,0.14285714285714285,0.4,0.4,0.2,0.4,0.16666666666666666,0.2,0.16666666666666666,0.14285714285714285,0.3,0.2,0.125,0.0,0.0,0.2,0.2,0.0,0.0,0.2,0.2,0.0,0.0,0.25,0.0,0.0,0.14285714285714285,0.0,0.4,0.2,0.2,0.2857142857142857,0.2857142857142857,0.2,0.16666666666666666,0.125,0.2,0.2,0.0,0.16666666666666666,0.3333333333333333,0.125,0.16666666666666666,0.25,0.2,0.2222222222222222,0.0,0.2,0.2857142857142857,0.07692307692307693,0.125,0.23076923076923078,0.3333333333333333,0.2222222222222222,0.25,1.0,0.4444444444444444,0.3333333333333333,0.15384615384615385,0.23076923076923078,0.16666666666666666,0.42857142857142855,0.5,0.2,0.375,0.125,0.2222222222222222,0.42857142857142855,0.5,0.42857142857142855,0.3333333333333333,0.5,0.2222222222222222,0.375,0.23076923076923078,0.2,0.2222222222222222,0.36363636363636365,0.2857142857142857,0.2,0.3333333333333333,0.1111111111111111,0.0,0.16666666666666666,0.2,0.0,0.2,0.16666666666666666,0.3333333333333333,0.125,0.18181818181818182,0.25,0.1111111111111111,0.2,0.2857142857142857,0.42857142857142855,0.2222222222222222,0.375,0.4,0.42857142857142855,0.2222222222222222,0.2222222222222222,0.3,0.0,0.5714285714285714,0.2857142857142857,0.2857142857142857,0.2,0.5,0.3,0.4,0.25,0.25,0.25,0.2222222222222222,0.2,0.25,0.25,0.2,0.3333333333333333,0.3333333333333333,0.4,0.2,0.25,0.3333333333333333,0.3,0.2222222222222222,0.375,0.4,0.3333333333333333,0.2857142857142857,0.3333333333333333,0.5714285714285714,0.2857142857142857,0.2,0.5
3822,0.36363636363636365,0.3333333333333333,0.1111111111111111,0.1111111111111111,0.36363636363636365,0.2222222222222222,0.2727272727272727,0.3333333333333333,0.26666666666666666,0.45454545454545453,0.5555555555555556,0.5555555555555556,0.2222222222222222,0.3,0.4444444444444444,0.3333333333333333,0.4,0.3076923076923077,0.3333333333333333,0.3333333333333333,0.36363636363636365,0.36363636363636365,0.4444444444444444,0.4444444444444444,0.4444444444444444,0.3333333333333333,0.3333333333333333,0.45454545454545453,0.2222222222222222,0.3333333333333333,0.3333333333333333,0.4166666666666667,0.2222222222222222,0.5,0.36363636363636365,0.3333333333333333,0.6,0.4444444444444444,0.3333333333333333,0.4444444444444444,0.3333333333333333,0.4,0.42857142857142855,0.5,0.4,0.3333333333333333,0.38461538461538464,0.3333333333333333,0.3333333333333333,0.3333333333333333,0.2222222222222222,0.5555555555555556,0.4444444444444444,0.6,0.4444444444444444,0.5555555555555556,0.3333333333333333,0.5555555555555556,0.3333333333333333,0.3333333333333333,0.5555555555555556,0.46153846153846156,0.5,0.3333333333333333,0.36363636363636365,0.4444444444444444,0.4444444444444444,0.3333333333333333,0.4444444444444444,0.5,0.2222222222222222,0.3333333333333333,0.3333333333333333,0.4444444444444444,0.4444444444444444,0.3333333333333333,0.3333333333333333,0.2222222222222222,0.5555555555555556,0.4444444444444444,0.3333333333333333,0.2222222222222222,0.3333333333333333,0.4444444444444444,0.2222222222222222,0.4444444444444444,0.3333333333333333,0.5,0.3333333333333333,0.4444444444444444,0.5555555555555556,0.2222222222222222,0.3333333333333333,0.4444444444444444,0.3333333333333333,0.2222222222222222,0.2222222222222222,0.2222222222222222,0.3333333333333333,0.2222222222222222,0.5555555555555556,0.2222222222222222,0.3333333333333333,0.4444444444444444,0.3333333333333333,0.4444444444444444,0.2222222222222222,0.2222222222222222,0.4444444444444444,0.4444444444444444,0.3333333333333333,0.2222222222222222,0.4444444444444444,0.2222222222222222,0.2222222222222222,0.2222222222222222,0.3333333333333333,0.3333333333333333,0.4444444444444444,0.5555555555555556,0.5555555555555556,0.3333333333333333,0.5555555555555556,0.3333333333333333,0.4444444444444444,0.4444444444444444,0.46153846153846156,0.3333333333333333,0.38461538461538464,0.3333333333333333,0.5555555555555556,0.4444444444444444,0.4444444444444444,1.0,0.5555555555555556,0.3076923076923077,0.38461538461538464,0.1111111111111111,0.3333333333333333,0.3333333333333333,0.4,0.3333333333333333,0.4444444444444444,0.2222222222222222,0.2222222222222222,0.5,0.2222222222222222,0.3333333333333333,0.2222222222222222,0.1111111111111111,0.3333333333333333,0.38461538461538464,0.2222222222222222,0.3333333333333333,0.36363636363636365,0.4444444444444444,0.5,0.4166666666666667,0.4444444444444444,0.2222222222222222,0.1111111111111111,0.4444444444444444,0.1111111111111111,0.3,0.2222222222222222,0.4444444444444444,0.3333333333333333,0.36363636363636365,0.4166666666666667,0.2222222222222222,0.3333333333333333,0.3333333333333333,0.4444444444444444,0.4444444444444444,0.2222222222222222,0.1111111111111111,0.4444444444444444,0.3333333333333333,0.4444444444444444,0.4,0.3,0.3333333333333333,0.3333333333333333,0.4444444444444444,0.4,0.4444444444444444,0.4,0.2222222222222222,0.4166666666666667,0.4444444444444444,0.3333333333333333,0.3333333333333333,0.2,0.25,0.4444444444444444,0.3,0.3333333333333333,0.3333333333333333,0.4,0.2222222222222222,0.2222222222222222,0.3333333333333333,0.3,0.5555555555555556,0.2222222222222222,0.3333333333333333,0.2222222222222222,0.3333333333333333,0.3333333333333333,0.4444444444444444,0.3333333333333333,0.4444444444444444,0.5555555555555556
3830,0.2727272727272727,0.2222222222222222,0.3333333333333333,0.16666666666666666,0.36363636363636365,0.0,0.2727272727272727,0.4166666666666667,0.3333333333333333,0.2727272727272727,0.2222222222222222,0.3333333333333333,0.42857142857142855,0.4,0.375,0.2857142857142857,0.4,0.23076923076923078,0.3333333333333333,0.3333333333333333,0.2727272727272727,0.36363636363636365,0.4444444444444444,0.25,0.3333333333333333,0.16666666666666666,0.14285714285714285,0.2727272727272727,0.16666666666666666,0.0,0.2857142857142857,0.3333333333333333,0.3333333333333333,0.4,0.36363636363636365,0.3333333333333333,0.3,0.4444444444444444,0.375,0.125,0.2857142857142857,0.3,0.2857142857142857,0.1,0.4,0.16666666666666666,0.38461538461538464,0.14285714285714285,0.375,0.3333333333333333,0.1111111111111111,0.5,0.2857142857142857,0.3,0.42857142857142855,0.375,0.14285714285714285,0.25,0.0,0.375,0.5,0.38461538461538464,0.2857142857142857,0.3333333333333333,0.18181818181818182,0.5,0.25,0.2857142857142857,0.5,0.4166666666666667,0.3333333333333333,0.3333333333333333,0.5,0.3333333333333333,0.3333333333333333,0.16666666666666666,0.42857142857142855,0.0,0.42857142857142855,0.3333333333333333,0.0,0.0,0.16666666666666666,0.16666666666666666,0.0,0.16666666666666666,0.14285714285714285,0.3,0.16666666666666666,0.375,0.5,0.0,0.16666666666666666,0.16666666666666666,0.3333333333333333,0.16666666666666666,0.0,0.0,0.16666666666666666,0.16666666666666666,0.375,0.16666666666666666,0.3333333333333333,0.2857142857142857,0.16666666666666666,0.3333333333333333,0.0,0.16666666666666666,0.2857142857142857,0.2857142857142857,0.3333333333333333,0.3333333333333333,0.375,0.16666666666666666,0.0,0.16666666666666666,0.3333333333333333,0.16666666666666666,0.5,0.5,0.375,0.3333333333333333,0.3333333333333333,0.16666666666666666,0.3333333333333333,0.2857142857142857,0.3076923076923077,0.375,0.3076923076923077,0.16666666666666666,0.5555555555555556,0.25,0.3333333333333333,0.5555555555555556,1.0,0.3076923076923077,0.3076923076923077,0.16666666666666666,0.42857142857142855,0.3333333333333333,0.3333333333333333,0.25,0.5,0.2222222222222222,0.0,0.3,0.14285714285714285,0.1111111111111111,0.16666666666666666,0.1111111111111111,0.25,0.38461538461538464,0.0,0.2222222222222222,0.09090909090909091,0.5714285714285714,0.2,0.25,0.4444444444444444,0.2857142857142857,0.0,0.3333333333333333,0.3333333333333333,0.2,0.16666666666666666,0.2222222222222222,0.375,0.36363636363636365,0.3333333333333333,0.2222222222222222,0.3333333333333333,0.2857142857142857,0.42857142857142855,0.3333333333333333,0.125,0.16666666666666666,0.2857142857142857,0.1111111111111111,0.2222222222222222,0.4,0.3,0.2857142857142857,0.0,0.2857142857142857,0.1,0.25,0.1,0.16666666666666666,0.3333333333333333,0.25,0.25,0.1111111111111111,0.1,0.25,0.25,0.1,0.2222222222222222,0.3333333333333333,0.3,0.16666666666666666,0.25,0.3333333333333333,0.3,0.3333333333333333,0.125,0.0,0.3333333333333333,0.42857142857142855,0.2222222222222222,0.14285714285714285,0.14285714285714285,0.16666666666666666,0.5
4220,0.6923076923076923,0.38461538461538464,0.15384615384615385,0.38461538461538464,0.6153846153846154,0.3076923076923077,0.5384615384615384,0.5384615384615384,0.8,0.5384615384615384,0.3076923076923077,0.38461538461538464,0.38461538461538464,0.6153846153846154,0.46153846153846156,0.38461538461538464,0.38461538461538464,0.6923076923076923,0.7692307692307693,0.3076923076923077,0.5384615384615384,0.6153846153846154,0.5384615384615384,0.15384615384615385,0.15384615384615385,0.0,0.23076923076923078,0.5384615384615384,0.23076923076923078,0.38461538461538464,0.15384615384615385,0.5384615384615384,0.15384615384615385,0.38461538461538464,0.6153846153846154,0.5384615384615384,0.46153846153846156,0.5384615384615384,0.38461538461538464,0.3076923076923077,0.46153846153846156,0.46153846153846156,0.6428571428571429,0.3076923076923077,0.6153846153846154,0.3076923076923077,0.6923076923076923,0.23076923076923078,0.46153846153846156,0.15384615384615385,0.38461538461538464,0.3076923076923077,0.23076923076923078,0.3076923076923077,0.3076923076923077,0.3076923076923077,0.3076923076923077,0.23076923076923078,0.3076923076923077,0.38461538461538464,0.15384615384615385,0.5384615384615384,0.6428571428571429,0.23076923076923078,0.5384615384615384,0.07692307692307693,0.23076923076923078,0.3076923076923077,0.3076923076923077,0.5384615384615384,0.3076923076923077,0.3076923076923077,0.38461538461538464,0.07692307692307693,0.3076923076923077,0.0,0.3076923076923077,0.07692307692307693,0.3076923076923077,0.23076923076923078,0.0,0.07692307692307693,0.07692307692307693,0.23076923076923078,0.07692307692307693,0.3076923076923077,0.38461538461538464,0.5384615384615384,0.23076923076923078,0.38461538461538464,0.23076923076923078,0.15384615384615385,0.07692307692307693,0.07692307692307693,0.0,0.07692307692307693,0.15384615384615385,0.15384615384615385,0.07692307692307693,0.0,0.46153846153846156,0.0,0.0,0.3076923076923077,0.23076923076923078,0.07692307692307693,0.15384615384615385,0.07692307692307693,0.46153846153846156,0.3076923076923077,0.23076923076923078,0.38461538461538464,0.38461538461538464,0.07692307692307693,0.0,0.15384615384615385,0.23076923076923078,0.3076923076923077,0.38461538461538464,0.15384615384615385,0.23076923076923078,0.07692307692307693,0.46153846153846156,0.23076923076923078,0.15384615384615385,0.23076923076923078,0.6153846153846154,0.5384615384615384,0.6153846153846154,0.23076923076923078,0.46153846153846156,0.46153846153846156,0.15384615384615385,0.3076923076923077,0.3076923076923077,1.0,0.6923076923076923,0.3076923076923077,0.46153846153846156,0.3076923076923077,0.7333333333333333,0.23076923076923078,0.5384615384615384,0.5384615384615384,0.3076923076923077,0.38461538461538464,0.38461538461538464,0.46153846153846156,0.3076923076923077,0.5384615384615384,0.5384615384615384,0.6923076923076923,0.07692307692307693,0.6153846153846154,0.6153846153846154,0.3076923076923077,0.46153846153846156,0.6923076923076923,0.5384615384615384,0.38461538461538464,0.38461538461538464,0.23076923076923078,0.38461538461538464,0.38461538461538464,0.38461538461538464,0.46153846153846156,0.38461538461538464,0.5384615384615384,0.6153846153846154,0.5384615384615384,0.23076923076923078,0.3076923076923077,0.3076923076923077,0.38461538461538464,0.3076923076923077,0.23076923076923078,0.38461538461538464,0.38461538461538464,0.5384615384615384,0.46153846153846156,0.6153846153846154,0.38461538461538464,0.3076923076923077,0.38461538461538464,0.5384615384615384,0.3076923076923077,0.5384615384615384,0.15384615384615385,0.6923076923076923,0.46153846153846156,0.46153846153846156,0.46153846153846156,0.5384615384615384,0.6153846153846154,0.38461538461538464,0.5384615384615384,0.38461538461538464,0.3076923076923077,0.5384615384615384,0.3076923076923077,0.38461538461538464,0.5384615384615384,0.5384615384615384,0.5384615384615384,0.38461538461538464,0.15384615384615385,0.3076923076923077,0.3076923076923077,0.23076923076923078,0.23076923076923078,0.23076923076923078,0.15384615384615385,0.07692307692307693
4290,0.6153846153846154,0.46153846153846156,0.23076923076923078,0.38461538461538464,0.6923076923076923,0.38461538461538464,0.6923076923076923,0.7692307692307693,0.6,0.46153846153846156,0.3076923076923077,0.46153846153846156,0.38461538461538464,0.5384615384615384,0.46153846153846156,0.23076923076923078,0.46153846153846156,0.7692307692307693,0.5384615384615384,0.3076923076923077,0.46153846153846156,0.6923076923076923,0.6923076923076923,0.38461538461538464,0.23076923076923078,0.15384615384615385,0.3076923076923077,0.6923076923076923,0.3076923076923077,0.38461538461538464,0.3076923076923077,0.6923076923076923,0.23076923076923078,0.6153846153846154,0.5384615384615384,0.5384615384615384,0.38461538461538464,0.46153846153846156,0.5384615384615384,0.23076923076923078,0.38461538461538464,0.5384615384615384,0.6428571428571429,0.5384615384615384,0.6923076923076923,0.15384615384615385,0.5384615384615384,0.23076923076923078,0.46153846153846156,0.15384615384615385,0.46153846153846156,0.15384615384615385,0.38461538461538464,0.46153846153846156,0.38461538461538464,0.38461538461538464,0.3076923076923077,0.3076923076923077,0.46153846153846156,0.5384615384615384,0.23076923076923078,0.6923076923076923,0.6428571428571429,0.38461538461538464,0.38461538461538464,0.15384615384615385,0.23076923076923078,0.3076923076923077,0.3076923076923077,0.6153846153846154,0.38461538461538464,0.23076923076923078,0.3076923076923077,0.0,0.15384615384615385,0.07692307692307693,0.46153846153846156,0.07692307692307693,0.38461538461538464,0.15384615384615385,0.07692307692307693,0.07692307692307693,0.07692307692307693,0.15384615384615385,0.07692307692307693,0.23076923076923078,0.23076923076923078,0.46153846153846156,0.15384615384615385,0.46153846153846156,0.3076923076923077,0.07692307692307693,0.07692307692307693,0.07692307692307693,0.07692307692307693,0.0,0.07692307692307693,0.07692307692307693,0.15384615384615385,0.0,0.3076923076923077,0.0,0.07692307692307693,0.15384615384615385,0.23076923076923078,0.15384615384615385,0.07692307692307693,0.0,0.3076923076923077,0.46153846153846156,0.15384615384615385,0.15384615384615385,0.46153846153846156,0.15384615384615385,0.0,0.15384615384615385,0.38461538461538464,0.3076923076923077,0.46153846153846156,0.3076923076923077,0.38461538461538464,0.07692307692307693,0.23076923076923078,0.3076923076923077,0.07692307692307693,0.23076923076923078,0.5384615384615384,0.38461538461538464,0.9230769230769231,0.15384615384615385,0.46153846153846156,0.3076923076923077,0.23076923076923078,0.38461538461538464,0.3076923076923077,0.6923076923076923,1.0,0.3076923076923077,0.38461538461538464,0.15384615384615385,0.7333333333333333,0.38461538461538464,0.5384615384615384,0.5384615384615384,0.46153846153846156,0.46153846153846156,0.46153846153846156,0.38461538461538464,0.23076923076923078,0.38461538461538464,0.3076923076923077,0.6923076923076923,0.07692307692307693,0.3076923076923077,0.6923076923076923,0.38461538461538464,0.46153846153846156,0.6923076923076923,0.46153846153846156,0.23076923076923078,0.23076923076923078,0.15384615384615385,0.38461538461538464,0.38461538461538464,0.23076923076923078,0.38461538461538464,0.46153846153846156,0.5384615384615384,0.5384615384615384,0.38461538461538464,0.15384615384615385,0.38461538461538464,0.3076923076923077,0.46153846153846156,0.23076923076923078,0.23076923076923078,0.38461538461538464,0.3076923076923077,0.23076923076923078,0.6153846153846154,0.46153846153846156,0.3076923076923077,0.38461538461538464,0.23076923076923078,0.38461538461538464,0.3076923076923077,0.38461538461538464,0.23076923076923078,0.6153846153846154,0.23076923076923078,0.38461538461538464,0.5384615384615384,0.3076923076923077,0.6153846153846154,0.23076923076923078,0.46153846153846156,0.46153846153846156,0.3076923076923077,0.3076923076923077,0.07692307692307693,0.38461538461538464,0.46153846153846156,0.6153846153846154,0.46153846153846156,0.23076923076923078,0.15384615384615385,0.3076923076923077,0.38461538461538464,0.5384615384615384,0.3076923076923077,0.15384615384615385,0.15384615384615385,0.23076923076923078
4311,0.2727272727272727,0.3333333333333333,0.16666666666666666,0.5,0.2727272727272727,0.2222222222222222,0.2727272727272727,0.25,0.26666666666666666,0.18181818181818182,0.2222222222222222,0.2222222222222222,0.2857142857142857,0.2,0.25,0.42857142857142855,0.3,0.3076923076923077,0.25,0.0,0.2727272727272727,0.09090909090909091,0.2222222222222222,0.0,0.0,0.0,0.14285714285714285,0.18181818181818182,0.3333333333333333,0.1111111111111111,0.2857142857142857,0.16666666666666666,0.16666666666666666,0.2,0.2727272727272727,0.3333333333333333,0.3,0.3333333333333333,0.25,0.375,0.2857142857142857,0.2,0.35714285714285715,0.3,0.3,0.5,0.3076923076923077,0.42857142857142855,0.25,0.16666666666666666,0.2222222222222222,0.375,0.2857142857142857,0.2,0.2857142857142857,0.375,0.42857142857142855,0.375,0.3333333333333333,0.375,0.16666666666666666,0.23076923076923078,0.21428571428571427,0.3333333333333333,0.36363636363636365,0.3333333333333333,0.125,0.42857142857142855,0.5,0.3333333333333333,0.5,0.3333333333333333,0.16666666666666666,0.16666666666666666,0.5,0.16666666666666666,0.2857142857142857,0.0,0.42857142857142855,0.16666666666666666,0.16666666666666666,0.3333333333333333,0.16666666666666666,0.5,0.16666666666666666,0.3333333333333333,0.42857142857142855,0.3,0.16666666666666666,0.25,0.16666666666666666,0.3333333333333333,0.16666666666666666,0.16666666666666666,0.16666666666666666,0.3333333333333333,0.5,0.16666666666666666,0.16666666666666666,0.16666666666666666,0.5,0.16666666666666666,0.16666666666666666,0.42857142857142855,0.3333333333333333,0.16666666666666666,0.5,0.16666666666666666,0.5714285714285714,0.2857142857142857,0.16666666666666666,0.5,0.25,0.5,0.16666666666666666,0.0,0.3333333333333333,0.5,0.25,0.16666666666666666,0.0,0.16666666666666666,0.1111111111111111,0.3333333333333333,0.16666666666666666,0.14285714285714285,0.15384615384615385,0.375,0.23076923076923078,0.3333333333333333,0.3333333333333333,0.0,0.16666666666666666,0.1111111111111111,0.16666666666666666,0.3076923076923077,0.3076923076923077,1.0,0.42857142857142855,0.5,0.2,0.125,0.375,0.3333333333333333,0.2857142857142857,0.2,0.2857142857142857,0.4444444444444444,0.3333333333333333,0.3333333333333333,0.25,0.15384615384615385,0.3333333333333333,0.4444444444444444,0.2727272727272727,0.2857142857142857,0.2,0.3333333333333333,0.1111111111111111,0.14285714285714285,0.3333333333333333,0.3333333333333333,0.3333333333333333,0.2,0.16666666666666666,0.4444444444444444,0.375,0.18181818181818182,0.3333333333333333,0.2222222222222222,0.3333333333333333,0.14285714285714285,0.14285714285714285,0.3333333333333333,0.25,0.3333333333333333,0.2857142857142857,0.2222222222222222,0.3333333333333333,0.3,0.5,0.42857142857142855,0.42857142857142855,0.14285714285714285,0.3,0.375,0.4,0.5,0.25,0.375,0.625,0.3333333333333333,0.4,0.16666666666666666,0.25,0.3,0.2222222222222222,0.16666666666666666,0.2,0.5,0.375,0.4444444444444444,0.3,0.2222222222222222,0.25,0.5,0.5,0.2857142857142857,0.2222222222222222,0.2857142857142857,0.42857142857142855,0.3333333333333333,0.3333333333333333
4312,0.2727272727272727,0.4444444444444444,0.0,0.14285714285714285,0.2727272727272727,0.1111111111111111,0.2727272727272727,0.4166666666666667,0.4,0.2727272727272727,0.2222222222222222,0.3333333333333333,0.2857142857142857,0.3,0.25,0.7142857142857143,0.3,0.3076923076923077,0.3333333333333333,0.2857142857142857,0.36363636363636365,0.2727272727272727,0.3333333333333333,0.0,0.14285714285714285,0.0,0.14285714285714285,0.09090909090909091,0.2857142857142857,0.2222222222222222,0.0,0.08333333333333333,0.14285714285714285,0.2,0.2727272727272727,0.4444444444444444,0.2,0.3333333333333333,0.125,0.25,0.14285714285714285,0.1,0.2857142857142857,0.2,0.4,0.42857142857142855,0.38461538461538464,0.42857142857142855,0.5,0.14285714285714285,0.3333333333333333,0.375,0.2857142857142857,0.4,0.14285714285714285,0.0,0.0,0.25,0.1111111111111111,0.25,0.14285714285714285,0.3076923076923077,0.35714285714285715,0.42857142857142855,0.18181818181818182,0.0,0.125,0.14285714285714285,0.14285714285714285,0.3333333333333333,0.2857142857142857,0.42857142857142855,0.2857142857142857,0.14285714285714285,0.2857142857142857,0.0,0.14285714285714285,0.0,0.14285714285714285,0.2857142857142857,0.0,0.14285714285714285,0.14285714285714285,0.2857142857142857,0.0,0.2857142857142857,0.2857142857142857,0.2,0.14285714285714285,0.0,0.14285714285714285,0.14285714285714285,0.0,0.0,0.0,0.14285714285714285,0.2857142857142857,0.0,0.0,0.0,0.5,0.0,0.0,0.2857142857142857,0.14285714285714285,0.14285714285714285,0.2857142857142857,0.14285714285714285,0.5714285714285714,0.0,0.2857142857142857,0.42857142857142855,0.25,0.14285714285714285,0.0,0.0,0.14285714285714285,0.42857142857142855,0.125,0.14285714285714285,0.125,0.14285714285714285,0.2222222222222222,0.0,0.14285714285714285,0.14285714285714285,0.3076923076923077,0.25,0.3076923076923077,0.14285714285714285,0.3333333333333333,0.25,0.42857142857142855,0.3333333333333333,0.42857142857142855,0.46153846153846156,0.38461538461538464,0.42857142857142855,1.0,0.5714285714285714,0.3333333333333333,0.375,0.5,0.4444444444444444,0.42857142857142855,0.5,0.5714285714285714,0.5555555555555556,0.42857142857142855,0.4444444444444444,0.625,0.3076923076923077,0.14285714285714285,0.4444444444444444,0.36363636363636365,0.42857142857142855,0.2,0.4166666666666667,0.3333333333333333,0.42857142857142855,0.42857142857142855,0.2857142857142857,0.14285714285714285,0.3,0.14285714285714285,0.4444444444444444,0.25,0.45454545454545453,0.4166666666666667,0.4444444444444444,0.2857142857142857,0.42857142857142855,0.5714285714285714,0.3333333333333333,0.5,0.42857142857142855,0.7142857142857143,0.3333333333333333,0.4444444444444444,0.4,0.3,0.7142857142857143,0.2857142857142857,0.2857142857142857,0.2,0.5,0.5,0.42857142857142855,0.4166666666666667,0.5,0.5,0.4444444444444444,0.5,0.4166666666666667,0.375,0.3,0.5555555555555556,0.5714285714285714,0.5,0.42857142857142855,0.25,0.4444444444444444,0.5,0.4444444444444444,0.375,0.2857142857142857,0.42857142857142855,0.5714285714285714,0.1111111111111111,0.42857142857142855,0.2857142857142857,0.0,0.2857142857142857
4390,0.18181818181818182,0.3333333333333333,0.16666666666666666,0.16666666666666666,0.18181818181818182,0.2222222222222222,0.18181818181818182,0.16666666666666666,0.26666666666666666,0.18181818181818182,0.2222222222222222,0.2222222222222222,0.14285714285714285,0.1,0.0,0.7142857142857143,0.2,0.3076923076923077,0.16666666666666666,0.0,0.36363636363636365,0.09090909090909091,0.1111111111111111,0.0,0.16666666666666666,0.0,0.0,0.0,0.16666666666666666,0.2222222222222222,0.0,0.0,0.0,0.1,0.2727272727272727,0.3333333333333333,0.3,0.2222222222222222,0.0,0.5,0.14285714285714285,0.0,0.2857142857142857,0.2,0.1,0.6666666666666666,0.46153846153846156,0.42857142857142855,0.375,0.3333333333333333,0.2222222222222222,0.5,0.2857142857142857,0.3,0.14285714285714285,0.125,0.14285714285714285,0.25,0.2222222222222222,0.25,0.16666666666666666,0.23076923076923078,0.2857142857142857,0.16666666666666666,0.2727272727272727,0.16666666666666666,0.25,0.14285714285714285,0.16666666666666666,0.25,0.3333333333333333,0.3333333333333333,0.3333333333333333,0.3333333333333333,0.5,0.16666666666666666,0.0,0.0,0.14285714285714285,0.3333333333333333,0.16666666666666666,0.3333333333333333,0.3333333333333333,0.3333333333333333,0.16666666666666666,0.3333333333333333,0.14285714285714285,0.3,0.3333333333333333,0.0,0.16666666666666666,0.3333333333333333,0.16666666666666666,0.16666666666666666,0.16666666666666666,0.3333333333333333,0.3333333333333333,0.16666666666666666,0.16666666666666666,0.16666666666666666,0.5,0.16666666666666666,0.16666666666666666,0.42857142857142855,0.16666666666666666,0.3333333333333333,0.3333333333333333,0.3333333333333333,0.5714285714285714,0.0,0.3333333333333333,0.3333333333333333,0.125,0.3333333333333333,0.16666666666666666,0.0,0.0,0.16666666666666666,0.0,0.16666666666666666,0.0,0.3333333333333333,0.3333333333333333,0.16666666666666666,0.3333333333333333,0.0,0.3076923076923077,0.25,0.15384615384615385,0.3333333333333333,0.2222222222222222,0.25,0.5,0.3333333333333333,0.3333333333333333,0.3076923076923077,0.15384615384615385,0.5,0.5714285714285714,1.0,0.2,0.25,0.125,0.2222222222222222,0.14285714285714285,0.3,0.2857142857142857,0.5555555555555556,0.3333333333333333,0.4444444444444444,0.5,0.15384615384615385,0.16666666666666666,0.5555555555555556,0.18181818181818182,0.42857142857142855,0.2,0.3333333333333333,0.2222222222222222,0.2857142857142857,0.3333333333333333,0.3333333333333333,0.0,0.4,0.5,0.4444444444444444,0.25,0.36363636363636365,0.4166666666666667,0.2222222222222222,0.3333333333333333,0.2857142857142857,0.42857142857142855,0.2222222222222222,0.5,0.3333333333333333,0.2857142857142857,0.3333333333333333,0.4444444444444444,0.2,0.3,0.7142857142857143,0.2857142857142857,0.2857142857142857,0.3,0.5,0.5,0.5,0.3333333333333333,0.5,0.625,0.4444444444444444,0.5,0.3333333333333333,0.25,0.3,0.2222222222222222,0.16666666666666666,0.5,0.6666666666666666,0.125,0.3333333333333333,0.2,0.3333333333333333,0.5,0.5,0.3333333333333333,0.2857142857142857,0.1111111111111111,0.42857142857142855,0.5714285714285714,0.16666666666666666,0.5
4530,0.6666666666666666,0.3333333333333333,0.2,0.4,0.6666666666666666,0.4,0.6,0.6,0.8,0.6,0.3333333333333333,0.5333333333333333,0.4666666666666667,0.6,0.4,0.2,0.4666666666666667,0.6666666666666666,0.7333333333333333,0.3333333333333333,0.6,0.7333333333333333,0.6,0.4,0.2,0.2,0.3333333333333333,0.6666666666666666,0.2,0.4,0.3333333333333333,0.7333333333333333,0.26666666666666666,0.5333333333333333,0.6666666666666666,0.5333333333333333,0.4666666666666667,0.4666666666666667,0.5333333333333333,0.3333333333333333,0.4,0.5333333333333333,0.7333333333333333,0.4,0.5333333333333333,0.13333333333333333,0.6666666666666666,0.26666666666666666,0.4666666666666667,0.2,0.4666666666666667,0.3333333333333333,0.26666666666666666,0.4,0.4,0.3333333333333333,0.3333333333333333,0.26666666666666666,0.4,0.4,0.26666666666666666,0.6,0.5333333333333333,0.26666666666666666,0.4666666666666667,0.13333333333333333,0.26666666666666666,0.3333333333333333,0.26666666666666666,0.6666666666666666,0.26666666666666666,0.26666666666666666,0.26666666666666666,0.06666666666666667,0.26666666666666666,0.06666666666666667,0.4,0.06666666666666667,0.3333333333333333,0.26666666666666666,0.06666666666666667,0.13333333333333333,0.13333333333333333,0.13333333333333333,0.06666666666666667,0.26666666666666666,0.26666666666666666,0.5333333333333333,0.2,0.4,0.26666666666666666,0.13333333333333333,0.06666666666666667,0.06666666666666667,0.06666666666666667,0.06666666666666667,0.06666666666666667,0.13333333333333333,0.13333333333333333,0.0,0.3333333333333333,0.0,0.06666666666666667,0.2,0.13333333333333333,0.13333333333333333,0.06666666666666667,0.06666666666666667,0.3333333333333333,0.4,0.2,0.26666666666666666,0.4,0.13333333333333333,0.0,0.13333333333333333,0.26666666666666666,0.26666666666666666,0.4666666666666667,0.26666666666666666,0.4,0.13333333333333333,0.4,0.26666666666666666,0.13333333333333333,0.3333333333333333,0.6666666666666666,0.5333333333333333,0.8,0.26666666666666666,0.4666666666666667,0.3333333333333333,0.2,0.4,0.3333333333333333,0.7333333333333333,0.7333333333333333,0.2,0.3333333333333333,0.2,1.0,0.4,0.4666666666666667,0.4666666666666667,0.26666666666666666,0.4,0.26666666666666666,0.26666666666666666,0.2,0.4,0.3333333333333333,0.8,0.0,0.4,0.5333333333333333,0.26666666666666666,0.4,0.6666666666666666,0.4666666666666667,0.3333333333333333,0.2,0.13333333333333333,0.3333333333333333,0.4,0.26666666666666666,0.4,0.4,0.5333333333333333,0.5333333333333333,0.4666666666666667,0.13333333333333333,0.26666666666666666,0.26666666666666666,0.4666666666666667,0.3333333333333333,0.13333333333333333,0.26666666666666666,0.3333333333333333,0.3333333333333333,0.4666666666666667,0.4666666666666667,0.26666666666666666,0.26666666666666666,0.4,0.4666666666666667,0.26666666666666666,0.4,0.06666666666666667,0.6666666666666666,0.26666666666666666,0.26666666666666666,0.3333333333333333,0.4,0.6,0.26666666666666666,0.4,0.4666666666666667,0.26666666666666666,0.4666666666666667,0.13333333333333333,0.4,0.5333333333333333,0.5333333333333333,0.4,0.3333333333333333,0.13333333333333333,0.2,0.26666666666666666,0.4666666666666667,0.26666666666666666,0.13333333333333333,0.13333333333333333,0.2
4540,0.18181818181818182,0.4444444444444444,0.125,0.125,0.36363636363636365,0.5555555555555556,0.5454545454545454,0.5,0.4,0.36363636363636365,0.3333333333333333,0.4444444444444444,0.5,0.4,0.375,0.25,0.6,0.46153846153846156,0.4166666666666667,0.25,0.2727272727272727,0.36363636363636365,0.2222222222222222,0.625,0.375,0.5,0.5,0.2727272727272727,0.125,0.5555555555555556,0.5,0.4166666666666667,0.5,0.5,0.2727272727272727,0.2222222222222222,0.2,0.3333333333333333,0.25,0.25,0.25,0.4,0.35714285714285715,0.6,0.2,0.0,0.3076923076923077,0.25,0.625,0.375,0.6666666666666666,0.375,0.125,0.5,0.25,0.125,0.125,0.375,0.4444444444444444,0.5,0.25,0.38461538461538464,0.2857142857142857,0.5,0.2727272727272727,0.125,0.5,0.125,0.125,0.3333333333333333,0.125,0.0,0.0,0.25,0.25,0.25,0.375,0.0,0.0,0.125,0.125,0.125,0.25,0.125,0.0,0.0,0.125,0.1,0.125,0.25,0.125,0.0,0.125,0.125,0.125,0.125,0.0,0.0,0.0,0.125,0.25,0.125,0.125,0.125,0.125,0.25,0.0,0.125,0.125,0.125,0.0,0.25,0.25,0.375,0.0,0.25,0.25,0.125,0.25,0.375,0.5,0.125,0.2222222222222222,0.0,0.25,0.375,0.38461538461538464,0.125,0.46153846153846156,0.125,0.3333333333333333,0.375,0.375,0.3333333333333333,0.25,0.23076923076923078,0.38461538461538464,0.125,0.375,0.25,0.4,1.0,0.25,0.5555555555555556,0.5,0.7,0.375,0.3333333333333333,0.375,0.4444444444444444,0.375,0.38461538461538464,0.0,0.2222222222222222,0.36363636363636365,0.25,0.2,0.3333333333333333,0.3333333333333333,0.375,0.25,0.25,0.125,0.6,0.125,0.3333333333333333,0.25,0.45454545454545453,0.3333333333333333,0.4444444444444444,0.125,0.5,0.625,0.2222222222222222,0.625,0.25,0.375,0.5555555555555556,0.1111111111111111,0.5,0.0,0.375,0.25,0.375,0.3,0.5,0.4,0.125,0.4166666666666667,0.25,0.125,0.4444444444444444,0.5,0.5,0.25,0.4,0.6666666666666666,0.375,0.4,0.125,0.25,0.3333333333333333,0.5,0.4444444444444444,0.5,0.125,0.25,0.625,0.5555555555555556,0.625,0.375,0.125,0.5
4610,0.5454545454545454,0.3333333333333333,0.25,0.375,0.5454545454545454,0.1111111111111111,0.36363636363636365,0.4166666666666667,0.4,0.36363636363636365,0.2222222222222222,0.5555555555555556,0.5,0.4,0.625,0.25,0.4,0.38461538461538464,0.5,0.375,0.36363636363636365,0.45454545454545453,0.6666666666666666,0.125,0.0,0.0,0.25,0.45454545454545453,0.25,0.2222222222222222,0.25,0.4166666666666667,0.25,0.4,0.45454545454545453,0.3333333333333333,0.4,0.5555555555555556,0.5,0.125,0.5,0.4,0.2857142857142857,0.3,0.6,0.125,0.3076923076923077,0.125,0.5,0.0,0.3333333333333333,0.25,0.25,0.3,0.625,0.5,0.375,0.25,0.2222222222222222,0.25,0.375,0.3076923076923077,0.35714285714285715,0.375,0.36363636363636365,0.25,0.25,0.375,0.5,0.4166666666666667,0.375,0.25,0.25,0.125,0.375,0.0,0.375,0.125,0.625,0.375,0.0,0.0,0.125,0.25,0.0,0.25,0.375,0.4,0.25,0.5,0.375,0.125,0.0,0.125,0.125,0.0,0.125,0.0,0.25,0.0,0.5,0.0,0.125,0.25,0.25,0.0,0.125,0.125,0.5,0.5,0.25,0.375,0.5,0.125,0.0,0.125,0.375,0.375,0.5,0.25,0.25,0.25,0.3333333333333333,0.375,0.25,0.25,0.3076923076923077,0.625,0.46153846153846156,0.125,0.6666666666666666,0.25,0.125,0.4444444444444444,0.5,0.5384615384615384,0.5384615384615384,0.375,0.5,0.125,0.4666666666666667,0.25,1.0,0.5555555555555556,0.25,0.3,0.25,0.2222222222222222,0.25,0.2222222222222222,0.375,0.46153846153846156,0.125,0.3333333333333333,0.36363636363636365,0.375,0.3,0.4166666666666667,0.4444444444444444,0.25,0.25,0.375,0.375,0.1,0.0,0.4444444444444444,0.625,0.2727272727272727,0.25,0.2222222222222222,0.125,0.25,0.375,0.4444444444444444,0.25,0.25,0.625,0.3333333333333333,0.3333333333333333,0.4,0.5,0.25,0.25,0.25,0.4,0.25,0.4,0.125,0.5,0.375,0.375,0.3333333333333333,0.3,0.3333333333333333,0.25,0.2,0.4444444444444444,0.5,0.2,0.25,0.375,0.4444444444444444,0.4,0.4444444444444444,0.125,0.125,0.25,0.5,0.2222222222222222,0.25,0.0,0.25,0.25
4620,0.36363636363636365,0.4444444444444444,0.1111111111111111,0.3333333333333333,0.5454545454545454,0.3333333333333333,0.6363636363636364,0.5833333333333334,0.4666666666666667,0.36363636363636365,0.3333333333333333,0.4444444444444444,0.4444444444444444,0.5,0.4444444444444444,0.3333333333333333,0.5,0.6153846153846154,0.5833333333333334,0.2222222222222222,0.18181818181818182,0.5454545454545454,0.4444444444444444,0.3333333333333333,0.1111111111111111,0.1111111111111111,0.1111111111111111,0.36363636363636365,0.1111111111111111,0.5555555555555556,0.2222222222222222,0.4166666666666667,0.3333333333333333,0.6,0.2727272727272727,0.3333333333333333,0.1,0.5555555555555556,0.2222222222222222,0.1111111111111111,0.5555555555555556,0.5,0.42857142857142855,0.4,0.5,0.1111111111111111,0.46153846153846156,0.2222222222222222,0.7777777777777778,0.2222222222222222,0.6666666666666666,0.3333333333333333,0.2222222222222222,0.4,0.3333333333333333,0.3333333333333333,0.4444444444444444,0.1111111111111111,0.5555555555555556,0.4444444444444444,0.2222222222222222,0.38461538461538464,0.42857142857142855,0.2222222222222222,0.45454545454545453,0.1111111111111111,0.3333333333333333,0.3333333333333333,0.2222222222222222,0.3333333333333333,0.3333333333333333,0.0,0.2222222222222222,0.1111111111111111,0.2222222222222222,0.0,0.2222222222222222,0.1111111111111111,0.2222222222222222,0.2222222222222222,0.0,0.0,0.1111111111111111,0.2222222222222222,0.1111111111111111,0.2222222222222222,0.2222222222222222,0.2,0.3333333333333333,0.4444444444444444,0.2222222222222222,0.1111111111111111,0.1111111111111111,0.1111111111111111,0.0,0.0,0.1111111111111111,0.1111111111111111,0.1111111111111111,0.0,0.3333333333333333,0.0,0.0,0.0,0.3333333333333333,0.0,0.1111111111111111,0.1111111111111111,0.3333333333333333,0.3333333333333333,0.0,0.2222222222222222,0.3333333333333333,0.2222222222222222,0.0,0.2222222222222222,0.2222222222222222,0.1111111111111111,0.2222222222222222,0.1111111111111111,0.1111111111111111,0.1111111111111111,0.3333333333333333,0.2222222222222222,0.2222222222222222,0.1111111111111111,0.3076923076923077,0.4444444444444444,0.5384615384615384,0.1111111111111111,0.4444444444444444,0.3333333333333333,0.2222222222222222,0.2222222222222222,0.2222222222222222,0.5384615384615384,0.5384615384615384,0.3333333333333333,0.4444444444444444,0.2222222222222222,0.4666666666666667,0.5555555555555556,0.5555555555555556,1.0,0.5555555555555556,0.6,0.5555555555555556,0.4444444444444444,0.4444444444444444,0.5555555555555556,0.4444444444444444,0.46153846153846156,0.1111111111111111,0.3333333333333333,0.5454545454545454,0.1111111111111111,0.3,0.5,0.2222222222222222,0.1111111111111111,0.3333333333333333,0.3333333333333333,0.4444444444444444,0.4,0.2222222222222222,0.5555555555555556,0.4444444444444444,0.2727272727272727,0.3333333333333333,0.5555555555555556,0.1111111111111111,0.3333333333333333,0.3333333333333333,0.5555555555555556,0.4444444444444444,0.4444444444444444,0.5555555555555556,0.5555555555555556,0.3333333333333333,0.5,0.3,0.3333333333333333,0.4444444444444444,0.3333333333333333,0.5,0.5555555555555556,0.5,0.2222222222222222,0.5833333333333334,0.3333333333333333,0.4444444444444444,0.5555555555555556,0.6,0.5833333333333334,0.1111111111111111,0.5,0.5555555555555556,0.3333333333333333,0.4,0.2222222222222222,0.3333333333333333,0.5555555555555556,0.6,0.6666666666666666,0.3333333333333333,0.2222222222222222,0.2222222222222222,0.5555555555555556,0.5555555555555556,0.4444444444444444,0.2222222222222222,0.1111111111111111,0.2222222222222222
4630,0.2727272727272727,0.5555555555555556,0.0,0.14285714285714285,0.2727272727272727,0.4444444444444444,0.36363636363636365,0.4166666666666667,0.26666666666666666,0.2727272727272727,0.2222222222222222,0.3333333333333333,0.14285714285714285,0.3,0.375,0.42857142857142855,0.3,0.38461538461538464,0.25,0.42857142857142855,0.09090909090909091,0.2727272727272727,0.2222222222222222,0.5,0.42857142857142855,0.2857142857142857,0.42857142857142855,0.36363636363636365,0.2857142857142857,0.5555555555555556,0.2857142857142857,0.25,0.2857142857142857,0.4,0.18181818181818182,0.3333333333333333,0.1,0.2222222222222222,0.25,0.25,0.42857142857142855,0.3,0.2857142857142857,0.5,0.5,0.2857142857142857,0.23076923076923078,0.2857142857142857,0.375,0.14285714285714285,0.5555555555555556,0.125,0.42857142857142855,0.3,0.14285714285714285,0.25,0.2857142857142857,0.375,0.4444444444444444,0.5,0.0,0.38461538461538464,0.42857142857142855,0.42857142857142855,0.2727272727272727,0.14285714285714285,0.375,0.2857142857142857,0.0,0.16666666666666666,0.14285714285714285,0.14285714285714285,0.2857142857142857,0.14285714285714285,0.0,0.14285714285714285,0.2857142857142857,0.14285714285714285,0.14285714285714285,0.14285714285714285,0.2857142857142857,0.14285714285714285,0.14285714285714285,0.2857142857142857,0.2857142857142857,0.2857142857142857,0.2857142857142857,0.2,0.14285714285714285,0.375,0.14285714285714285,0.0,0.2857142857142857,0.14285714285714285,0.0,0.0,0.2857142857142857,0.2857142857142857,0.0,0.0,0.125,0.0,0.0,0.14285714285714285,0.2857142857142857,0.14285714285714285,0.2857142857142857,0.0,0.14285714285714285,0.42857142857142855,0.14285714285714285,0.14285714285714285,0.25,0.14285714285714285,0.14285714285714285,0.14285714285714285,0.42857142857142855,0.42857142857142855,0.25,0.2857142857142857,0.375,0.0,0.2222222222222222,0.14285714285714285,0.0,0.2857142857142857,0.15384615384615385,0.125,0.38461538461538464,0.14285714285714285,0.1111111111111111,0.375,0.42857142857142855,0.2222222222222222,0.0,0.3076923076923077,0.46153846153846156,0.2857142857142857,0.42857142857142855,0.14285714285714285,0.26666666666666666,0.5,0.25,0.5555555555555556,1.0,0.6,0.8571428571428571,0.5555555555555556,0.5714285714285714,0.4444444444444444,0.5,0.3076923076923077,0.2857142857142857,0.2222222222222222,0.6363636363636364,0.14285714285714285,0.5,0.4166666666666667,0.2222222222222222,0.14285714285714285,0.5714285714285714,0.14285714285714285,0.42857142857142855,0.3,0.2857142857142857,0.2222222222222222,0.125,0.2727272727272727,0.3333333333333333,0.4444444444444444,0.14285714285714285,0.5714285714285714,0.42857142857142855,0.3333333333333333,0.375,0.42857142857142855,0.5714285714285714,0.4444444444444444,0.3333333333333333,0.5,0.2,0.42857142857142855,0.5714285714285714,0.2857142857142857,0.3,0.5,0.4,0.2857142857142857,0.3333333333333333,0.375,0.25,0.4444444444444444,0.4,0.4166666666666667,0.375,0.5,0.4444444444444444,0.42857142857142855,0.3,0.14285714285714285,0.25,0.3333333333333333,0.5,0.4444444444444444,0.375,0.2857142857142857,0.2857142857142857,0.5714285714285714,0.5555555555555556,0.7142857142857143,0.42857142857142855,0.14285714285714285,0.2857142857142857
4641,0.18181818181818182,0.5,0.0,0.0,0.2727272727272727,0.5,0.5454545454545454,0.5833333333333334,0.4666666666666667,0.5454545454545454,0.5,0.4,0.3,0.5,0.4,0.5,0.6,0.5384615384615384,0.4166666666666667,0.3,0.2727272727272727,0.36363636363636365,0.2,0.5,0.5,0.4,0.4,0.2727272727272727,0.3,0.6,0.4,0.3333333333333333,0.4,0.5,0.18181818181818182,0.3,0.2,0.3,0.1,0.4,0.3,0.4,0.42857142857142855,0.6,0.5,0.3,0.38461538461538464,0.4,0.6,0.4,0.6,0.5,0.3,0.6,0.2,0.2,0.2,0.4,0.4,0.5,0.2,0.46153846153846156,0.5,0.4,0.36363636363636365,0.2,0.5,0.2,0.1,0.4166666666666667,0.2,0.2,0.2,0.3,0.2,0.2,0.2,0.1,0.1,0.2,0.2,0.1,0.2,0.3,0.1,0.1,0.3,0.3,0.1,0.3,0.1,0.0,0.2,0.2,0.1,0.1,0.2,0.1,0.0,0.1,0.4,0.1,0.1,0.2,0.2,0.3,0.2,0.1,0.3,0.2,0.1,0.3,0.2,0.3,0.1,0.2,0.3,0.3,0.2,0.3,0.4,0.1,0.3,0.0,0.2,0.4,0.38461538461538464,0.1,0.46153846153846156,0.3,0.3,0.5,0.5,0.5,0.3,0.38461538461538464,0.46153846153846156,0.2,0.5,0.3,0.4,0.7,0.3,0.6,0.6,1.0,0.6,0.6,0.5,0.4,0.6,0.46153846153846156,0.2,0.4,0.6363636363636364,0.3,0.4,0.5,0.4,0.2,0.4,0.3,0.2,0.6,0.2,0.5,0.2,0.45454545454545453,0.4166666666666667,0.6,0.3,0.4,0.5,0.3,0.5,0.3,0.5,0.6,0.3,0.7,0.1,0.5,0.3,0.3,0.4,0.7,0.5,0.3,0.5833333333333334,0.4,0.3,0.5,0.6,0.5833333333333334,0.4,0.5,0.6,0.4,0.6,0.2,0.4,0.5,0.7,0.6,0.4,0.2,0.4,0.6,0.5,0.6,0.4,0.2,0.4
4649,0.18181818181818182,0.4444444444444444,0.0,0.14285714285714285,0.2727272727272727,0.3333333333333333,0.45454545454545453,0.5,0.3333333333333333,0.36363636363636365,0.3333333333333333,0.2222222222222222,0.14285714285714285,0.4,0.375,0.5714285714285714,0.3,0.38461538461538464,0.25,0.42857142857142855,0.18181818181818182,0.36363636363636365,0.3333333333333333,0.375,0.42857142857142855,0.14285714285714285,0.2857142857142857,0.2727272727272727,0.2857142857142857,0.4444444444444444,0.14285714285714285,0.16666666666666666,0.14285714285714285,0.3,0.09090909090909091,0.4444444444444444,0.0,0.2222222222222222,0.125,0.25,0.42857142857142855,0.3,0.2857142857142857,0.4,0.6,0.42857142857142855,0.3076923076923077,0.42857142857142855,0.5,0.2857142857142857,0.5555555555555556,0.25,0.5714285714285714,0.4,0.14285714285714285,0.25,0.2857142857142857,0.25,0.4444444444444444,0.5,0.0,0.46153846153846156,0.5,0.2857142857142857,0.2727272727272727,0.14285714285714285,0.375,0.2857142857142857,0.0,0.16666666666666666,0.2857142857142857,0.2857142857142857,0.42857142857142855,0.14285714285714285,0.0,0.0,0.14285714285714285,0.14285714285714285,0.14285714285714285,0.14285714285714285,0.14285714285714285,0.14285714285714285,0.0,0.2857142857142857,0.2857142857142857,0.2857142857142857,0.2857142857142857,0.2,0.14285714285714285,0.375,0.14285714285714285,0.0,0.2857142857142857,0.14285714285714285,0.0,0.0,0.2857142857142857,0.2857142857142857,0.0,0.0,0.25,0.0,0.0,0.14285714285714285,0.2857142857142857,0.14285714285714285,0.2857142857142857,0.0,0.2857142857142857,0.2857142857142857,0.14285714285714285,0.14285714285714285,0.25,0.14285714285714285,0.14285714285714285,0.14285714285714285,0.2857142857142857,0.2857142857142857,0.125,0.14285714285714285,0.25,0.0,0.2222222222222222,0.14285714285714285,0.0,0.14285714285714285,0.23076923076923078,0.125,0.38461538461538464,0.2857142857142857,0.1111111111111111,0.5,0.42857142857142855,0.2222222222222222,0.14285714285714285,0.38461538461538464,0.46153846153846156,0.2857142857142857,0.5714285714285714,0.2857142857142857,0.26666666666666666,0.375,0.25,0.5555555555555556,0.8571428571428571,0.6,1.0,0.6666666666666666,0.5714285714285714,0.4444444444444444,0.625,0.38461538461538464,0.2857142857142857,0.3333333333333333,0.6363636363636364,0.2857142857142857,0.4,0.4166666666666667,0.3333333333333333,0.14285714285714285,0.5714285714285714,0.14285714285714285,0.42857142857142855,0.4,0.42857142857142855,0.3333333333333333,0.125,0.36363636363636365,0.3333333333333333,0.5555555555555556,0.2857142857142857,0.42857142857142855,0.2857142857142857,0.3333333333333333,0.375,0.42857142857142855,0.5714285714285714,0.4444444444444444,0.3333333333333333,0.5,0.2,0.42857142857142855,0.42857142857142855,0.14285714285714285,0.2,0.625,0.3,0.42857142857142855,0.3333333333333333,0.375,0.375,0.5555555555555556,0.4,0.5,0.25,0.4,0.3333333333333333,0.42857142857142855,0.4,0.14285714285714285,0.375,0.3333333333333333,0.5,0.5555555555555556,0.375,0.2857142857142857,0.42857142857142855,0.5714285714285714,0.4444444444444444,0.5714285714285714,0.42857142857142855,0.14285714285714285,0.14285714285714285
4651,0.2727272727272727,0.5555555555555556,0.1111111111111111,0.1111111111111111,0.18181818181818182,0.4444444444444444,0.36363636363636365,0.4166666666666667,0.4,0.45454545454545453,0.4444444444444444,0.2222222222222222,0.1111111111111111,0.3,0.3333333333333333,0.6666666666666666,0.3,0.38461538461538464,0.25,0.3333333333333333,0.45454545454545453,0.2727272727272727,0.2222222222222222,0.2222222222222222,0.3333333333333333,0.1111111111111111,0.2222222222222222,0.18181818181818182,0.2222222222222222,0.5555555555555556,0.1111111111111111,0.08333333333333333,0.1111111111111111,0.2,0.18181818181818182,0.4444444444444444,0.3,0.1111111111111111,0.0,0.5555555555555556,0.2222222222222222,0.2,0.35714285714285715,0.5,0.5,0.6666666666666666,0.46153846153846156,0.5555555555555556,0.4444444444444444,0.3333333333333333,0.4444444444444444,0.4444444444444444,0.4444444444444444,0.5,0.1111111111111111,0.2222222222222222,0.2222222222222222,0.3333333333333333,0.4444444444444444,0.3333333333333333,0.1111111111111111,0.46153846153846156,0.5714285714285714,0.2222222222222222,0.45454545454545453,0.2222222222222222,0.5555555555555556,0.2222222222222222,0.1111111111111111,0.25,0.2222222222222222,0.3333333333333333,0.3333333333333333,0.2222222222222222,0.2222222222222222,0.1111111111111111,0.0,0.1111111111111111,0.2222222222222222,0.2222222222222222,0.2222222222222222,0.3333333333333333,0.1111111111111111,0.4444444444444444,0.2222222222222222,0.3333333333333333,0.3333333333333333,0.4,0.1111111111111111,0.2222222222222222,0.1111111111111111,0.2222222222222222,0.2222222222222222,0.2222222222222222,0.1111111111111111,0.2222222222222222,0.4444444444444444,0.2222222222222222,0.1111111111111111,0.1111111111111111,0.4444444444444444,0.1111111111111111,0.1111111111111111,0.4444444444444444,0.2222222222222222,0.2222222222222222,0.4444444444444444,0.1111111111111111,0.4444444444444444,0.1111111111111111,0.3333333333333333,0.2222222222222222,0.1111111111111111,0.2222222222222222,0.2222222222222222,0.1111111111111111,0.1111111111111111,0.3333333333333333,0.0,0.2222222222222222,0.2222222222222222,0.1111111111111111,0.3333333333333333,0.1111111111111111,0.1111111111111111,0.1111111111111111,0.46153846153846156,0.1111111111111111,0.3076923076923077,0.3333333333333333,0.1111111111111111,0.5555555555555556,0.3333333333333333,0.3333333333333333,0.1111111111111111,0.46153846153846156,0.38461538461538464,0.4444444444444444,0.5555555555555556,0.5555555555555556,0.26666666666666666,0.3333333333333333,0.2222222222222222,0.4444444444444444,0.5555555555555556,0.6,0.6666666666666666,1.0,0.4444444444444444,0.5555555555555556,0.7777777777777778,0.3076923076923077,0.3333333333333333,0.6666666666666666,0.5454545454545454,0.3333333333333333,0.5,0.4166666666666667,0.4444444444444444,0.3333333333333333,0.6666666666666666,0.2222222222222222,0.2222222222222222,0.6,0.4444444444444444,0.4444444444444444,0.2222222222222222,0.5454545454545454,0.5,0.5555555555555556,0.3333333333333333,0.3333333333333333,0.3333333333333333,0.3333333333333333,0.5555555555555556,0.2222222222222222,0.4444444444444444,0.6666666666666666,0.5555555555555556,0.5,0.4,0.5555555555555556,0.3333333333333333,0.1111111111111111,0.3,0.6666666666666666,0.6,0.4444444444444444,0.5,0.6666666666666666,0.6666666666666666,0.7777777777777778,0.7,0.5,0.4444444444444444,0.5,0.3333333333333333,0.3333333333333333,0.6,0.4444444444444444,0.3333333333333333,0.3333333333333333,0.5,0.5555555555555556,0.5555555555555556,0.4444444444444444,0.3333333333333333,0.4444444444444444,0.3333333333333333,0.5555555555555556,0.6666666666666666,0.2222222222222222,0.2222222222222222
4652,0.09090909090909091,0.2222222222222222,0.0,0.0,0.36363636363636365,0.4444444444444444,0.18181818181818182,0.25,0.26666666666666666,0.2727272727272727,0.3333333333333333,0.1111111111111111,0.2857142857142857,0.2,0.25,0.5714285714285714,0.4,0.3076923076923077,0.25,0.5,0.09090909090909091,0.18181818181818182,0.0,0.25,0.3333333333333333,0.16666666666666666,0.2857142857142857,0.2727272727272727,0.16666666666666666,0.4444444444444444,0.14285714285714285,0.16666666666666666,0.0,0.2,0.18181818181818182,0.3333333333333333,0.1,0.3333333333333333,0.125,0.125,0.42857142857142855,0.2,0.21428571428571427,0.3,0.3,0.3333333333333333,0.3076923076923077,0.2857142857142857,0.375,0.16666666666666666,0.4444444444444444,0.25,0.2857142857142857,0.2,0.2857142857142857,0.125,0.14285714285714285,0.375,0.3333333333333333,0.25,0.0,0.3076923076923077,0.35714285714285715,0.16666666666666666,0.09090909090909091,0.16666666666666666,0.25,0.14285714285714285,0.0,0.16666666666666666,0.16666666666666666,0.16666666666666666,0.16666666666666666,0.3333333333333333,0.16666666666666666,0.0,0.0,0.16666666666666666,0.14285714285714285,0.3333333333333333,0.16666666666666666,0.16666666666666666,0.16666666666666666,0.3333333333333333,0.16666666666666666,0.16666666666666666,0.42857142857142855,0.2,0.16666666666666666,0.25,0.0,0.0,0.16666666666666666,0.16666666666666666,0.0,0.0,0.3333333333333333,0.3333333333333333,0.0,0.0,0.25,0.0,0.0,0.14285714285714285,0.16666666666666666,0.0,0.3333333333333333,0.16666666666666666,0.2857142857142857,0.14285714285714285,0.16666666666666666,0.5,0.25,0.16666666666666666,0.16666666666666666,0.16666666666666666,0.16666666666666666,0.3333333333333333,0.125,0.16666666666666666,0.375,0.16666666666666666,0.3333333333333333,0.0,0.16666666666666666,0.2857142857142857,0.15384615384615385,0.25,0.15384615384615385,0.3333333333333333,0.3333333333333333,0.375,0.5,0.2222222222222222,0.16666666666666666,0.3076923076923077,0.23076923076923078,0.3333333333333333,0.42857142857142855,0.3333333333333333,0.2,0.375,0.25,0.4444444444444444,0.5714285714285714,0.5,0.5714285714285714,0.4444444444444444,1.0,0.5555555555555556,0.5,0.3076923076923077,0.3333333333333333,0.4444444444444444,0.45454545454545453,0.14285714285714285,0.4,0.4166666666666667,0.2222222222222222,0.14285714285714285,0.5,0.3333333333333333,0.5,0.3,0.3333333333333333,0.4444444444444444,0.125,0.2727272727272727,0.16666666666666666,0.3333333333333333,0.3333333333333333,0.14285714285714285,0.2857142857142857,0.2222222222222222,0.375,0.5,0.5714285714285714,0.4444444444444444,0.4444444444444444,0.4,0.2,0.42857142857142855,0.42857142857142855,0.2857142857142857,0.3,0.625,0.4,0.3333333333333333,0.25,0.5,0.25,0.3333333333333333,0.5,0.4166666666666667,0.375,0.4,0.4444444444444444,0.5,0.5,0.3333333333333333,0.375,0.2222222222222222,0.4,0.3333333333333333,0.625,0.3333333333333333,0.5,0.5714285714285714,0.3333333333333333,0.5714285714285714,0.42857142857142855,0.16666666666666666,0.3333333333333333
4653,0.36363636363636365,0.5555555555555556,0.2222222222222222,0.3333333333333333,0.5454545454545454,0.5555555555555556,0.36363636363636365,0.4166666666666667,0.5333333333333333,0.2727272727272727,0.3333333333333333,0.2222222222222222,0.3333333333333333,0.3,0.1111111111111111,0.5555555555555556,0.4,0.5384615384615384,0.4166666666666667,0.2222222222222222,0.36363636363636365,0.36363636363636365,0.2222222222222222,0.3333333333333333,0.1111111111111111,0.1111111111111111,0.2222222222222222,0.36363636363636365,0.1111111111111111,0.4444444444444444,0.1111111111111111,0.3333333333333333,0.0,0.3,0.5454545454545454,0.5555555555555556,0.3,0.4444444444444444,0.3333333333333333,0.2222222222222222,0.3333333333333333,0.3,0.35714285714285715,0.3,0.3,0.3333333333333333,0.5384615384615384,0.3333333333333333,0.3333333333333333,0.1111111111111111,0.5555555555555556,0.2222222222222222,0.3333333333333333,0.2,0.2222222222222222,0.1111111111111111,0.1111111111111111,0.2222222222222222,0.4444444444444444,0.3333333333333333,0.0,0.38461538461538464,0.42857142857142855,0.1111111111111111,0.2727272727272727,0.0,0.2222222222222222,0.1111111111111111,0.0,0.25,0.1111111111111111,0.1111111111111111,0.2222222222222222,0.1111111111111111,0.2222222222222222,0.0,0.2222222222222222,0.0,0.0,0.2222222222222222,0.0,0.2222222222222222,0.1111111111111111,0.2222222222222222,0.1111111111111111,0.2222222222222222,0.3333333333333333,0.3,0.2222222222222222,0.2222222222222222,0.1111111111111111,0.1111111111111111,0.1111111111111111,0.0,0.0,0.1111111111111111,0.2222222222222222,0.2222222222222222,0.0,0.0,0.3333333333333333,0.0,0.0,0.2222222222222222,0.2222222222222222,0.0,0.2222222222222222,0.1111111111111111,0.3333333333333333,0.1111111111111111,0.2222222222222222,0.4444444444444444,0.3333333333333333,0.1111111111111111,0.0,0.1111111111111111,0.2222222222222222,0.2222222222222222,0.2222222222222222,0.1111111111111111,0.3333333333333333,0.1111111111111111,0.5555555555555556,0.1111111111111111,0.1111111111111111,0.1111111111111111,0.38461538461538464,0.4444444444444444,0.3076923076923077,0.1111111111111111,0.3333333333333333,0.3333333333333333,0.2222222222222222,0.1111111111111111,0.1111111111111111,0.5384615384615384,0.38461538461538464,0.3333333333333333,0.4444444444444444,0.4444444444444444,0.4,0.4444444444444444,0.2222222222222222,0.5555555555555556,0.4444444444444444,0.4,0.4444444444444444,0.5555555555555556,0.5555555555555556,1.0,0.5555555555555556,0.38461538461538464,0.1111111111111111,0.6666666666666666,0.45454545454545453,0.2222222222222222,0.5,0.5833333333333334,0.3333333333333333,0.4444444444444444,0.4444444444444444,0.2222222222222222,0.4444444444444444,0.5,0.4444444444444444,0.4444444444444444,0.2222222222222222,0.5454545454545454,0.4166666666666667,0.5555555555555556,0.2222222222222222,0.3333333333333333,0.3333333333333333,0.3333333333333333,0.5555555555555556,0.4444444444444444,0.3333333333333333,0.5555555555555556,0.6666666666666666,0.4,0.5,0.5555555555555556,0.4444444444444444,0.4444444444444444,0.5,0.4444444444444444,0.6,0.2222222222222222,0.4166666666666667,0.5555555555555556,0.4444444444444444,0.5555555555555556,0.7,0.6666666666666666,0.4444444444444444,0.7,0.5555555555555556,0.3333333333333333,0.6,0.4444444444444444,0.3333333333333333,0.4444444444444444,0.4,0.4444444444444444,0.7777777777777778,0.2222222222222222,0.3333333333333333,0.4444444444444444,0.4444444444444444,0.3333333333333333,0.4444444444444444,0.0,0.2222222222222222
4659,0.2727272727272727,0.4444444444444444,0.125,0.125,0.18181818181818182,0.3333333333333333,0.2727272727272727,0.3333333333333333,0.4666666666666667,0.45454545454545453,0.3333333333333333,0.2222222222222222,0.25,0.3,0.375,0.75,0.3,0.38461538461538464,0.3333333333333333,0.375,0.36363636363636365,0.2727272727272727,0.2222222222222222,0.25,0.375,0.125,0.25,0.18181818181818182,0.25,0.4444444444444444,0.125,0.08333333333333333,0.125,0.1,0.2727272727272727,0.3333333333333333,0.2,0.1111111111111111,0.0,0.5,0.375,0.2,0.21428571428571427,0.3,0.5,0.625,0.38461538461538464,0.5,0.5,0.25,0.4444444444444444,0.5,0.375,0.3,0.25,0.125,0.125,0.125,0.2222222222222222,0.25,0.0,0.3076923076923077,0.42857142857142855,0.125,0.36363636363636365,0.125,0.5,0.125,0.0,0.16666666666666666,0.125,0.375,0.375,0.25,0.25,0.0,0.0,0.125,0.125,0.375,0.125,0.25,0.125,0.375,0.125,0.25,0.375,0.4,0.125,0.25,0.0,0.125,0.125,0.125,0.0,0.125,0.375,0.125,0.0,0.0,0.5,0.0,0.0,0.375,0.125,0.125,0.375,0.125,0.5,0.125,0.375,0.375,0.0,0.0,0.125,0.125,0.125,0.375,0.0,0.125,0.25,0.125,0.4444444444444444,0.0,0.125,0.125,0.38461538461538464,0.25,0.23076923076923078,0.25,0.1111111111111111,0.625,0.375,0.3333333333333333,0.25,0.5384615384615384,0.3076923076923077,0.25,0.625,0.5,0.3333333333333333,0.375,0.375,0.4444444444444444,0.5,0.6,0.625,0.7777777777777778,0.5,0.5555555555555556,1.0,0.38461538461538464,0.25,0.6666666666666666,0.45454545454545453,0.25,0.4,0.4166666666666667,0.4444444444444444,0.375,0.75,0.25,0.25,0.4,0.375,0.3333333333333333,0.125,0.45454545454545453,0.3333333333333333,0.5555555555555556,0.25,0.25,0.375,0.2222222222222222,0.625,0.25,0.5,0.6666666666666666,0.5555555555555556,0.4,0.3,0.625,0.125,0.25,0.3,0.625,0.5,0.25,0.5833333333333334,0.75,0.5,0.5555555555555556,0.6,0.5,0.5,0.4,0.3333333333333333,0.5,0.6,0.5,0.375,0.4444444444444444,0.4,0.5555555555555556,0.625,0.25,0.25,0.5,0.2222222222222222,0.5,0.5,0.125,0.125
4661,0.5384615384615384,0.23076923076923078,0.23076923076923078,0.3076923076923077,0.6923076923076923,0.46153846153846156,0.6153846153846154,0.6923076923076923,0.7333333333333333,0.6153846153846154,0.38461538461538464,0.5384615384615384,0.5384615384615384,0.6923076923076923,0.46153846153846156,0.23076923076923078,0.6153846153846154,0.6153846153846154,0.6923076923076923,0.46153846153846156,0.6153846153846154,0.7692307692307693,0.6153846153846154,0.46153846153846156,0.23076923076923078,0.23076923076923078,0.38461538461538464,0.6923076923076923,0.15384615384615385,0.38461538461538464,0.38461538461538464,0.6923076923076923,0.23076923076923078,0.46153846153846156,0.6153846153846154,0.5384615384615384,0.3076923076923077,0.46153846153846156,0.5384615384615384,0.3076923076923077,0.46153846153846156,0.6153846153846154,0.5714285714285714,0.38461538461538464,0.6923076923076923,0.15384615384615385,0.6923076923076923,0.3076923076923077,0.46153846153846156,0.23076923076923078,0.6153846153846154,0.38461538461538464,0.38461538461538464,0.46153846153846156,0.46153846153846156,0.38461538461538464,0.38461538461538464,0.3076923076923077,0.46153846153846156,0.38461538461538464,0.23076923076923078,0.7692307692307693,0.5714285714285714,0.23076923076923078,0.46153846153846156,0.23076923076923078,0.38461538461538464,0.46153846153846156,0.23076923076923078,0.5384615384615384,0.23076923076923078,0.3076923076923077,0.38461538461538464,0.15384615384615385,0.15384615384615385,0.0,0.38461538461538464,0.07692307692307693,0.38461538461538464,0.23076923076923078,0.07692307692307693,0.15384615384615385,0.07692307692307693,0.07692307692307693,0.15384615384615385,0.23076923076923078,0.23076923076923078,0.46153846153846156,0.15384615384615385,0.46153846153846156,0.23076923076923078,0.0,0.15384615384615385,0.07692307692307693,0.07692307692307693,0.0,0.07692307692307693,0.23076923076923078,0.07692307692307693,0.0,0.23076923076923078,0.0,0.07692307692307693,0.23076923076923078,0.07692307692307693,0.07692307692307693,0.07692307692307693,0.07692307692307693,0.23076923076923078,0.38461538461538464,0.23076923076923078,0.23076923076923078,0.38461538461538464,0.15384615384615385,0.07692307692307693,0.07692307692307693,0.23076923076923078,0.23076923076923078,0.46153846153846156,0.23076923076923078,0.46153846153846156,0.15384615384615385,0.38461538461538464,0.23076923076923078,0.07692307692307693,0.38461538461538464,0.6153846153846154,0.46153846153846156,0.7692307692307693,0.38461538461538464,0.46153846153846156,0.38461538461538464,0.23076923076923078,0.38461538461538464,0.38461538461538464,0.6923076923076923,0.6923076923076923,0.15384615384615385,0.3076923076923077,0.15384615384615385,0.8,0.38461538461538464,0.46153846153846156,0.46153846153846156,0.3076923076923077,0.46153846153846156,0.38461538461538464,0.3076923076923077,0.3076923076923077,0.38461538461538464,0.38461538461538464,1.0,0.07692307692307693,0.38461538461538464,0.5384615384615384,0.3076923076923077,0.46153846153846156,0.5384615384615384,0.5384615384615384,0.3076923076923077,0.23076923076923078,0.07692307692307693,0.38461538461538464,0.46153846153846156,0.3076923076923077,0.38461538461538464,0.38461538461538464,0.5384615384615384,0.46153846153846156,0.46153846153846156,0.15384615384615385,0.23076923076923078,0.23076923076923078,0.46153846153846156,0.38461538461538464,0.15384615384615385,0.3076923076923077,0.46153846153846156,0.38461538461538464,0.46153846153846156,0.46153846153846156,0.15384615384615385,0.15384615384615385,0.23076923076923078,0.38461538461538464,0.38461538461538464,0.23076923076923078,0.07692307692307693,0.5384615384615384,0.3076923076923077,0.15384615384615385,0.3076923076923077,0.38461538461538464,0.6923076923076923,0.23076923076923078,0.23076923076923078,0.46153846153846156,0.38461538461538464,0.5384615384615384,0.07692307692307693,0.5384615384615384,0.46153846153846156,0.5384615384615384,0.38461538461538464,0.38461538461538464,0.07692307692307693,0.23076923076923078,0.3076923076923077,0.5384615384615384,0.3076923076923077,0.15384615384615385,0.15384615384615385,0.15384615384615385
4662,0.0,0.1111111111111111,0.0,0.0,0.0,0.1111111111111111,0.0,0.08333333333333333,0.06666666666666667,0.09090909090909091,0.3333333333333333,0.1111111111111111,0.0,0.0,0.125,0.2857142857142857,0.1,0.07692307692307693,0.0,0.16666666666666666,0.09090909090909091,0.0,0.0,0.125,0.2,0.2,0.14285714285714285,0.09090909090909091,0.25,0.1111111111111111,0.14285714285714285,0.0,0.0,0.0,0.0,0.0,0.1,0.0,0.0,0.25,0.14285714285714285,0.1,0.07142857142857142,0.2,0.2,0.5,0.07692307692307693,0.42857142857142855,0.0,0.2,0.1111111111111111,0.25,0.42857142857142855,0.2,0.14285714285714285,0.25,0.2857142857142857,0.25,0.2222222222222222,0.0,0.16666666666666666,0.15384615384615385,0.21428571428571427,0.0,0.18181818181818182,0.4,0.25,0.2857142857142857,0.16666666666666666,0.0,0.0,0.2,0.16666666666666666,0.5,0.16666666666666666,0.3333333333333333,0.0,0.3333333333333333,0.2857142857142857,0.2,0.6666666666666666,0.5,0.3333333333333333,0.5,0.6666666666666666,0.3333333333333333,0.2857142857142857,0.1,0.25,0.125,0.16666666666666666,0.3333333333333333,0.5,0.5,0.3333333333333333,0.3333333333333333,0.75,0.5,0.3333333333333333,0.3333333333333333,0.25,0.3333333333333333,0.3333333333333333,0.2857142857142857,0.4,0.25,0.75,0.3333333333333333,0.2857142857142857,0.14285714285714285,0.2,0.16666666666666666,0.0,0.2,0.6666666666666666,0.0,0.16666666666666666,0.3333333333333333,0.0,0.16666666666666666,0.125,0.3333333333333333,0.1111111111111111,0.2,0.25,0.14285714285714285,0.07692307692307693,0.0,0.0,0.3333333333333333,0.0,0.125,0.2,0.2222222222222222,0.0,0.07692307692307693,0.07692307692307693,0.3333333333333333,0.14285714285714285,0.16666666666666666,0.0,0.0,0.125,0.1111111111111111,0.2857142857142857,0.2,0.2857142857142857,0.3333333333333333,0.3333333333333333,0.1111111111111111,0.25,0.07692307692307693,1.0,0.2222222222222222,0.18181818181818182,0.0,0.3,0.08333333333333333,0.0,0.0,0.3333333333333333,0.4,0.16666666666666666,0.1,0.16666666666666666,0.2222222222222222,0.0,0.0,0.08333333333333333,0.1111111111111111,0.4,0.0,0.0,0.1111111111111111,0.125,0.25,0.2857142857142857,0.3333333333333333,0.3333333333333333,0.1,0.2,0.14285714285714285,0.2857142857142857,0.0,0.2,0.375,0.2,0.5,0.08333333333333333,0.375,0.25,0.2222222222222222,0.2,0.08333333333333333,0.25,0.1,0.1111111111111111,0.3333333333333333,0.1,0.4,0.25,0.1111111111111111,0.1,0.2222222222222222,0.125,0.4,0.16666666666666666,0.14285714285714285,0.1111111111111111,0.2857142857142857,0.2857142857142857,0.4,0.16666666666666666
4663,0.36363636363636365,0.3333333333333333,0.1111111111111111,0.2222222222222222,0.36363636363636365,0.4444444444444444,0.2727272727272727,0.25,0.5333333333333333,0.45454545454545453,0.4444444444444444,0.3333333333333333,0.3333333333333333,0.4,0.2222222222222222,0.5555555555555556,0.3,0.46153846153846156,0.4166666666666667,0.2222222222222222,0.5454545454545454,0.2727272727272727,0.2222222222222222,0.1111111111111111,0.2222222222222222,0.0,0.2222222222222222,0.2727272727272727,0.3333333333333333,0.3333333333333333,0.1111111111111111,0.25,0.0,0.1,0.45454545454545453,0.5555555555555556,0.5,0.3333333333333333,0.2222222222222222,0.5555555555555556,0.3333333333333333,0.2,0.42857142857142855,0.3,0.4,0.5555555555555556,0.5384615384615384,0.4444444444444444,0.3333333333333333,0.3333333333333333,0.3333333333333333,0.4444444444444444,0.3333333333333333,0.2,0.2222222222222222,0.2222222222222222,0.2222222222222222,0.3333333333333333,0.3333333333333333,0.3333333333333333,0.1111111111111111,0.3076923076923077,0.42857142857142855,0.1111111111111111,0.36363636363636365,0.1111111111111111,0.3333333333333333,0.2222222222222222,0.2222222222222222,0.3333333333333333,0.2222222222222222,0.3333333333333333,0.2222222222222222,0.2222222222222222,0.4444444444444444,0.1111111111111111,0.1111111111111111,0.0,0.2222222222222222,0.2222222222222222,0.1111111111111111,0.2222222222222222,0.2222222222222222,0.3333333333333333,0.1111111111111111,0.2222222222222222,0.4444444444444444,0.5,0.2222222222222222,0.2222222222222222,0.1111111111111111,0.2222222222222222,0.1111111111111111,0.1111111111111111,0.1111111111111111,0.2222222222222222,0.3333333333333333,0.2222222222222222,0.1111111111111111,0.1111111111111111,0.6666666666666666,0.1111111111111111,0.1111111111111111,0.4444444444444444,0.2222222222222222,0.2222222222222222,0.3333333333333333,0.2222222222222222,0.6666666666666666,0.1111111111111111,0.2222222222222222,0.5555555555555556,0.2222222222222222,0.2222222222222222,0.1111111111111111,0.1111111111111111,0.2222222222222222,0.3333333333333333,0.2222222222222222,0.2222222222222222,0.2222222222222222,0.2222222222222222,0.4444444444444444,0.2222222222222222,0.2222222222222222,0.2222222222222222,0.46153846153846156,0.4444444444444444,0.23076923076923078,0.4444444444444444,0.3333333333333333,0.4444444444444444,0.2222222222222222,0.3333333333333333,0.2222222222222222,0.6153846153846154,0.3076923076923077,0.4444444444444444,0.4444444444444444,0.5555555555555556,0.4,0.2222222222222222,0.3333333333333333,0.3333333333333333,0.2222222222222222,0.4,0.3333333333333333,0.6666666666666666,0.4444444444444444,0.6666666666666666,0.6666666666666666,0.38461538461538464,0.2222222222222222,1.0,0.45454545454545453,0.3333333333333333,0.5,0.5833333333333334,0.5555555555555556,0.3333333333333333,0.4444444444444444,0.3333333333333333,0.3333333333333333,0.5,0.5555555555555556,0.6666666666666666,0.2222222222222222,0.45454545454545453,0.4166666666666667,0.5555555555555556,0.4444444444444444,0.1111111111111111,0.2222222222222222,0.1111111111111111,0.3333333333333333,0.2222222222222222,0.2222222222222222,0.5555555555555556,0.6666666666666666,0.4,0.6,0.5555555555555556,0.3333333333333333,0.3333333333333333,0.6,0.5555555555555556,0.6,0.3333333333333333,0.5,0.6666666666666666,0.5555555555555556,0.5555555555555556,0.7,0.5,0.4444444444444444,0.5,0.3333333333333333,0.2222222222222222,0.6,0.5555555555555556,0.4444444444444444,0.5555555555555556,0.4,0.5555555555555556,0.5555555555555556,0.2222222222222222,0.4444444444444444,0.3333333333333333,0.1111111111111111,0.3333333333333333,0.4444444444444444,0.2222222222222222,0.2222222222222222
4669,0.5454545454545454,0.45454545454545453,0.0,0.2727272727272727,0.5454545454545454,0.5454545454545454,0.6363636363636364,0.5,0.4666666666666667,0.6363636363636364,0.45454545454545453,0.36363636363636365,0.18181818181818182,0.5454545454545454,0.45454545454545453,0.36363636363636365,0.36363636363636365,0.6153846153846154,0.5,0.36363636363636365,0.36363636363636365,0.5454545454545454,0.45454545454545453,0.36363636363636365,0.36363636363636365,0.18181818181818182,0.45454545454545453,0.6363636363636364,0.36363636363636365,0.6363636363636364,0.2727272727272727,0.5,0.18181818181818182,0.45454545454545453,0.36363636363636365,0.5454545454545454,0.36363636363636365,0.45454545454545453,0.36363636363636365,0.36363636363636365,0.45454545454545453,0.45454545454545453,0.5714285714285714,0.6363636363636364,0.6363636363636364,0.2727272727272727,0.38461538461538464,0.2727272727272727,0.45454545454545453,0.18181818181818182,0.5454545454545454,0.18181818181818182,0.36363636363636365,0.45454545454545453,0.2727272727272727,0.36363636363636365,0.36363636363636365,0.45454545454545453,0.5454545454545454,0.5454545454545454,0.09090909090909091,0.5384615384615384,0.6428571428571429,0.36363636363636365,0.45454545454545453,0.09090909090909091,0.2727272727272727,0.2727272727272727,0.18181818181818182,0.5,0.36363636363636365,0.2727272727272727,0.2727272727272727,0.09090909090909091,0.18181818181818182,0.09090909090909091,0.2727272727272727,0.18181818181818182,0.2727272727272727,0.18181818181818182,0.18181818181818182,0.09090909090909091,0.09090909090909091,0.2727272727272727,0.18181818181818182,0.2727272727272727,0.45454545454545453,0.5454545454545454,0.18181818181818182,0.45454545454545453,0.18181818181818182,0.09090909090909091,0.18181818181818182,0.18181818181818182,0.0,0.0,0.18181818181818182,0.2727272727272727,0.09090909090909091,0.0,0.36363636363636365,0.0,0.0,0.18181818181818182,0.2727272727272727,0.18181818181818182,0.18181818181818182,0.0,0.36363636363636365,0.45454545454545453,0.09090909090909091,0.2727272727272727,0.45454545454545453,0.18181818181818182,0.09090909090909091,0.18181818181818182,0.36363636363636365,0.36363636363636365,0.36363636363636365,0.18181818181818182,0.36363636363636365,0.0,0.36363636363636365,0.2727272727272727,0.09090909090909091,0.36363636363636365,0.38461538461538464,0.36363636363636365,0.6153846153846154,0.36363636363636365,0.36363636363636365,0.5454545454545454,0.36363636363636365,0.36363636363636365,0.09090909090909091,0.6153846153846154,0.6923076923076923,0.2727272727272727,0.36363636363636365,0.18181818181818182,0.5333333333333333,0.36363636363636365,0.36363636363636365,0.5454545454545454,0.6363636363636364,0.6363636363636364,0.6363636363636364,0.5454545454545454,0.45454545454545453,0.45454545454545453,0.45454545454545453,0.5384615384615384,0.18181818181818182,0.45454545454545453,1.0,0.2727272727272727,0.5454545454545454,0.75,0.45454545454545453,0.18181818181818182,0.36363636363636365,0.18181818181818182,0.36363636363636365,0.45454545454545453,0.36363636363636365,0.5454545454545454,0.2727272727272727,0.45454545454545453,0.5,0.5454545454545454,0.2727272727272727,0.36363636363636365,0.2727272727272727,0.36363636363636365,0.2727272727272727,0.2727272727272727,0.45454545454545453,0.36363636363636365,0.36363636363636365,0.6363636363636364,0.36363636363636365,0.36363636363636365,0.5454545454545454,0.36363636363636365,0.5454545454545454,0.45454545454545453,0.5454545454545454,0.2727272727272727,0.5,0.2727272727272727,0.36363636363636365,0.5454545454545454,0.45454545454545453,0.5833333333333334,0.36363636363636365,0.6363636363636364,0.45454545454545453,0.2727272727272727,0.45454545454545453,0.09090909090909091,0.45454545454545453,0.45454545454545453,0.6363636363636364,0.5454545454545454,0.36363636363636365,0.2727272727272727,0.45454545454545453,0.36363636363636365,0.45454545454545453,0.45454545454545453,0.2727272727272727,0.2727272727272727,0.18181818181818182
4911,0.36363636363636365,0.4444444444444444,0.2857142857142857,0.14285714285714285,0.36363636363636365,0.3333333333333333,0.36363636363636365,0.4166666666666667,0.3333333333333333,0.36363636363636365,0.2222222222222222,0.3333333333333333,0.2857142857142857,0.4,0.375,0.42857142857142855,0.4,0.3076923076923077,0.25,0.2857142857142857,0.45454545454545453,0.2727272727272727,0.4444444444444444,0.25,0.2857142857142857,0.14285714285714285,0.2857142857142857,0.2727272727272727,0.2857142857142857,0.2222222222222222,0.2857142857142857,0.3333333333333333,0.14285714285714285,0.4,0.36363636363636365,0.5555555555555556,0.5,0.4444444444444444,0.375,0.375,0.14285714285714285,0.3,0.35714285714285715,0.3,0.4,0.2857142857142857,0.38461538461538464,0.14285714285714285,0.25,0.2857142857142857,0.2222222222222222,0.25,0.2857142857142857,0.4,0.2857142857142857,0.375,0.14285714285714285,0.5,0.2222222222222222,0.5,0.42857142857142855,0.38461538461538464,0.42857142857142855,0.5714285714285714,0.2727272727272727,0.2857142857142857,0.375,0.2857142857142857,0.42857142857142855,0.5,0.42857142857142855,0.42857142857142855,0.42857142857142855,0.14285714285714285,0.2857142857142857,0.14285714285714285,0.42857142857142855,0.0,0.42857142857142855,0.14285714285714285,0.0,0.0,0.0,0.14285714285714285,0.0,0.14285714285714285,0.2857142857142857,0.4,0.0,0.375,0.42857142857142855,0.0,0.14285714285714285,0.14285714285714285,0.2857142857142857,0.14285714285714285,0.0,0.0,0.14285714285714285,0.14285714285714285,0.375,0.14285714285714285,0.2857142857142857,0.5714285714285714,0.14285714285714285,0.2857142857142857,0.0,0.0,0.2857142857142857,0.2857142857142857,0.42857142857142855,0.2857142857142857,0.625,0.42857142857142855,0.0,0.14285714285714285,0.42857142857142855,0.2857142857142857,0.5,0.42857142857142855,0.375,0.14285714285714285,0.3333333333333333,0.2857142857142857,0.14285714285714285,0.42857142857142855,0.38461538461538464,0.25,0.38461538461538464,0.2857142857142857,0.5555555555555556,0.375,0.2857142857142857,0.4444444444444444,0.5714285714285714,0.3076923076923077,0.38461538461538464,0.2857142857142857,0.42857142857142855,0.42857142857142855,0.26666666666666666,0.25,0.375,0.1111111111111111,0.14285714285714285,0.3,0.2857142857142857,0.3333333333333333,0.14285714285714285,0.2222222222222222,0.25,0.3076923076923077,0.0,0.3333333333333333,0.2727272727272727,1.0,0.3,0.3333333333333333,0.6666666666666666,0.42857142857142855,0.14285714285714285,0.14285714285714285,0.14285714285714285,0.4,0.2857142857142857,0.3333333333333333,0.625,0.5454545454545454,0.4166666666666667,0.2222222222222222,0.2857142857142857,0.5714285714285714,0.5714285714285714,0.3333333333333333,0.25,0.14285714285714285,0.2857142857142857,0.1111111111111111,0.2222222222222222,0.4,0.4,0.42857142857142855,0.14285714285714285,0.14285714285714285,0.2,0.25,0.2,0.2857142857142857,0.25,0.25,0.375,0.3333333333333333,0.2,0.3333333333333333,0.375,0.3,0.2222222222222222,0.14285714285714285,0.4,0.14285714285714285,0.25,0.2222222222222222,0.3,0.2222222222222222,0.25,0.14285714285714285,0.5714285714285714,0.42857142857142855,0.2222222222222222,0.14285714285714285,0.42857142857142855,0.2857142857142857,0.42857142857142855
4922,0.5454545454545454,0.5,0.2,0.1,0.45454545454545453,0.5,0.18181818181818182,0.4166666666666667,0.4,0.36363636363636365,0.4,0.5,0.2,0.4,0.3,0.3,0.3,0.38461538461538464,0.3333333333333333,0.5,0.45454545454545453,0.45454545454545453,0.3,0.5,0.3,0.2,0.3,0.6363636363636364,0.2,0.5,0.2,0.5,0.1,0.5,0.5454545454545454,0.5,0.6,0.3,0.5,0.4,0.3,0.4,0.42857142857142855,0.4,0.6,0.4,0.5384615384615384,0.3,0.1,0.2,0.3,0.2,0.5,0.3,0.2,0.4,0.3,0.5,0.4,0.3,0.3,0.5384615384615384,0.6428571428571429,0.2,0.36363636363636365,0.3,0.5,0.4,0.2,0.3333333333333333,0.0,0.2,0.4,0.2,0.1,0.2,0.3,0.1,0.4,0.2,0.3,0.2,0.2,0.3,0.3,0.4,0.3,0.5,0.2,0.4,0.4,0.1,0.3,0.2,0.2,0.1,0.3,0.4,0.2,0.1,0.2,0.1,0.2,0.4,0.3,0.2,0.3,0.1,0.2,0.4,0.4,0.2,0.4,0.1,0.2,0.1,0.4,0.4,0.5,0.5,0.6,0.2,0.5,0.3,0.1,0.4,0.46153846153846156,0.3,0.38461538461538464,0.3,0.3,0.4,0.2,0.5,0.2,0.46153846153846156,0.46153846153846156,0.2,0.2,0.2,0.4,0.2,0.3,0.3,0.5,0.4,0.4,0.5,0.4,0.5,0.4,0.46153846153846156,0.3,0.5,0.5454545454545454,0.3,1.0,0.5,0.5,0.3,0.4,0.2,0.5,0.4,0.5,0.3,0.3,0.45454545454545453,0.5,0.4,0.3,0.4,0.3,0.4,0.2,0.2,0.3,0.5,0.7,0.5,0.7,0.3,0.5,0.3,0.6,0.4,0.5,0.2,0.4166666666666667,0.6,0.3,0.4,0.5,0.5,0.6,0.6,0.4,0.3,0.5,0.3,0.3,0.3,0.5,0.4,0.4,0.2,0.2,0.3,0.5,0.4,0.4,0.2,0.3
4923,0.5833333333333334,0.5,0.08333333333333333,0.3333333333333333,0.6666666666666666,0.4166666666666667,0.5,0.5,0.5333333333333333,0.5833333333333334,0.3333333333333333,0.4166666666666667,0.25,0.4166666666666667,0.25,0.4166666666666667,0.3333333333333333,0.6923076923076923,0.5833333333333334,0.25,0.4166666666666667,0.5,0.4166666666666667,0.3333333333333333,0.25,0.08333333333333333,0.25,0.5833333333333334,0.3333333333333333,0.4166666666666667,0.16666666666666666,0.5833333333333334,0.08333333333333333,0.5,0.5833333333333334,0.6666666666666666,0.5,0.5,0.4166666666666667,0.3333333333333333,0.4166666666666667,0.3333333333333333,0.6428571428571429,0.4166666666666667,0.5,0.25,0.6153846153846154,0.25,0.4166666666666667,0.16666666666666666,0.4166666666666667,0.25,0.3333333333333333,0.25,0.3333333333333333,0.3333333333333333,0.25,0.3333333333333333,0.4166666666666667,0.5,0.16666666666666666,0.46153846153846156,0.5714285714285714,0.25,0.3333333333333333,0.08333333333333333,0.16666666666666666,0.16666666666666666,0.16666666666666666,0.6666666666666666,0.3333333333333333,0.25,0.16666666666666666,0.08333333333333333,0.3333333333333333,0.08333333333333333,0.25,0.08333333333333333,0.25,0.3333333333333333,0.08333333333333333,0.08333333333333333,0.16666666666666666,0.25,0.08333333333333333,0.25,0.4166666666666667,0.5833333333333334,0.25,0.4166666666666667,0.25,0.16666666666666666,0.08333333333333333,0.08333333333333333,0.08333333333333333,0.08333333333333333,0.16666666666666666,0.16666666666666666,0.16666666666666666,0.0,0.5,0.0,0.08333333333333333,0.16666666666666666,0.25,0.16666666666666666,0.16666666666666666,0.08333333333333333,0.5,0.4166666666666667,0.16666666666666666,0.4166666666666667,0.5,0.16666666666666666,0.0,0.16666666666666666,0.4166666666666667,0.3333333333333333,0.4166666666666667,0.25,0.3333333333333333,0.16666666666666666,0.5,0.3333333333333333,0.16666666666666666,0.25,0.46153846153846156,0.5833333333333334,0.6153846153846154,0.25,0.5,0.3333333333333333,0.3333333333333333,0.4166666666666667,0.25,0.6923076923076923,0.6923076923076923,0.3333333333333333,0.4166666666666667,0.3333333333333333,0.6666666666666666,0.3333333333333333,0.4166666666666667,0.5,0.4166666666666667,0.5,0.4166666666666667,0.4166666666666667,0.4166666666666667,0.5833333333333334,0.4166666666666667,0.5384615384615384,0.08333333333333333,0.5833333333333334,0.75,0.3333333333333333,0.5,1.0,0.4166666666666667,0.16666666666666666,0.25,0.25,0.4166666666666667,0.3333333333333333,0.3333333333333333,0.5833333333333334,0.3333333333333333,0.5,0.5,0.5,0.25,0.25,0.25,0.4166666666666667,0.25,0.3333333333333333,0.3333333333333333,0.25,0.4166666666666667,0.5833333333333334,0.5,0.5,0.5,0.5,0.5833333333333334,0.4166666666666667,0.5833333333333334,0.25,0.6666666666666666,0.3333333333333333,0.4166666666666667,0.4166666666666667,0.5,0.6666666666666666,0.3333333333333333,0.6666666666666666,0.4166666666666667,0.16666666666666666,0.5,0.25,0.3333333333333333,0.5833333333333334,0.5,0.5,0.4166666666666667,0.25,0.4166666666666667,0.4166666666666667,0.4166666666666667,0.3333333333333333,0.25,0.16666666666666666,0.3333333333333333
4930,0.5454545454545454,0.4444444444444444,0.2222222222222222,0.1111111111111111,0.45454545454545453,0.4444444444444444,0.45454545454545453,0.5,0.5333333333333333,0.6363636363636364,0.3333333333333333,0.4444444444444444,0.3333333333333333,0.7,0.5555555555555556,0.2222222222222222,0.4,0.3076923076923077,0.5,0.5555555555555556,0.6363636363636364,0.5454545454545454,0.5555555555555556,0.3333333333333333,0.3333333333333333,0.1111111111111111,0.4444444444444444,0.45454545454545453,0.2222222222222222,0.4444444444444444,0.2222222222222222,0.5,0.2222222222222222,0.4,0.45454545454545453,0.6666666666666666,0.6,0.4444444444444444,0.4444444444444444,0.3333333333333333,0.2222222222222222,0.4,0.42857142857142855,0.4,0.6,0.2222222222222222,0.46153846153846156,0.1111111111111111,0.3333333333333333,0.3333333333333333,0.3333333333333333,0.2222222222222222,0.2222222222222222,0.4,0.2222222222222222,0.3333333333333333,0.1111111111111111,0.4444444444444444,0.2222222222222222,0.4444444444444444,0.3333333333333333,0.5384615384615384,0.5714285714285714,0.4444444444444444,0.36363636363636365,0.2222222222222222,0.5555555555555556,0.2222222222222222,0.3333333333333333,0.5,0.2222222222222222,0.3333333333333333,0.3333333333333333,0.1111111111111111,0.2222222222222222,0.1111111111111111,0.3333333333333333,0.0,0.3333333333333333,0.1111111111111111,0.0,0.0,0.0,0.1111111111111111,0.0,0.1111111111111111,0.3333333333333333,0.5,0.0,0.4444444444444444,0.3333333333333333,0.0,0.1111111111111111,0.1111111111111111,0.2222222222222222,0.1111111111111111,0.0,0.1111111111111111,0.1111111111111111,0.1111111111111111,0.3333333333333333,0.1111111111111111,0.2222222222222222,0.4444444444444444,0.1111111111111111,0.2222222222222222,0.0,0.0,0.2222222222222222,0.2222222222222222,0.3333333333333333,0.3333333333333333,0.5555555555555556,0.2222222222222222,0.0,0.2222222222222222,0.3333333333333333,0.2222222222222222,0.5555555555555556,0.4444444444444444,0.5555555555555556,0.1111111111111111,0.4444444444444444,0.2222222222222222,0.1111111111111111,0.4444444444444444,0.6153846153846154,0.3333333333333333,0.46153846153846156,0.3333333333333333,0.5555555555555556,0.6666666666666666,0.1111111111111111,0.4444444444444444,0.4444444444444444,0.5384615384615384,0.46153846153846156,0.1111111111111111,0.3333333333333333,0.2222222222222222,0.4666666666666667,0.3333333333333333,0.4444444444444444,0.2222222222222222,0.2222222222222222,0.4,0.3333333333333333,0.4444444444444444,0.2222222222222222,0.3333333333333333,0.4444444444444444,0.5384615384615384,0.0,0.5555555555555556,0.45454545454545453,0.6666666666666666,0.5,0.4166666666666667,1.0,0.5555555555555556,0.3333333333333333,0.1111111111111111,0.3333333333333333,0.6,0.4444444444444444,0.3333333333333333,0.4444444444444444,0.7272727272727273,0.5,0.5555555555555556,0.3333333333333333,0.4444444444444444,0.4444444444444444,0.2222222222222222,0.2222222222222222,0.0,0.2222222222222222,0.3333333333333333,0.3333333333333333,0.6,0.5,0.2222222222222222,0.1111111111111111,0.2222222222222222,0.3,0.2222222222222222,0.3,0.1111111111111111,0.4166666666666667,0.3333333333333333,0.2222222222222222,0.4444444444444444,0.4,0.5,0.4444444444444444,0.4,0.3333333333333333,0.2222222222222222,0.5,0.1111111111111111,0.3333333333333333,0.2222222222222222,0.5,0.4444444444444444,0.3333333333333333,0.0,0.4444444444444444,0.4444444444444444,0.2222222222222222,0.2222222222222222,0.3333333333333333,0.2222222222222222,0.2222222222222222
5011,0.45454545454545453,0.4444444444444444,0.2857142857142857,0.2857142857142857,0.2727272727272727,0.3333333333333333,0.2727272727272727,0.3333333333333333,0.4666666666666667,0.36363636363636365,0.3333333333333333,0.2222222222222222,0.2857142857142857,0.4,0.375,0.2857142857142857,0.3,0.15384615384615385,0.4166666666666667,0.42857142857142855,0.5454545454545454,0.36363636363636365,0.3333333333333333,0.25,0.14285714285714285,0.2857142857142857,0.5714285714285714,0.2727272727272727,0.0,0.3333333333333333,0.2857142857142857,0.3333333333333333,0.2857142857142857,0.2,0.45454545454545453,0.3333333333333333,0.5,0.3333333333333333,0.375,0.25,0.0,0.3,0.2857142857142857,0.3,0.2,0.2857142857142857,0.3076923076923077,0.2857142857142857,0.125,0.14285714285714285,0.2222222222222222,0.25,0.14285714285714285,0.4,0.14285714285714285,0.125,0.0,0.375,0.1111111111111111,0.125,0.2857142857142857,0.38461538461538464,0.35714285714285715,0.42857142857142855,0.36363636363636365,0.14285714285714285,0.375,0.14285714285714285,0.2857142857142857,0.3333333333333333,0.0,0.2857142857142857,0.2857142857142857,0.14285714285714285,0.2857142857142857,0.14285714285714285,0.42857142857142855,0.0,0.14285714285714285,0.14285714285714285,0.0,0.2857142857142857,0.0,0.2857142857142857,0.0,0.2857142857142857,0.42857142857142855,0.3,0.0,0.125,0.2857142857142857,0.14285714285714285,0.14285714285714285,0.14285714285714285,0.14285714285714285,0.2857142857142857,0.14285714285714285,0.14285714285714285,0.0,0.14285714285714285,0.25,0.14285714285714285,0.14285714285714285,0.5714285714285714,0.14285714285714285,0.14285714285714285,0.14285714285714285,0.0,0.14285714285714285,0.0,0.42857142857142855,0.42857142857142855,0.375,0.14285714285714285,0.0,0.14285714285714285,0.14285714285714285,0.2857142857142857,0.375,0.2857142857142857,0.5,0.0,0.4444444444444444,0.0,0.14285714285714285,0.42857142857142855,0.5384615384615384,0.25,0.23076923076923078,0.14285714285714285,0.3333333333333333,0.5,0.0,0.2222222222222222,0.2857142857142857,0.38461538461538464,0.23076923076923078,0.14285714285714285,0.42857142857142855,0.2857142857142857,0.3333333333333333,0.375,0.25,0.1111111111111111,0.14285714285714285,0.2,0.14285714285714285,0.3333333333333333,0.14285714285714285,0.4444444444444444,0.375,0.3076923076923077,0.0,0.3333333333333333,0.18181818181818182,0.42857142857142855,0.3,0.16666666666666666,0.5555555555555556,1.0,0.42857142857142855,0.14285714285714285,0.14285714285714285,0.5,0.2857142857142857,0.1111111111111111,0.25,0.6363636363636364,0.5,0.4444444444444444,0.2857142857142857,0.5714285714285714,0.5714285714285714,0.2222222222222222,0.5,0.0,0.2857142857142857,0.3333333333333333,0.4444444444444444,0.3,0.4,0.2857142857142857,0.14285714285714285,0.42857142857142855,0.2,0.0,0.4,0.0,0.25,0.375,0.25,0.3333333333333333,0.4,0.3333333333333333,0.625,0.4,0.4444444444444444,0.42857142857142855,0.4,0.2857142857142857,0.25,0.1111111111111111,0.3,0.2222222222222222,0.5,0.14285714285714285,0.2857142857142857,0.2857142857142857,0.1111111111111111,0.14285714285714285,0.42857142857142855,0.14285714285714285,0.14285714285714285
5012,0.2727272727272727,0.4444444444444444,0.16666666666666666,0.16666666666666666,0.09090909090909091,0.3333333333333333,0.18181818181818182,0.25,0.3333333333333333,0.36363636363636365,0.2222222222222222,0.1111111111111111,0.14285714285714285,0.2,0.375,0.5714285714285714,0.2,0.23076923076923078,0.25,0.5,0.2727272727272727,0.18181818181818182,0.1111111111111111,0.25,0.3333333333333333,0.16666666666666666,0.2857142857142857,0.18181818181818182,0.16666666666666666,0.4444444444444444,0.14285714285714285,0.08333333333333333,0.16666666666666666,0.1,0.18181818181818182,0.2222222222222222,0.2,0.0,0.0,0.375,0.2857142857142857,0.2,0.14285714285714285,0.3,0.4,0.6666666666666666,0.23076923076923078,0.42857142857142855,0.25,0.16666666666666666,0.3333333333333333,0.25,0.2857142857142857,0.2,0.14285714285714285,0.125,0.14285714285714285,0.125,0.2222222222222222,0.125,0.0,0.23076923076923078,0.35714285714285715,0.16666666666666666,0.36363636363636365,0.16666666666666666,0.5,0.14285714285714285,0.0,0.08333333333333333,0.0,0.3333333333333333,0.3333333333333333,0.16666666666666666,0.16666666666666666,0.0,0.0,0.16666666666666666,0.14285714285714285,0.3333333333333333,0.16666666666666666,0.3333333333333333,0.0,0.5,0.16666666666666666,0.3333333333333333,0.42857142857142855,0.3,0.0,0.25,0.0,0.16666666666666666,0.16666666666666666,0.16666666666666666,0.0,0.16666666666666666,0.5,0.16666666666666666,0.0,0.0,0.25,0.0,0.0,0.42857142857142855,0.16666666666666666,0.0,0.5,0.0,0.2857142857142857,0.14285714285714285,0.5,0.3333333333333333,0.0,0.0,0.16666666666666666,0.16666666666666666,0.16666666666666666,0.5,0.0,0.16666666666666666,0.25,0.0,0.3333333333333333,0.0,0.0,0.14285714285714285,0.3076923076923077,0.125,0.15384615384615385,0.16666666666666666,0.0,0.5,0.16666666666666666,0.1111111111111111,0.0,0.38461538461538464,0.23076923076923078,0.3333333333333333,0.42857142857142855,0.3333333333333333,0.2,0.25,0.25,0.3333333333333333,0.5714285714285714,0.4,0.5714285714285714,0.6666666666666666,0.5,0.4444444444444444,0.75,0.23076923076923078,0.3333333333333333,0.4444444444444444,0.36363636363636365,0.14285714285714285,0.4,0.25,0.3333333333333333,0.42857142857142855,1.0,0.16666666666666666,0.3333333333333333,0.3,0.3333333333333333,0.1111111111111111,0.125,0.36363636363636365,0.25,0.4444444444444444,0.16666666666666666,0.2857142857142857,0.2857142857142857,0.2222222222222222,0.5,0.16666666666666666,0.42857142857142855,0.5555555555555556,0.4444444444444444,0.3,0.3,0.42857142857142855,0.14285714285714285,0.14285714285714285,0.2,0.375,0.4,0.16666666666666666,0.4166666666666667,0.625,0.375,0.4444444444444444,0.5,0.3333333333333333,0.5,0.4,0.2222222222222222,0.5,0.4,0.5,0.25,0.2222222222222222,0.3,0.3333333333333333,0.5,0.3333333333333333,0.16666666666666666,0.42857142857142855,0.2222222222222222,0.42857142857142855,0.5714285714285714,0.16666666666666666,0.0
5021,0.09090909090909091,0.2222222222222222,0.0,0.16666666666666666,0.18181818181818182,0.0,0.18181818181818182,0.16666666666666666,0.2,0.18181818181818182,0.4444444444444444,0.2222222222222222,0.14285714285714285,0.1,0.25,0.2857142857142857,0.2,0.23076923076923078,0.25,0.0,0.09090909090909091,0.09090909090909091,0.1111111111111111,0.125,0.2,0.2,0.14285714285714285,0.09090909090909091,0.2,0.1111111111111111,0.14285714285714285,0.16666666666666666,0.2,0.2,0.09090909090909091,0.0,0.3,0.3333333333333333,0.0,0.125,0.2857142857142857,0.2,0.21428571428571427,0.3,0.1,0.3333333333333333,0.15384615384615385,0.2857142857142857,0.25,0.4,0.1111111111111111,0.375,0.2857142857142857,0.3,0.2857142857142857,0.375,0.2857142857142857,0.25,0.2222222222222222,0.125,0.5,0.15384615384615385,0.2857142857142857,0.16666666666666666,0.2727272727272727,0.4,0.25,0.14285714285714285,0.5,0.16666666666666666,0.2,0.0,0.0,0.6,0.6666666666666666,0.4,0.14285714285714285,0.2,0.2857142857142857,0.4,0.2,0.2,0.4,0.6666666666666666,0.2,0.3333333333333333,0.42857142857142855,0.1,0.6,0.25,0.5,0.4,0.4,0.6,0.4,0.4,0.4,0.2,0.4,0.4,0.625,0.4,0.4,0.2857142857142857,0.8,0.4,0.4,0.4,0.5714285714285714,0.14285714285714285,0.0,0.5,0.25,0.4,0.2,0.4,0.3333333333333333,0.16666666666666666,0.125,0.3333333333333333,0.125,0.4,0.3333333333333333,0.4,0.8,0.14285714285714285,0.23076923076923078,0.25,0.07692307692307693,0.16666666666666666,0.3333333333333333,0.25,0.2,0.4444444444444444,0.3333333333333333,0.23076923076923078,0.15384615384615385,0.3333333333333333,0.2857142857142857,0.3333333333333333,0.13333333333333333,0.25,0.375,0.3333333333333333,0.14285714285714285,0.3,0.14285714285714285,0.2222222222222222,0.3333333333333333,0.2222222222222222,0.25,0.07692307692307693,0.4,0.3333333333333333,0.18181818181818182,0.14285714285714285,0.2,0.25,0.1111111111111111,0.14285714285714285,0.16666666666666666,1.0,0.16666666666666666,0.2,0.16666666666666666,0.4444444444444444,0.125,0.09090909090909091,0.16666666666666666,0.2222222222222222,0.6,0.14285714285714285,0.2857142857142857,0.1111111111111111,0.125,0.4,0.42857142857142855,0.3333333333333333,0.3333333333333333,0.2,0.2,0.2857142857142857,0.42857142857142855,0.42857142857142855,0.4,0.375,0.4,0.4,0.25,0.375,0.375,0.3333333333333333,0.3,0.16666666666666666,0.25,0.3,0.2222222222222222,0.3333333333333333,0.1,0.6,0.125,0.2222222222222222,0.1,0.5555555555555556,0.125,0.4,0.3333333333333333,0.42857142857142855,0.0,0.2857142857142857,0.2857142857142857,0.6,0.5
5022,0.36363636363636365,0.3333333333333333,0.3333333333333333,0.3333333333333333,0.45454545454545453,0.2222222222222222,0.2727272727272727,0.4166666666666667,0.3333333333333333,0.2727272727272727,0.2222222222222222,0.2222222222222222,0.2857142857142857,0.4,0.25,0.14285714285714285,0.2,0.3076923076923077,0.3333333333333333,0.5,0.18181818181818182,0.45454545454545453,0.3333333333333333,0.375,0.16666666666666666,0.0,0.14285714285714285,0.45454545454545453,0.16666666666666666,0.2222222222222222,0.14285714285714285,0.4166666666666667,0.16666666666666666,0.4,0.36363636363636365,0.4444444444444444,0.2,0.3333333333333333,0.5,0.0,0.42857142857142855,0.3,0.2857142857142857,0.1,0.5,0.16666666666666666,0.38461538461538464,0.14285714285714285,0.25,0.16666666666666666,0.2222222222222222,0.125,0.42857142857142855,0.0,0.2857142857142857,0.375,0.2857142857142857,0.125,0.2222222222222222,0.375,0.16666666666666666,0.38461538461538464,0.35714285714285715,0.0,0.18181818181818182,0.3333333333333333,0.25,0.2857142857142857,0.16666666666666666,0.25,0.16666666666666666,0.0,0.3333333333333333,0.0,0.0,0.0,0.2857142857142857,0.0,0.2857142857142857,0.16666666666666666,0.0,0.0,0.0,0.16666666666666666,0.16666666666666666,0.16666666666666666,0.2857142857142857,0.3,0.16666666666666666,0.5,0.3333333333333333,0.0,0.16666666666666666,0.0,0.16666666666666666,0.0,0.16666666666666666,0.3333333333333333,0.16666666666666666,0.0,0.125,0.0,0.16666666666666666,0.0,0.3333333333333333,0.0,0.16666666666666666,0.0,0.14285714285714285,0.42857142857142855,0.16666666666666666,0.3333333333333333,0.375,0.0,0.0,0.16666666666666666,0.5,0.16666666666666666,0.5,0.3333333333333333,0.375,0.16666666666666666,0.3333333333333333,0.3333333333333333,0.0,0.14285714285714285,0.23076923076923078,0.5,0.3076923076923077,0.16666666666666666,0.3333333333333333,0.25,0.0,0.1111111111111111,0.3333333333333333,0.38461538461538464,0.38461538461538464,0.3333333333333333,0.14285714285714285,0.0,0.3333333333333333,0.125,0.375,0.4444444444444444,0.42857142857142855,0.2,0.42857142857142855,0.2222222222222222,0.5,0.4444444444444444,0.25,0.38461538461538464,0.16666666666666666,0.3333333333333333,0.36363636363636365,0.14285714285714285,0.5,0.4166666666666667,0.3333333333333333,0.14285714285714285,0.3333333333333333,0.16666666666666666,1.0,0.2,0.5,0.2222222222222222,0.25,0.2727272727272727,0.25,0.4444444444444444,0.3333333333333333,0.14285714285714285,0.0,0.3333333333333333,0.0,0.3333333333333333,0.14285714285714285,0.2222222222222222,0.3333333333333333,0.5,0.5,0.14285714285714285,0.42857142857142855,0.2857142857142857,0.3,0.25,0.2,0.16666666666666666,0.3333333333333333,0.25,0.25,0.2222222222222222,0.3,0.4166666666666667,0.25,0.4,0.2222222222222222,0.16666666666666666,0.2,0.16666666666666666,0.375,0.3333333333333333,0.4,0.3333333333333333,0.25,0.0,0.3333333333333333,0.42857142857142855,0.4444444444444444,0.14285714285714285,0.14285714285714285,0.0,0.16666666666666666
5110,0.2727272727272727,0.4,0.2,0.1,0.36363636363636365,0.6,0.6363636363636364,0.5833333333333334,0.5333333333333333,0.5454545454545454,0.6,0.3,0.3,0.6,0.3,0.3,0.5,0.46153846153846156,0.4166666666666667,0.3,0.6363636363636364,0.5454545454545454,0.3,0.4,0.3,0.3,0.4,0.2727272727272727,0.1,0.6,0.3,0.4166666666666667,0.3,0.4,0.2727272727272727,0.4,0.4,0.3,0.2,0.4,0.1,0.4,0.5,0.6,0.3,0.3,0.5384615384615384,0.4,0.5,0.5,0.5,0.4,0.3,0.7,0.1,0.2,0.2,0.4,0.5,0.4,0.3,0.6153846153846154,0.5714285714285714,0.3,0.45454545454545453,0.2,0.6,0.2,0.2,0.4166666666666667,0.2,0.1,0.2,0.2,0.2,0.2,0.2,0.0,0.1,0.0,0.1,0.2,0.1,0.2,0.1,0.1,0.2,0.3,0.1,0.2,0.2,0.1,0.2,0.2,0.2,0.2,0.1,0.2,0.1,0.2,0.3,0.2,0.2,0.3,0.2,0.3,0.1,0.1,0.2,0.0,0.1,0.2,0.3,0.4,0.1,0.2,0.1,0.0,0.2,0.3,0.4,0.1,0.3,0.1,0.2,0.3,0.6923076923076923,0.1,0.46153846153846156,0.4,0.3,0.6,0.2,0.3,0.2,0.38461538461538464,0.38461538461538464,0.2,0.3,0.4,0.4,0.6,0.1,0.4,0.3,0.6,0.4,0.6,0.3,0.5,0.4,0.46153846153846156,0.1,0.5,0.45454545454545453,0.4,0.4,0.3333333333333333,0.6,0.5,0.3,0.2,0.2,1.0,0.5,0.5,0.3,0.7272727272727273,0.5833333333333334,0.6,0.4,0.4,0.4,0.2,0.5,0.1,0.2,0.6,0.3,0.6,0.3,0.3,0.3,0.2,0.4,0.5,0.5,0.3,0.4166666666666667,0.3,0.4,0.7,0.7,0.6666666666666666,0.3,0.5,0.5,0.2,0.6,0.2,0.4,0.2,0.6,0.5,0.5,0.2,0.4,0.4,0.4,0.4,0.5,0.2,0.3
5120,0.2727272727272727,0.2222222222222222,0.16666666666666666,0.16666666666666666,0.2727272727272727,0.3333333333333333,0.2727272727272727,0.25,0.3333333333333333,0.2727272727272727,0.3333333333333333,0.2222222222222222,0.14285714285714285,0.4,0.125,0.2857142857142857,0.1,0.3076923076923077,0.25,0.3333333333333333,0.36363636363636365,0.36363636363636365,0.2222222222222222,0.25,0.3333333333333333,0.0,0.14285714285714285,0.2727272727272727,0.16666666666666666,0.3333333333333333,0.0,0.25,0.0,0.2,0.2727272727272727,0.4444444444444444,0.3,0.2222222222222222,0.25,0.375,0.2857142857142857,0.2,0.35714285714285715,0.2,0.3,0.5,0.46153846153846156,0.2857142857142857,0.25,0.5,0.2222222222222222,0.25,0.42857142857142855,0.2,0.0,0.25,0.2857142857142857,0.25,0.3333333333333333,0.375,0.16666666666666666,0.38461538461538464,0.42857142857142855,0.0,0.2727272727272727,0.16666666666666666,0.375,0.2857142857142857,0.16666666666666666,0.16666666666666666,0.16666666666666666,0.16666666666666666,0.5,0.16666666666666666,0.16666666666666666,0.16666666666666666,0.14285714285714285,0.0,0.14285714285714285,0.0,0.16666666666666666,0.16666666666666666,0.16666666666666666,0.16666666666666666,0.3333333333333333,0.3333333333333333,0.14285714285714285,0.3,0.3333333333333333,0.25,0.3333333333333333,0.16666666666666666,0.3333333333333333,0.16666666666666666,0.16666666666666666,0.16666666666666666,0.16666666666666666,0.5,0.16666666666666666,0.16666666666666666,0.25,0.16666666666666666,0.16666666666666666,0.2857142857142857,0.3333333333333333,0.3333333333333333,0.16666666666666666,0.16666666666666666,0.2857142857142857,0.14285714285714285,0.16666666666666666,0.16666666666666666,0.25,0.16666666666666666,0.16666666666666666,0.16666666666666666,0.16666666666666666,0.0,0.25,0.3333333333333333,0.25,0.16666666666666666,0.3333333333333333,0.3333333333333333,0.16666666666666666,0.14285714285714285,0.38461538461538464,0.25,0.23076923076923078,0.5,0.1111111111111111,0.5,0.16666666666666666,0.2222222222222222,0.16666666666666666,0.38461538461538464,0.23076923076923078,0.16666666666666666,0.14285714285714285,0.5,0.26666666666666666,0.125,0.0,0.2222222222222222,0.2857142857142857,0.2,0.42857142857142855,0.4444444444444444,0.3333333333333333,0.4444444444444444,0.375,0.3076923076923077,0.16666666666666666,0.5555555555555556,0.36363636363636365,0.2857142857142857,0.5,0.3333333333333333,0.4444444444444444,0.2857142857142857,0.3333333333333333,0.16666666666666666,0.5,0.5,1.0,0.3333333333333333,0.125,0.36363636363636365,0.4166666666666667,0.4444444444444444,0.5,0.2857142857142857,0.14285714285714285,0.1111111111111111,0.125,0.16666666666666666,0.0,0.3333333333333333,0.4444444444444444,0.3,0.4,0.2857142857142857,0.42857142857142855,0.2857142857142857,0.4,0.375,0.3,0.3333333333333333,0.25,0.375,0.375,0.4444444444444444,0.4,0.4166666666666667,0.25,0.4,0.1111111111111111,0.0,0.4,0.3333333333333333,0.25,0.2222222222222222,0.3,0.4444444444444444,0.375,0.16666666666666666,0.3333333333333333,0.14285714285714285,0.2222222222222222,0.2857142857142857,0.42857142857142855,0.16666666666666666,0.16666666666666666
5210,0.2727272727272727,0.2222222222222222,0.0,0.2222222222222222,0.45454545454545453,0.4444444444444444,0.45454545454545453,0.3333333333333333,0.4,0.45454545454545453,0.6666666666666666,0.4444444444444444,0.3333333333333333,0.4,0.2222222222222222,0.4444444444444444,0.4,0.5384615384615384,0.4166666666666667,0.1111111111111111,0.45454545454545453,0.36363636363636365,0.3333333333333333,0.1111111111111111,0.1111111111111111,0.1111111111111111,0.2222222222222222,0.2727272727272727,0.3333333333333333,0.4444444444444444,0.2222222222222222,0.3333333333333333,0.1111111111111111,0.3,0.2727272727272727,0.4444444444444444,0.4,0.5555555555555556,0.2222222222222222,0.4444444444444444,0.3333333333333333,0.3,0.5,0.4,0.3,0.3333333333333333,0.46153846153846156,0.4444444444444444,0.5555555555555556,0.3333333333333333,0.4444444444444444,0.4444444444444444,0.3333333333333333,0.5,0.3333333333333333,0.3333333333333333,0.4444444444444444,0.4444444444444444,0.5555555555555556,0.3333333333333333,0.3333333333333333,0.3076923076923077,0.42857142857142855,0.2222222222222222,0.36363636363636365,0.1111111111111111,0.2222222222222222,0.3333333333333333,0.3333333333333333,0.5,0.4444444444444444,0.2222222222222222,0.1111111111111111,0.2222222222222222,0.4444444444444444,0.1111111111111111,0.1111111111111111,0.1111111111111111,0.3333333333333333,0.2222222222222222,0.1111111111111111,0.1111111111111111,0.2222222222222222,0.3333333333333333,0.1111111111111111,0.2222222222222222,0.4444444444444444,0.4,0.3333333333333333,0.2222222222222222,0.2222222222222222,0.2222222222222222,0.1111111111111111,0.2222222222222222,0.1111111111111111,0.1111111111111111,0.2222222222222222,0.2222222222222222,0.2222222222222222,0.1111111111111111,0.6666666666666666,0.1111111111111111,0.1111111111111111,0.2222222222222222,0.3333333333333333,0.2222222222222222,0.2222222222222222,0.2222222222222222,0.6666666666666666,0.2222222222222222,0.0,0.4444444444444444,0.4444444444444444,0.4444444444444444,0.1111111111111111,0.1111111111111111,0.2222222222222222,0.2222222222222222,0.2222222222222222,0.1111111111111111,0.1111111111111111,0.2222222222222222,0.3333333333333333,0.3333333333333333,0.3333333333333333,0.3333333333333333,0.38461538461538464,0.4444444444444444,0.38461538461538464,0.5555555555555556,0.5555555555555556,0.3333333333333333,0.3333333333333333,0.4444444444444444,0.2222222222222222,0.46153846153846156,0.38461538461538464,0.4444444444444444,0.4444444444444444,0.4444444444444444,0.4,0.3333333333333333,0.4444444444444444,0.5555555555555556,0.2222222222222222,0.5,0.3333333333333333,0.4444444444444444,0.4444444444444444,0.4444444444444444,0.3333333333333333,0.38461538461538464,0.2222222222222222,0.6666666666666666,0.5454545454545454,0.3333333333333333,0.3,0.5833333333333334,0.3333333333333333,0.1111111111111111,0.1111111111111111,0.4444444444444444,0.2222222222222222,0.5,0.3333333333333333,1.0,0.4444444444444444,0.2727272727272727,0.3333333333333333,0.4444444444444444,0.4444444444444444,0.1111111111111111,0.2222222222222222,0.3333333333333333,0.3333333333333333,0.3333333333333333,0.4444444444444444,0.4444444444444444,0.4444444444444444,0.4,0.4,0.4444444444444444,0.5555555555555556,0.3333333333333333,0.7,0.6666666666666666,0.6,0.4444444444444444,0.4166666666666667,0.3333333333333333,0.5555555555555556,0.5555555555555556,0.6,0.5,0.2222222222222222,0.4,0.5555555555555556,0.2222222222222222,0.5,0.3333333333333333,0.5555555555555556,0.5555555555555556,0.5,0.5555555555555556,0.3333333333333333,0.3333333333333333,0.5555555555555556,0.3333333333333333,0.2222222222222222,0.3333333333333333,0.2222222222222222,0.3333333333333333,0.3333333333333333
5221,0.5454545454545454,0.3333333333333333,0.375,0.375,0.5454545454545454,0.4444444444444444,0.45454545454545453,0.4166666666666667,0.3333333333333333,0.36363636363636365,0.2222222222222222,0.4444444444444444,0.5,0.4,0.5,0.25,0.5,0.46153846153846156,0.4166666666666667,0.25,0.45454545454545453,0.45454545454545453,0.5555555555555556,0.25,0.0,0.125,0.125,0.45454545454545453,0.125,0.4444444444444444,0.375,0.5,0.25,0.6,0.45454545454545453,0.4444444444444444,0.5,0.5555555555555556,0.5,0.375,0.375,0.5,0.42857142857142855,0.3,0.4,0.125,0.46153846153846156,0.125,0.5,0.125,0.3333333333333333,0.25,0.125,0.4,0.5,0.5,0.5,0.375,0.4444444444444444,0.375,0.5,0.3076923076923077,0.35714285714285715,0.375,0.45454545454545453,0.25,0.375,0.5,0.5,0.5833333333333334,0.5,0.25,0.375,0.0,0.25,0.0,0.375,0.125,0.625,0.25,0.0,0.0,0.0,0.125,0.0,0.25,0.25,0.5,0.125,0.5,0.375,0.125,0.0,0.125,0.125,0.0,0.0,0.0,0.25,0.0,0.25,0.0,0.125,0.375,0.125,0.0,0.0,0.0,0.25,0.5,0.375,0.125,0.625,0.375,0.0,0.125,0.25,0.25,0.5,0.25,0.25,0.125,0.3333333333333333,0.375,0.125,0.375,0.38461538461538464,0.5,0.5384615384615384,0.25,0.6666666666666666,0.25,0.125,0.3333333333333333,0.375,0.38461538461538464,0.46153846153846156,0.375,0.25,0.25,0.4,0.25,0.625,0.4444444444444444,0.125,0.2,0.125,0.2222222222222222,0.125,0.2222222222222222,0.125,0.38461538461538464,0.0,0.2222222222222222,0.2727272727272727,0.625,0.3,0.3333333333333333,0.4444444444444444,0.25,0.125,0.125,0.25,0.3,0.125,0.4444444444444444,1.0,0.36363636363636365,0.3333333333333333,0.1111111111111111,0.0,0.375,0.375,0.6666666666666666,0.375,0.125,0.375,0.2222222222222222,0.2222222222222222,0.3,0.5,0.25,0.25,0.125,0.4,0.25,0.3,0.125,0.4166666666666667,0.25,0.5,0.3333333333333333,0.3,0.3333333333333333,0.25,0.3,0.3333333333333333,0.125,0.4,0.125,0.375,0.3333333333333333,0.4,0.1111111111111111,0.25,0.25,0.25,0.25,0.4444444444444444,0.125,0.25,0.25,0.25
5222,0.5454545454545454,0.5454545454545454,0.2727272727272727,0.18181818181818182,0.5454545454545454,0.45454545454545453,0.5454545454545454,0.6666666666666666,0.6,0.6363636363636364,0.36363636363636365,0.2727272727272727,0.2727272727272727,0.5454545454545454,0.36363636363636365,0.36363636363636365,0.45454545454545453,0.38461538461538464,0.5,0.45454545454545453,0.7272727272727273,0.6363636363636364,0.45454545454545453,0.36363636363636365,0.2727272727272727,0.18181818181818182,0.36363636363636365,0.45454545454545453,0.09090909090909091,0.45454545454545453,0.18181818181818182,0.5,0.18181818181818182,0.45454545454545453,0.5454545454545454,0.6363636363636364,0.5454545454545454,0.36363636363636365,0.36363636363636365,0.2727272727272727,0.09090909090909091,0.36363636363636365,0.5,0.45454545454545453,0.45454545454545453,0.2727272727272727,0.6153846153846154,0.2727272727272727,0.36363636363636365,0.2727272727272727,0.36363636363636365,0.2727272727272727,0.2727272727272727,0.5454545454545454,0.18181818181818182,0.18181818181818182,0.0,0.36363636363636365,0.2727272727272727,0.36363636363636365,0.2727272727272727,0.6923076923076923,0.6428571428571429,0.36363636363636365,0.36363636363636365,0.18181818181818182,0.45454545454545453,0.09090909090909091,0.18181818181818182,0.5833333333333334,0.18181818181818182,0.2727272727272727,0.2727272727272727,0.09090909090909091,0.18181818181818182,0.09090909090909091,0.2727272727272727,0.0,0.18181818181818182,0.18181818181818182,0.0,0.18181818181818182,0.0,0.18181818181818182,0.0,0.18181818181818182,0.2727272727272727,0.45454545454545453,0.0,0.2727272727272727,0.2727272727272727,0.09090909090909091,0.09090909090909091,0.09090909090909091,0.18181818181818182,0.18181818181818182,0.09090909090909091,0.09090909090909091,0.09090909090909091,0.09090909090909091,0.2727272727272727,0.09090909090909091,0.18181818181818182,0.36363636363636365,0.09090909090909091,0.18181818181818182,0.09090909090909091,0.0,0.18181818181818182,0.09090909090909091,0.36363636363636365,0.2727272727272727,0.45454545454545453,0.18181818181818182,0.0,0.18181818181818182,0.18181818181818182,0.18181818181818182,0.36363636363636365,0.36363636363636365,0.5454545454545454,0.09090909090909091,0.45454545454545453,0.09090909090909091,0.09090909090909091,0.2727272727272727,0.7692307692307693,0.2727272727272727,0.5384615384615384,0.18181818181818182,0.45454545454545453,0.5454545454545454,0.18181818181818182,0.36363636363636365,0.36363636363636365,0.5384615384615384,0.5384615384615384,0.18181818181818182,0.45454545454545453,0.36363636363636365,0.5333333333333333,0.45454545454545453,0.2727272727272727,0.2727272727272727,0.2727272727272727,0.45454545454545453,0.36363636363636365,0.5454545454545454,0.2727272727272727,0.5454545454545454,0.45454545454545453,0.5384615384615384,0.0,0.45454545454545453,0.45454545454545453,0.5454545454545454,0.45454545454545453,0.5,0.7272727272727273,0.6363636363636364,0.36363636363636365,0.09090909090909091,0.2727272727272727,0.7272727272727273,0.36363636363636365,0.2727272727272727,0.36363636363636365,1.0,0.6666666666666666,0.5454545454545454,0.2727272727272727,0.45454545454545453,0.45454545454545453,0.36363636363636365,0.45454545454545453,0.09090909090909091,0.2727272727272727,0.36363636363636365,0.36363636363636365,0.6363636363636364,0.45454545454545453,0.36363636363636365,0.18181818181818182,0.2727272727272727,0.18181818181818182,0.2727272727272727,0.45454545454545453,0.18181818181818182,0.5,0.36363636363636365,0.36363636363636365,0.5454545454545454,0.5454545454545454,0.6666666666666666,0.45454545454545453,0.5454545454545454,0.45454545454545453,0.2727272727272727,0.6363636363636364,0.18181818181818182,0.2727272727272727,0.18181818181818182,0.5454545454545454,0.36363636363636365,0.5454545454545454,0.18181818181818182,0.36363636363636365,0.45454545454545453,0.36363636363636365,0.2727272727272727,0.45454545454545453,0.09090909090909091,0.2727272727272727
5223,0.6666666666666666,0.5833333333333334,0.16666666666666666,0.25,0.4166666666666667,0.3333333333333333,0.5,0.5833333333333334,0.6,0.4166666666666667,0.3333333333333333,0.4166666666666667,0.16666666666666666,0.5833333333333334,0.3333333333333333,0.3333333333333333,0.3333333333333333,0.46153846153846156,0.5833333333333334,0.25,0.5833333333333334,0.5,0.4166666666666667,0.25,0.25,0.16666666666666666,0.3333333333333333,0.4166666666666667,0.16666666666666666,0.4166666666666667,0.25,0.5,0.3333333333333333,0.5,0.5833333333333334,0.5,0.5833333333333334,0.5,0.4166666666666667,0.4166666666666667,0.16666666666666666,0.3333333333333333,0.7142857142857143,0.4166666666666667,0.4166666666666667,0.3333333333333333,0.6923076923076923,0.25,0.3333333333333333,0.25,0.25,0.4166666666666667,0.25,0.5,0.08333333333333333,0.3333333333333333,0.25,0.5,0.25,0.5,0.25,0.6923076923076923,0.6428571428571429,0.4166666666666667,0.5833333333333334,0.25,0.3333333333333333,0.3333333333333333,0.3333333333333333,0.6666666666666666,0.25,0.25,0.4166666666666667,0.16666666666666666,0.25,0.25,0.4166666666666667,0.0,0.25,0.08333333333333333,0.16666666666666666,0.16666666666666666,0.16666666666666666,0.25,0.16666666666666666,0.3333333333333333,0.25,0.5,0.16666666666666666,0.25,0.3333333333333333,0.16666666666666666,0.25,0.16666666666666666,0.16666666666666666,0.25,0.16666666666666666,0.25,0.08333333333333333,0.16666666666666666,0.3333333333333333,0.16666666666666666,0.16666666666666666,0.4166666666666667,0.25,0.3333333333333333,0.16666666666666666,0.08333333333333333,0.25,0.25,0.25,0.25,0.4166666666666667,0.25,0.08333333333333333,0.08333333333333333,0.25,0.25,0.5,0.3333333333333333,0.3333333333333333,0.08333333333333333,0.4166666666666667,0.16666666666666666,0.16666666666666666,0.3333333333333333,0.6153846153846154,0.3333333333333333,0.5384615384615384,0.25,0.4166666666666667,0.4166666666666667,0.25,0.4166666666666667,0.3333333333333333,0.6153846153846154,0.5384615384615384,0.3333333333333333,0.4166666666666667,0.4166666666666667,0.5333333333333333,0.3333333333333333,0.25,0.3333333333333333,0.3333333333333333,0.4166666666666667,0.3333333333333333,0.5,0.16666666666666666,0.4166666666666667,0.3333333333333333,0.46153846153846156,0.08333333333333333,0.4166666666666667,0.5,0.4166666666666667,0.5,0.5,0.5,0.5,0.25,0.16666666666666666,0.25,0.5833333333333334,0.4166666666666667,0.3333333333333333,0.3333333333333333,0.6666666666666666,1.0,0.5,0.3333333333333333,0.5833333333333334,0.5,0.4166666666666667,0.3333333333333333,0.16666666666666666,0.25,0.25,0.5,0.5833333333333334,0.5833333333333334,0.4166666666666667,0.4166666666666667,0.4166666666666667,0.4166666666666667,0.25,0.5833333333333334,0.25,0.5,0.3333333333333333,0.5,0.4166666666666667,0.5,0.5,0.5,0.5833333333333334,0.4166666666666667,0.16666666666666666,0.5,0.25,0.25,0.4166666666666667,0.5833333333333334,0.4166666666666667,0.3333333333333333,0.25,0.3333333333333333,0.25,0.3333333333333333,0.3333333333333333,0.4166666666666667,0.16666666666666666,0.3333333333333333
5224,0.36363636363636365,0.5555555555555556,0.0,0.2222222222222222,0.2727272727272727,0.3333333333333333,0.5454545454545454,0.5833333333333334,0.6,0.6363636363636364,0.5555555555555556,0.3333333333333333,0.2222222222222222,0.7,0.3333333333333333,0.3333333333333333,0.3,0.38461538461538464,0.5833333333333334,0.3333333333333333,0.45454545454545453,0.5454545454545454,0.3333333333333333,0.4444444444444444,0.3333333333333333,0.2222222222222222,0.3333333333333333,0.2727272727272727,0.2222222222222222,0.4444444444444444,0.2222222222222222,0.4166666666666667,0.3333333333333333,0.4,0.2727272727272727,0.5555555555555556,0.3,0.3333333333333333,0.2222222222222222,0.3333333333333333,0.2222222222222222,0.4,0.5,0.3,0.5,0.3333333333333333,0.46153846153846156,0.4444444444444444,0.4444444444444444,0.4444444444444444,0.4444444444444444,0.4444444444444444,0.3333333333333333,0.4,0.0,0.2222222222222222,0.2222222222222222,0.2222222222222222,0.3333333333333333,0.4444444444444444,0.2222222222222222,0.46153846153846156,0.5,0.2222222222222222,0.45454545454545453,0.1111111111111111,0.4444444444444444,0.2222222222222222,0.1111111111111111,0.4166666666666667,0.1111111111111111,0.2222222222222222,0.2222222222222222,0.1111111111111111,0.2222222222222222,0.1111111111111111,0.2222222222222222,0.0,0.0,0.1111111111111111,0.0,0.1111111111111111,0.0,0.3333333333333333,0.1111111111111111,0.2222222222222222,0.4444444444444444,0.3,0.1111111111111111,0.3333333333333333,0.2222222222222222,0.1111111111111111,0.2222222222222222,0.1111111111111111,0.1111111111111111,0.2222222222222222,0.2222222222222222,0.2222222222222222,0.0,0.1111111111111111,0.4444444444444444,0.1111111111111111,0.1111111111111111,0.2222222222222222,0.3333333333333333,0.2222222222222222,0.2222222222222222,0.0,0.3333333333333333,0.1111111111111111,0.1111111111111111,0.4444444444444444,0.3333333333333333,0.2222222222222222,0.0,0.2222222222222222,0.3333333333333333,0.2222222222222222,0.3333333333333333,0.2222222222222222,0.3333333333333333,0.0,0.4444444444444444,0.1111111111111111,0.1111111111111111,0.3333333333333333,0.5384615384615384,0.3333333333333333,0.38461538461538464,0.3333333333333333,0.2222222222222222,0.5555555555555556,0.1111111111111111,0.2222222222222222,0.2222222222222222,0.5384615384615384,0.38461538461538464,0.2222222222222222,0.4444444444444444,0.2222222222222222,0.4666666666666667,0.4444444444444444,0.2222222222222222,0.5555555555555556,0.4444444444444444,0.6,0.5555555555555556,0.5555555555555556,0.3333333333333333,0.5555555555555556,0.5555555555555556,0.46153846153846156,0.1111111111111111,0.5555555555555556,0.5454545454545454,0.2222222222222222,0.4,0.5,0.5555555555555556,0.4444444444444444,0.4444444444444444,0.2222222222222222,0.4444444444444444,0.6,0.4444444444444444,0.4444444444444444,0.1111111111111111,0.5454545454545454,0.5,1.0,0.4444444444444444,0.3333333333333333,0.2222222222222222,0.3333333333333333,0.3333333333333333,0.2222222222222222,0.2222222222222222,0.4444444444444444,0.4444444444444444,0.6,0.4,0.3333333333333333,0.3333333333333333,0.4444444444444444,0.4,0.4444444444444444,0.4,0.2222222222222222,0.5,0.3333333333333333,0.3333333333333333,0.4444444444444444,0.6,0.5833333333333334,0.4444444444444444,0.6,0.4444444444444444,0.2222222222222222,0.5,0.2222222222222222,0.4444444444444444,0.5555555555555556,0.6,0.6666666666666666,0.3333333333333333,0.1111111111111111,0.4444444444444444,0.4444444444444444,0.3333333333333333,0.2222222222222222,0.3333333333333333,0.1111111111111111,0.1111111111111111
5229,0.09090909090909091,0.2222222222222222,0.0,0.0,0.09090909090909091,0.1111111111111111,0.18181818181818182,0.25,0.26666666666666666,0.2727272727272727,0.5555555555555556,0.1111111111111111,0.0,0.3,0.125,0.2857142857142857,0.1,0.15384615384615385,0.16666666666666666,0.16666666666666666,0.2727272727272727,0.18181818181818182,0.1111111111111111,0.125,0.4,0.2,0.2857142857142857,0.09090909090909091,0.4,0.1111111111111111,0.14285714285714285,0.16666666666666666,0.2,0.1,0.09090909090909091,0.2222222222222222,0.3,0.2222222222222222,0.125,0.25,0.0,0.1,0.2857142857142857,0.2,0.2,0.5,0.23076923076923078,0.42857142857142855,0.125,0.6,0.0,0.375,0.42857142857142855,0.3,0.0,0.25,0.14285714285714285,0.375,0.1111111111111111,0.25,0.3333333333333333,0.3076923076923077,0.35714285714285715,0.16666666666666666,0.18181818181818182,0.4,0.25,0.14285714285714285,0.3333333333333333,0.25,0.2,0.2,0.16666666666666666,0.4,0.3333333333333333,0.4,0.14285714285714285,0.0,0.14285714285714285,0.0,0.2,0.2,0.2,0.5,0.2,0.16666666666666666,0.42857142857142855,0.2,0.2,0.125,0.3333333333333333,0.2,0.4,0.4,0.4,0.4,0.4,0.4,0.2,0.4,0.5,0.4,0.4,0.2857142857142857,0.6,0.6,0.4,0.2,0.42857142857142855,0.0,0.0,0.5,0.25,0.4,0.2,0.2,0.3333333333333333,0.16666666666666666,0.25,0.3333333333333333,0.25,0.2,0.2222222222222222,0.2,0.4,0.2857142857142857,0.3076923076923077,0.125,0.07692307692307693,0.5,0.2222222222222222,0.375,0.2,0.3333333333333333,0.3333333333333333,0.23076923076923078,0.15384615384615385,0.3333333333333333,0.2857142857142857,0.3333333333333333,0.13333333333333333,0.125,0.125,0.1111111111111111,0.14285714285714285,0.3,0.2857142857142857,0.3333333333333333,0.3333333333333333,0.2222222222222222,0.25,0.15384615384615385,0.4,0.4444444444444444,0.2727272727272727,0.2857142857142857,0.3,0.25,0.3333333333333333,0.2857142857142857,0.16666666666666666,0.6,0.3333333333333333,0.4,0.5,0.4444444444444444,0.0,0.2727272727272727,0.3333333333333333,0.4444444444444444,1.0,0.14285714285714285,0.14285714285714285,0.0,0.0,0.2,0.14285714285714285,0.2222222222222222,0.3333333333333333,0.4,0.3,0.2857142857142857,0.42857142857142855,0.2857142857142857,0.3,0.375,0.3,0.6,0.16666666666666666,0.25,0.375,0.3333333333333333,0.3,0.25,0.375,0.3,0.2222222222222222,0.16666666666666666,0.2,0.4,0.375,0.2222222222222222,0.3,0.4444444444444444,0.125,0.2,0.6666666666666666,0.2857142857142857,0.0,0.14285714285714285,0.2857142857142857,0.4,0.3333333333333333
5510,0.45454545454545453,0.6666666666666666,0.14285714285714285,0.14285714285714285,0.2727272727272727,0.3333333333333333,0.36363636363636365,0.4166666666666667,0.3333333333333333,0.18181818181818182,0.1111111111111111,0.4444444444444444,0.14285714285714285,0.4,0.375,0.2857142857142857,0.3,0.3076923076923077,0.3333333333333333,0.2857142857142857,0.2727272727272727,0.2727272727272727,0.3333333333333333,0.375,0.2857142857142857,0.2857142857142857,0.42857142857142855,0.2727272727272727,0.14285714285714285,0.4444444444444444,0.2857142857142857,0.3333333333333333,0.42857142857142855,0.5,0.36363636363636365,0.3333333333333333,0.4,0.4444444444444444,0.375,0.25,0.14285714285714285,0.3,0.35714285714285715,0.4,0.3,0.14285714285714285,0.3076923076923077,0.0,0.25,0.14285714285714285,0.3333333333333333,0.125,0.14285714285714285,0.4,0.0,0.25,0.14285714285714285,0.5,0.2222222222222222,0.5,0.2857142857142857,0.38461538461538464,0.42857142857142855,0.7142857142857143,0.36363636363636365,0.14285714285714285,0.375,0.2857142857142857,0.2857142857142857,0.3333333333333333,0.14285714285714285,0.14285714285714285,0.42857142857142855,0.14285714285714285,0.14285714285714285,0.2857142857142857,0.5714285714285714,0.0,0.14285714285714285,0.0,0.14285714285714285,0.0,0.14285714285714285,0.14285714285714285,0.14285714285714285,0.2857142857142857,0.14285714285714285,0.2,0.14285714285714285,0.25,0.42857142857142855,0.0,0.2857142857142857,0.14285714285714285,0.14285714285714285,0.14285714285714285,0.0,0.14285714285714285,0.0,0.14285714285714285,0.125,0.14285714285714285,0.14285714285714285,0.42857142857142855,0.2857142857142857,0.2857142857142857,0.0,0.0,0.0,0.2857142857142857,0.2857142857142857,0.14285714285714285,0.5,0.2857142857142857,0.0,0.14285714285714285,0.42857142857142855,0.2857142857142857,0.5,0.42857142857142855,0.375,0.0,0.3333333333333333,0.14285714285714285,0.14285714285714285,0.42857142857142855,0.3076923076923077,0.125,0.38461538461538464,0.0,0.3333333333333333,0.375,0.2857142857142857,0.3333333333333333,0.2857142857142857,0.3076923076923077,0.38461538461538464,0.14285714285714285,0.42857142857142855,0.2857142857142857,0.26666666666666666,0.5,0.25,0.3333333333333333,0.5714285714285714,0.4,0.42857142857142855,0.3333333333333333,0.14285714285714285,0.3333333333333333,0.25,0.23076923076923078,0.0,0.1111111111111111,0.36363636363636365,0.5714285714285714,0.4,0.25,0.4444444444444444,0.5714285714285714,0.2857142857142857,0.14285714285714285,0.14285714285714285,0.4,0.2857142857142857,0.1111111111111111,0.375,0.45454545454545453,0.5833333333333334,0.3333333333333333,0.14285714285714285,1.0,0.8571428571428571,0.3333333333333333,0.375,0.2857142857142857,0.42857142857142855,0.2222222222222222,0.3333333333333333,0.4,0.3,0.42857142857142855,0.42857142857142855,0.42857142857142855,0.3,0.125,0.4,0.14285714285714285,0.25,0.25,0.25,0.3333333333333333,0.3,0.3333333333333333,0.5,0.5,0.4444444444444444,0.2857142857142857,0.3,0.14285714285714285,0.0,0.2222222222222222,0.4,0.3333333333333333,0.25,0.14285714285714285,0.2857142857142857,0.42857142857142855,0.3333333333333333,0.42857142857142855,0.42857142857142855,0.14285714285714285,0.42857142857142855
5520,0.36363636363636365,0.5555555555555556,0.14285714285714285,0.0,0.2727272727272727,0.3333333333333333,0.2727272727272727,0.3333333333333333,0.3333333333333333,0.18181818181818182,0.1111111111111111,0.4444444444444444,0.2857142857142857,0.3,0.375,0.42857142857142855,0.4,0.3076923076923077,0.3333333333333333,0.2857142857142857,0.2727272727272727,0.18181818181818182,0.2222222222222222,0.25,0.2857142857142857,0.2857142857142857,0.42857142857142855,0.18181818181818182,0.14285714285714285,0.4444444444444444,0.2857142857142857,0.25,0.42857142857142855,0.4,0.36363636363636365,0.2222222222222222,0.4,0.4444444444444444,0.25,0.25,0.14285714285714285,0.2,0.2857142857142857,0.4,0.2,0.14285714285714285,0.3076923076923077,0.0,0.375,0.14285714285714285,0.3333333333333333,0.25,0.0,0.4,0.14285714285714285,0.125,0.0,0.5,0.1111111111111111,0.375,0.2857142857142857,0.3076923076923077,0.35714285714285715,0.7142857142857143,0.2727272727272727,0.14285714285714285,0.375,0.14285714285714285,0.2857142857142857,0.3333333333333333,0.14285714285714285,0.14285714285714285,0.2857142857142857,0.2857142857142857,0.2857142857142857,0.2857142857142857,0.42857142857142855,0.0,0.14285714285714285,0.14285714285714285,0.14285714285714285,0.0,0.2857142857142857,0.14285714285714285,0.0,0.14285714285714285,0.14285714285714285,0.2,0.14285714285714285,0.125,0.2857142857142857,0.0,0.14285714285714285,0.14285714285714285,0.14285714285714285,0.14285714285714285,0.0,0.0,0.0,0.14285714285714285,0.25,0.14285714285714285,0.14285714285714285,0.42857142857142855,0.14285714285714285,0.2857142857142857,0.0,0.14285714285714285,0.14285714285714285,0.14285714285714285,0.2857142857142857,0.2857142857142857,0.375,0.2857142857142857,0.0,0.14285714285714285,0.2857142857142857,0.2857142857142857,0.375,0.42857142857142855,0.375,0.14285714285714285,0.3333333333333333,0.0,0.2857142857142857,0.42857142857142855,0.3076923076923077,0.125,0.3076923076923077,0.0,0.4444444444444444,0.375,0.42857142857142855,0.4444444444444444,0.42857142857142855,0.3076923076923077,0.3076923076923077,0.14285714285714285,0.5714285714285714,0.42857142857142855,0.26666666666666666,0.625,0.375,0.3333333333333333,0.42857142857142855,0.5,0.2857142857142857,0.3333333333333333,0.2857142857142857,0.3333333333333333,0.375,0.23076923076923078,0.0,0.2222222222222222,0.2727272727272727,0.5714285714285714,0.3,0.25,0.4444444444444444,0.5714285714285714,0.2857142857142857,0.2857142857142857,0.0,0.4,0.14285714285714285,0.2222222222222222,0.375,0.45454545454545453,0.5,0.2222222222222222,0.14285714285714285,0.8571428571428571,1.0,0.2222222222222222,0.5,0.2857142857142857,0.5714285714285714,0.3333333333333333,0.3333333333333333,0.4,0.2,0.5714285714285714,0.2857142857142857,0.42857142857142855,0.3,0.25,0.5,0.14285714285714285,0.3333333333333333,0.375,0.25,0.3333333333333333,0.4,0.3333333333333333,0.5,0.4,0.5555555555555556,0.42857142857142855,0.4,0.2857142857142857,0.0,0.2222222222222222,0.4,0.3333333333333333,0.375,0.14285714285714285,0.2857142857142857,0.5714285714285714,0.2222222222222222,0.5714285714285714,0.42857142857142855,0.14285714285714285,0.5714285714285714
5590,0.5454545454545454,0.4444444444444444,0.2222222222222222,0.4444444444444444,0.5454545454545454,0.3333333333333333,0.45454545454545453,0.5,0.3333333333333333,0.45454545454545453,0.3333333333333333,0.4444444444444444,0.3333333333333333,0.4,0.4444444444444444,0.3333333333333333,0.5,0.38461538461538464,0.5,0.3333333333333333,0.36363636363636365,0.5454545454545454,0.5555555555555556,0.4444444444444444,0.1111111111111111,0.2222222222222222,0.1111111111111111,0.5454545454545454,0.0,0.4444444444444444,0.3333333333333333,0.5,0.2222222222222222,0.7,0.45454545454545453,0.5555555555555556,0.4,0.5555555555555556,0.4444444444444444,0.3333333333333333,0.4444444444444444,0.6,0.5,0.3,0.5,0.2222222222222222,0.5384615384615384,0.3333333333333333,0.4444444444444444,0.1111111111111111,0.4444444444444444,0.4444444444444444,0.3333333333333333,0.5,0.4444444444444444,0.5555555555555556,0.5555555555555556,0.3333333333333333,0.5555555555555556,0.3333333333333333,0.4444444444444444,0.46153846153846156,0.42857142857142855,0.2222222222222222,0.5454545454545454,0.3333333333333333,0.3333333333333333,0.5555555555555556,0.3333333333333333,0.5833333333333334,0.3333333333333333,0.3333333333333333,0.4444444444444444,0.1111111111111111,0.2222222222222222,0.0,0.3333333333333333,0.2222222222222222,0.5555555555555556,0.4444444444444444,0.1111111111111111,0.2222222222222222,0.0,0.3333333333333333,0.2222222222222222,0.5555555555555556,0.3333333333333333,0.5,0.2222222222222222,0.5555555555555556,0.4444444444444444,0.2222222222222222,0.2222222222222222,0.2222222222222222,0.1111111111111111,0.1111111111111111,0.2222222222222222,0.2222222222222222,0.2222222222222222,0.0,0.2222222222222222,0.0,0.1111111111111111,0.3333333333333333,0.2222222222222222,0.0,0.2222222222222222,0.0,0.2222222222222222,0.5555555555555556,0.4444444444444444,0.1111111111111111,0.5555555555555556,0.2222222222222222,0.1111111111111111,0.1111111111111111,0.2222222222222222,0.3333333333333333,0.4444444444444444,0.2222222222222222,0.3333333333333333,0.1111111111111111,0.5555555555555556,0.3333333333333333,0.1111111111111111,0.3333333333333333,0.38461538461538464,0.5555555555555556,0.5384615384615384,0.2222222222222222,0.5555555555555556,0.2222222222222222,0.2222222222222222,0.4444444444444444,0.3333333333333333,0.38461538461538464,0.46153846153846156,0.3333333333333333,0.3333333333333333,0.2222222222222222,0.4666666666666667,0.2222222222222222,0.4444444444444444,0.5555555555555556,0.3333333333333333,0.3,0.3333333333333333,0.3333333333333333,0.2222222222222222,0.3333333333333333,0.2222222222222222,0.46153846153846156,0.1111111111111111,0.1111111111111111,0.36363636363636365,0.3333333333333333,0.4,0.4166666666666667,0.2222222222222222,0.2222222222222222,0.2222222222222222,0.1111111111111111,0.3333333333333333,0.2,0.1111111111111111,0.3333333333333333,0.6666666666666666,0.36363636363636365,0.4166666666666667,0.3333333333333333,0.0,0.3333333333333333,0.2222222222222222,1.0,0.4444444444444444,0.2222222222222222,0.4444444444444444,0.2222222222222222,0.4444444444444444,0.3,0.5,0.2222222222222222,0.3333333333333333,0.3333333333333333,0.3,0.3333333333333333,0.3,0.1111111111111111,0.4166666666666667,0.3333333333333333,0.4444444444444444,0.2222222222222222,0.3,0.3333333333333333,0.3333333333333333,0.4,0.3333333333333333,0.2222222222222222,0.5,0.1111111111111111,0.3333333333333333,0.4444444444444444,0.4,0.2222222222222222,0.3333333333333333,0.4444444444444444,0.1111111111111111,0.2222222222222222,0.6666666666666666,0.2222222222222222,0.3333333333333333,0.2222222222222222,0.2222222222222222
5911,0.2727272727272727,0.4444444444444444,0.25,0.25,0.2727272727272727,0.5555555555555556,0.36363636363636365,0.3333333333333333,0.4,0.36363636363636365,0.3333333333333333,0.3333333333333333,0.375,0.2,0.25,0.625,0.5,0.38461538461538464,0.3333333333333333,0.25,0.45454545454545453,0.2727272727272727,0.2222222222222222,0.375,0.125,0.375,0.375,0.18181818181818182,0.0,0.5555555555555556,0.375,0.16666666666666666,0.25,0.2,0.36363636363636365,0.2222222222222222,0.2,0.2222222222222222,0.125,0.5,0.25,0.3,0.21428571428571427,0.4,0.2,0.375,0.38461538461538464,0.5,0.5,0.125,0.6666666666666666,0.5,0.25,0.5,0.375,0.125,0.25,0.25,0.4444444444444444,0.125,0.125,0.3076923076923077,0.2857142857142857,0.25,0.45454545454545453,0.125,0.5,0.25,0.0,0.25,0.125,0.25,0.25,0.25,0.25,0.0,0.125,0.125,0.125,0.375,0.125,0.375,0.125,0.25,0.125,0.25,0.25,0.3,0.125,0.125,0.0,0.125,0.125,0.125,0.0,0.125,0.25,0.125,0.0,0.0,0.25,0.0,0.0,0.375,0.0,0.0,0.25,0.125,0.25,0.125,0.375,0.25,0.125,0.25,0.125,0.0,0.0,0.25,0.0,0.0,0.25,0.125,0.4444444444444444,0.0,0.125,0.25,0.38461538461538464,0.25,0.3076923076923077,0.25,0.2222222222222222,0.375,0.375,0.2222222222222222,0.125,0.3076923076923077,0.23076923076923078,0.25,0.5,0.5,0.3333333333333333,0.625,0.25,0.4444444444444444,0.375,0.5,0.375,0.5555555555555556,0.375,0.5555555555555556,0.625,0.38461538461538464,0.125,0.3333333333333333,0.2727272727272727,0.25,0.2,0.25,0.2222222222222222,0.5,0.5,0.125,0.0,0.5,0.125,0.3333333333333333,0.375,0.45454545454545453,0.3333333333333333,0.3333333333333333,0.0,0.375,0.5,0.4444444444444444,1.0,0.25,0.5,0.6666666666666666,0.4444444444444444,0.2,0.2,0.5,0.125,0.25,0.3,0.5,0.5,0.125,0.4166666666666667,0.5,0.375,0.4444444444444444,0.6,0.5,0.375,0.3,0.5555555555555556,0.5,0.6,0.375,0.375,0.3333333333333333,0.3,0.2222222222222222,0.75,0.375,0.125,0.375,0.4444444444444444,0.5,0.5,0.125,0.25
5912,0.09090909090909091,0.3333333333333333,0.0,0.16666666666666666,0.2727272727272727,0.1111111111111111,0.18181818181818182,0.25,0.2,0.0,0.1111111111111111,0.2222222222222222,0.14285714285714285,0.1,0.0,0.42857142857142855,0.2,0.3076923076923077,0.16666666666666666,0.0,0.0,0.09090909090909091,0.1111111111111111,0.125,0.0,0.0,0.0,0.09090909090909091,0.25,0.1111111111111111,0.0,0.08333333333333333,0.0,0.2,0.18181818181818182,0.2222222222222222,0.0,0.3333333333333333,0.125,0.0,0.2857142857142857,0.1,0.14285714285714285,0.1,0.2,0.16666666666666666,0.23076923076923078,0.14285714285714285,0.25,0.0,0.3333333333333333,0.125,0.2857142857142857,0.1,0.14285714285714285,0.125,0.14285714285714285,0.125,0.2222222222222222,0.25,0.0,0.15384615384615385,0.21428571428571427,0.16666666666666666,0.09090909090909091,0.0,0.0,0.14285714285714285,0.0,0.08333333333333333,0.2,0.0,0.16666666666666666,0.25,0.16666666666666666,0.0,0.14285714285714285,0.0,0.0,0.2,0.0,0.0,0.25,0.16666666666666666,0.25,0.16666666666666666,0.14285714285714285,0.0,0.5,0.125,0.16666666666666666,0.0,0.25,0.0,0.0,0.0,0.25,0.25,0.0,0.0,0.25,0.0,0.0,0.0,0.4,0.0,0.25,0.25,0.2857142857142857,0.14285714285714285,0.0,0.3333333333333333,0.25,0.2,0.0,0.0,0.3333333333333333,0.16666666666666666,0.125,0.0,0.0,0.25,0.2222222222222222,0.2,0.25,0.0,0.0,0.25,0.15384615384615385,0.0,0.2222222222222222,0.0,0.4,0.1111111111111111,0.16666666666666666,0.23076923076923078,0.23076923076923078,0.3333333333333333,0.42857142857142855,0.3333333333333333,0.13333333333333333,0.25,0.25,0.4444444444444444,0.42857142857142855,0.3,0.42857142857142855,0.2222222222222222,0.5,0.4444444444444444,0.25,0.15384615384615385,0.25,0.2222222222222222,0.2727272727272727,0.14285714285714285,0.2,0.3333333333333333,0.0,0.0,0.16666666666666666,0.4,0.3333333333333333,0.1,0.16666666666666666,0.3333333333333333,0.125,0.09090909090909091,0.16666666666666666,0.2222222222222222,0.2,0.2857142857142857,0.2857142857142857,0.2222222222222222,0.25,1.0,0.42857142857142855,0.2222222222222222,0.3333333333333333,0.2,0.2,0.42857142857142855,0.42857142857142855,0.2857142857142857,0.3,0.375,0.3,0.5,0.16666666666666666,0.25,0.25,0.2222222222222222,0.3,0.3333333333333333,0.125,0.3,0.3333333333333333,0.3333333333333333,0.2,0.4,0.125,0.3333333333333333,0.2,0.3333333333333333,0.25,0.2,0.3333333333333333,0.42857142857142855,0.2222222222222222,0.2857142857142857,0.14285714285714285,0.0,0.3333333333333333
5913,0.2727272727272727,0.3333333333333333,0.0,0.14285714285714285,0.36363636363636365,0.2222222222222222,0.2727272727272727,0.3333333333333333,0.26666666666666666,0.2727272727272727,0.3333333333333333,0.3333333333333333,0.2857142857142857,0.2,0.5,0.5714285714285714,0.4,0.3076923076923077,0.3333333333333333,0.42857142857142855,0.18181818181818182,0.2727272727272727,0.3333333333333333,0.125,0.14285714285714285,0.14285714285714285,0.2857142857142857,0.2727272727272727,0.14285714285714285,0.4444444444444444,0.14285714285714285,0.16666666666666666,0.14285714285714285,0.3,0.18181818181818182,0.2222222222222222,0.2,0.4444444444444444,0.125,0.125,0.42857142857142855,0.3,0.21428571428571427,0.4,0.4,0.2857142857142857,0.23076923076923078,0.2857142857142857,0.5,0.0,0.4444444444444444,0.25,0.2857142857142857,0.5,0.42857142857142855,0.25,0.2857142857142857,0.375,0.3333333333333333,0.125,0.2857142857142857,0.3076923076923077,0.42857142857142855,0.42857142857142855,0.2727272727272727,0.14285714285714285,0.25,0.2857142857142857,0.2857142857142857,0.25,0.2857142857142857,0.2857142857142857,0.2857142857142857,0.2857142857142857,0.2857142857142857,0.0,0.14285714285714285,0.2857142857142857,0.42857142857142855,0.42857142857142855,0.14285714285714285,0.14285714285714285,0.14285714285714285,0.42857142857142855,0.14285714285714285,0.42857142857142855,0.42857142857142855,0.2,0.2857142857142857,0.25,0.2857142857142857,0.14285714285714285,0.14285714285714285,0.2857142857142857,0.0,0.0,0.2857142857142857,0.14285714285714285,0.14285714285714285,0.0,0.375,0.0,0.0,0.2857142857142857,0.2857142857142857,0.0,0.2857142857142857,0.14285714285714285,0.42857142857142855,0.2857142857142857,0.2857142857142857,0.2857142857142857,0.375,0.14285714285714285,0.14285714285714285,0.14285714285714285,0.14285714285714285,0.42857142857142855,0.125,0.14285714285714285,0.25,0.14285714285714285,0.3333333333333333,0.14285714285714285,0.2857142857142857,0.2857142857142857,0.23076923076923078,0.25,0.3076923076923077,0.14285714285714285,0.4444444444444444,0.375,0.42857142857142855,0.4444444444444444,0.2857142857142857,0.38461538461538464,0.38461538461538464,0.2857142857142857,0.7142857142857143,0.2857142857142857,0.26666666666666666,0.375,0.625,0.5555555555555556,0.5714285714285714,0.5,0.5714285714285714,0.4444444444444444,0.5714285714285714,0.3333333333333333,0.5,0.3076923076923077,0.2857142857142857,0.2222222222222222,0.45454545454545453,0.2857142857142857,0.3,0.3333333333333333,0.2222222222222222,0.2857142857142857,0.42857142857142855,0.42857142857142855,0.14285714285714285,0.2,0.0,0.4444444444444444,0.375,0.2727272727272727,0.25,0.2222222222222222,0.14285714285714285,0.42857142857142855,0.5714285714285714,0.4444444444444444,0.5,0.42857142857142855,1.0,0.4444444444444444,0.4444444444444444,0.3,0.2,0.42857142857142855,0.42857142857142855,0.2857142857142857,0.3,0.5,0.5,0.2857142857142857,0.3333333333333333,0.5,0.375,0.4444444444444444,0.4,0.3333333333333333,0.375,0.3,0.5555555555555556,0.7142857142857143,0.4,0.2857142857142857,0.25,0.2222222222222222,0.4,0.4444444444444444,0.375,0.42857142857142855,0.2857142857142857,0.5714285714285714,0.2222222222222222,0.5714285714285714,0.2857142857142857,0.2857142857142857,0.2857142857142857
5914,0.18181818181818182,0.3333333333333333,0.2222222222222222,0.1111111111111111,0.2727272727272727,0.5555555555555556,0.36363636363636365,0.4166666666666667,0.4666666666666667,0.36363636363636365,0.5555555555555556,0.4444444444444444,0.4444444444444444,0.3,0.3333333333333333,0.4444444444444444,0.5,0.46153846153846156,0.3333333333333333,0.3333333333333333,0.45454545454545453,0.36363636363636365,0.2222222222222222,0.4444444444444444,0.2222222222222222,0.3333333333333333,0.3333333333333333,0.2727272727272727,0.1111111111111111,0.5555555555555556,0.3333333333333333,0.25,0.2222222222222222,0.2,0.2727272727272727,0.1111111111111111,0.2,0.1111111111111111,0.1111111111111111,0.4444444444444444,0.3333333333333333,0.4,0.21428571428571427,0.5,0.4,0.4444444444444444,0.38461538461538464,0.5555555555555556,0.4444444444444444,0.3333333333333333,0.6666666666666666,0.4444444444444444,0.4444444444444444,0.5,0.3333333333333333,0.2222222222222222,0.3333333333333333,0.2222222222222222,0.5555555555555556,0.1111111111111111,0.2222222222222222,0.38461538461538464,0.42857142857142855,0.1111111111111111,0.45454545454545453,0.2222222222222222,0.6666666666666666,0.3333333333333333,0.1111111111111111,0.08333333333333333,0.0,0.1111111111111111,0.2222222222222222,0.3333333333333333,0.2222222222222222,0.1111111111111111,0.1111111111111111,0.1111111111111111,0.2222222222222222,0.2222222222222222,0.2222222222222222,0.3333333333333333,0.2222222222222222,0.3333333333333333,0.2222222222222222,0.2222222222222222,0.2222222222222222,0.2,0.2222222222222222,0.2222222222222222,0.1111111111111111,0.1111111111111111,0.2222222222222222,0.2222222222222222,0.1111111111111111,0.1111111111111111,0.3333333333333333,0.2222222222222222,0.1111111111111111,0.1111111111111111,0.3333333333333333,0.1111111111111111,0.1111111111111111,0.3333333333333333,0.2222222222222222,0.1111111111111111,0.3333333333333333,0.2222222222222222,0.3333333333333333,0.1111111111111111,0.2222222222222222,0.2222222222222222,0.0,0.2222222222222222,0.2222222222222222,0.1111111111111111,0.1111111111111111,0.2222222222222222,0.0,0.2222222222222222,0.3333333333333333,0.2222222222222222,0.3333333333333333,0.1111111111111111,0.2222222222222222,0.2222222222222222,0.46153846153846156,0.1111111111111111,0.3076923076923077,0.3333333333333333,0.1111111111111111,0.4444444444444444,0.2222222222222222,0.3333333333333333,0.1111111111111111,0.38461538461538464,0.3076923076923077,0.2222222222222222,0.3333333333333333,0.3333333333333333,0.3333333333333333,0.5555555555555556,0.3333333333333333,0.5555555555555556,0.4444444444444444,0.6,0.4444444444444444,0.6666666666666666,0.4444444444444444,0.5555555555555556,0.6666666666666666,0.46153846153846156,0.3333333333333333,0.5555555555555556,0.36363636363636365,0.1111111111111111,0.5,0.25,0.3333333333333333,0.3333333333333333,0.5555555555555556,0.3333333333333333,0.2222222222222222,0.6,0.3333333333333333,0.4444444444444444,0.2222222222222222,0.36363636363636365,0.25,0.4444444444444444,0.2222222222222222,0.2222222222222222,0.3333333333333333,0.2222222222222222,0.6666666666666666,0.2222222222222222,0.4444444444444444,1.0,0.5555555555555556,0.3,0.3,0.3333333333333333,0.2222222222222222,0.1111111111111111,0.5,0.6666666666666666,0.5,0.2222222222222222,0.5,0.6666666666666666,0.3333333333333333,0.6666666666666666,0.7,0.5833333333333334,0.3333333333333333,0.3,0.5555555555555556,0.5555555555555556,0.5,0.4444444444444444,0.4444444444444444,0.3333333333333333,0.4,0.5555555555555556,0.5555555555555556,0.2222222222222222,0.1111111111111111,0.4444444444444444,0.4444444444444444,0.5555555555555556,0.4444444444444444,0.2222222222222222,0.2222222222222222
5920,0.45454545454545453,0.4444444444444444,0.1111111111111111,0.2222222222222222,0.36363636363636365,0.3333333333333333,0.09090909090909091,0.25,0.4666666666666667,0.2727272727272727,0.4444444444444444,0.4444444444444444,0.2222222222222222,0.3,0.2222222222222222,0.5555555555555556,0.3,0.3076923076923077,0.4166666666666667,0.3333333333333333,0.45454545454545453,0.2727272727272727,0.2222222222222222,0.2222222222222222,0.1111111111111111,0.1111111111111111,0.2222222222222222,0.36363636363636365,0.1111111111111111,0.3333333333333333,0.1111111111111111,0.25,0.0,0.2,0.5454545454545454,0.4444444444444444,0.5,0.4444444444444444,0.3333333333333333,0.4444444444444444,0.3333333333333333,0.3,0.35714285714285715,0.2,0.4,0.5555555555555556,0.5384615384615384,0.4444444444444444,0.1111111111111111,0.1111111111111111,0.3333333333333333,0.4444444444444444,0.4444444444444444,0.3,0.2222222222222222,0.3333333333333333,0.3333333333333333,0.4444444444444444,0.3333333333333333,0.1111111111111111,0.2222222222222222,0.38461538461538464,0.5,0.1111111111111111,0.45454545454545453,0.2222222222222222,0.3333333333333333,0.4444444444444444,0.2222222222222222,0.25,0.0,0.3333333333333333,0.4444444444444444,0.3333333333333333,0.3333333333333333,0.1111111111111111,0.2222222222222222,0.1111111111111111,0.3333333333333333,0.3333333333333333,0.2222222222222222,0.3333333333333333,0.2222222222222222,0.4444444444444444,0.3333333333333333,0.5555555555555556,0.4444444444444444,0.4,0.3333333333333333,0.2222222222222222,0.3333333333333333,0.2222222222222222,0.3333333333333333,0.2222222222222222,0.1111111111111111,0.2222222222222222,0.4444444444444444,0.4444444444444444,0.1111111111111111,0.1111111111111111,0.4444444444444444,0.1111111111111111,0.1111111111111111,0.5555555555555556,0.3333333333333333,0.1111111111111111,0.4444444444444444,0.2222222222222222,0.4444444444444444,0.2222222222222222,0.4444444444444444,0.4444444444444444,0.3333333333333333,0.1111111111111111,0.2222222222222222,0.0,0.2222222222222222,0.4444444444444444,0.3333333333333333,0.2222222222222222,0.3333333333333333,0.2222222222222222,0.6666666666666666,0.2222222222222222,0.2222222222222222,0.3333333333333333,0.38461538461538464,0.4444444444444444,0.15384615384615385,0.3333333333333333,0.3333333333333333,0.3333333333333333,0.2222222222222222,0.4444444444444444,0.2222222222222222,0.5384615384615384,0.23076923076923078,0.3333333333333333,0.4444444444444444,0.4444444444444444,0.3333333333333333,0.1111111111111111,0.3333333333333333,0.3333333333333333,0.3333333333333333,0.3,0.3333333333333333,0.5555555555555556,0.4444444444444444,0.6666666666666666,0.5555555555555556,0.38461538461538464,0.3333333333333333,0.6666666666666666,0.36363636363636365,0.2222222222222222,0.7,0.4166666666666667,0.3333333333333333,0.4444444444444444,0.4444444444444444,0.3333333333333333,0.3333333333333333,0.3,0.4444444444444444,0.4444444444444444,0.2222222222222222,0.36363636363636365,0.5,0.4444444444444444,0.3333333333333333,0.3333333333333333,0.3333333333333333,0.4444444444444444,0.4444444444444444,0.3333333333333333,0.4444444444444444,0.5555555555555556,1.0,0.2,0.7,0.4444444444444444,0.4444444444444444,0.4444444444444444,0.6,0.4444444444444444,0.6,0.2222222222222222,0.3333333333333333,0.7777777777777778,0.4444444444444444,0.3333333333333333,0.6,0.4166666666666667,0.6666666666666666,0.5,0.4444444444444444,0.4444444444444444,0.6,0.5555555555555556,0.3333333333333333,0.4444444444444444,0.3,0.4444444444444444,0.5555555555555556,0.3333333333333333,0.2222222222222222,0.2222222222222222,0.2222222222222222,0.3333333333333333,0.4444444444444444,0.2222222222222222,0.2222222222222222
6190,0.45454545454545453,0.6,0.2,0.1,0.45454545454545453,0.4,0.5454545454545454,0.6666666666666666,0.4666666666666667,0.5454545454545454,0.4,0.3,0.2,0.6,0.4,0.3,0.4,0.46153846153846156,0.4166666666666667,0.4,0.36363636363636365,0.5454545454545454,0.4,0.4,0.4,0.2,0.4,0.45454545454545453,0.3,0.5,0.3,0.5,0.4,0.6,0.36363636363636365,0.5,0.4,0.4,0.4,0.2,0.2,0.3,0.5,0.5,0.6,0.2,0.46153846153846156,0.2,0.5,0.3,0.3,0.3,0.3,0.4,0.2,0.3,0.1,0.4,0.2,0.6,0.2,0.6153846153846154,0.5714285714285714,0.4,0.2727272727272727,0.3,0.4,0.1,0.2,0.5833333333333334,0.3,0.1,0.2,0.1,0.1,0.2,0.3,0.0,0.2,0.1,0.1,0.0,0.1,0.2,0.0,0.0,0.3,0.5,0.0,0.4,0.2,0.0,0.1,0.1,0.2,0.1,0.1,0.1,0.1,0.1,0.3,0.1,0.2,0.1,0.2,0.3,0.1,0.0,0.2,0.3,0.1,0.3,0.4,0.2,0.0,0.2,0.4,0.2,0.5,0.4,0.5,0.1,0.3,0.1,0.1,0.3,0.46153846153846156,0.3,0.5384615384615384,0.2,0.5,0.5,0.3,0.4,0.4,0.46153846153846156,0.6153846153846154,0.3,0.4,0.2,0.4666666666666667,0.5,0.4,0.5,0.5,0.7,0.5,0.5,0.4,0.4,0.4,0.46153846153846156,0.1,0.4,0.6363636363636364,0.4,0.5,0.5833333333333334,0.6,0.3,0.3,0.2,0.5,0.6,0.3,0.4,0.3,0.6363636363636364,0.5833333333333334,0.6,0.4,0.4,0.4,0.3,0.2,0.2,0.3,0.3,0.2,1.0,0.4,0.4,0.4,0.3,0.3,0.4,0.5,0.3,0.5833333333333334,0.2,0.4,0.5,0.5,0.5833333333333334,0.4,0.6,0.5,0.2,0.4,0.1,0.4,0.4,0.8,0.5,0.3,0.1,0.5,0.6,0.5,0.4,0.3,0.1,0.4
6201,0.7272727272727273,0.5,0.3,0.4,0.5454545454545454,0.3,0.2727272727272727,0.4166666666666667,0.5333333333333333,0.36363636363636365,0.3,0.5,0.3,0.5,0.3,0.3,0.3,0.38461538461538464,0.5,0.3,0.6363636363636364,0.45454545454545453,0.5,0.2,0.0,0.0,0.2,0.5454545454545454,0.2,0.2,0.2,0.5,0.1,0.4,0.7272727272727273,0.6,0.7,0.5,0.6,0.4,0.3,0.4,0.5,0.2,0.6,0.4,0.6153846153846154,0.3,0.1,0.1,0.2,0.3,0.4,0.2,0.3,0.5,0.4,0.4,0.3,0.3,0.3,0.46153846153846156,0.5,0.2,0.5454545454545454,0.3,0.3,0.5,0.4,0.5,0.2,0.3,0.4,0.1,0.3,0.1,0.4,0.0,0.5,0.2,0.1,0.2,0.1,0.3,0.2,0.4,0.4,0.6,0.2,0.4,0.4,0.2,0.2,0.1,0.2,0.2,0.3,0.3,0.2,0.1,0.4,0.1,0.2,0.5,0.3,0.1,0.3,0.1,0.4,0.4,0.4,0.4,0.5,0.2,0.1,0.0,0.4,0.4,0.6,0.3,0.3,0.2,0.5,0.4,0.1,0.3,0.46153846153846156,0.6,0.38461538461538464,0.3,0.5,0.2,0.0,0.3,0.3,0.6153846153846154,0.46153846153846156,0.5,0.3,0.3,0.4666666666666667,0.0,0.5,0.3,0.2,0.1,0.2,0.4,0.2,0.5,0.3,0.46153846153846156,0.2,0.6,0.36363636363636365,0.4,0.7,0.5,0.5,0.4,0.3,0.2,0.5,0.3,0.4,0.4,0.5,0.45454545454545453,0.5833333333333334,0.4,0.3,0.3,0.2,0.5,0.2,0.2,0.2,0.3,0.7,0.4,1.0,0.3,0.4,0.3,0.6,0.2,0.5,0.2,0.4166666666666667,0.5,0.5,0.3,0.5,0.4166666666666667,0.5,0.5,0.3,0.2,0.4,0.4,0.4,0.5,0.4,0.3,0.3,0.2,0.3,0.2,0.3,0.1,0.3,0.2,0.2
6202,0.2727272727272727,0.5555555555555556,0.14285714285714285,0.14285714285714285,0.18181818181818182,0.3333333333333333,0.18181818181818182,0.25,0.3333333333333333,0.18181818181818182,0.2222222222222222,0.2222222222222222,0.14285714285714285,0.1,0.0,0.8571428571428571,0.2,0.46153846153846156,0.16666666666666666,0.0,0.2727272727272727,0.09090909090909091,0.1111111111111111,0.125,0.2857142857142857,0.14285714285714285,0.14285714285714285,0.09090909090909091,0.42857142857142855,0.3333333333333333,0.14285714285714285,0.08333333333333333,0.14285714285714285,0.2,0.36363636363636365,0.3333333333333333,0.3,0.2222222222222222,0.125,0.5,0.14285714285714285,0.0,0.2857142857142857,0.2,0.2,0.5714285714285714,0.38461538461538464,0.42857142857142855,0.375,0.14285714285714285,0.2222222222222222,0.375,0.2857142857142857,0.2,0.14285714285714285,0.0,0.0,0.25,0.1111111111111111,0.375,0.0,0.15384615384615385,0.2857142857142857,0.2857142857142857,0.18181818181818182,0.0,0.125,0.0,0.0,0.3333333333333333,0.2857142857142857,0.2857142857142857,0.2857142857142857,0.14285714285714285,0.2857142857142857,0.14285714285714285,0.14285714285714285,0.0,0.0,0.2857142857142857,0.14285714285714285,0.14285714285714285,0.2857142857142857,0.2857142857142857,0.0,0.14285714285714285,0.2857142857142857,0.4,0.14285714285714285,0.0,0.0,0.14285714285714285,0.0,0.0,0.0,0.14285714285714285,0.2857142857142857,0.0,0.0,0.0,0.5,0.0,0.0,0.2857142857142857,0.14285714285714285,0.2857142857142857,0.2857142857142857,0.14285714285714285,0.5714285714285714,0.14285714285714285,0.2857142857142857,0.42857142857142855,0.125,0.14285714285714285,0.0,0.0,0.2857142857142857,0.42857142857142855,0.125,0.14285714285714285,0.125,0.14285714285714285,0.3333333333333333,0.0,0.14285714285714285,0.14285714285714285,0.23076923076923078,0.25,0.23076923076923078,0.14285714285714285,0.2222222222222222,0.25,0.5714285714285714,0.3333333333333333,0.2857142857142857,0.38461538461538464,0.3076923076923077,0.42857142857142855,0.7142857142857143,0.7142857142857143,0.26666666666666666,0.375,0.25,0.3333333333333333,0.42857142857142855,0.5,0.42857142857142855,0.5555555555555556,0.42857142857142855,0.5555555555555556,0.625,0.15384615384615385,0.14285714285714285,0.5555555555555556,0.36363636363636365,0.42857142857142855,0.3,0.5,0.2222222222222222,0.2857142857142857,0.42857142857142855,0.2857142857142857,0.14285714285714285,0.3,0.2857142857142857,0.4444444444444444,0.25,0.36363636363636365,0.4166666666666667,0.3333333333333333,0.2857142857142857,0.42857142857142855,0.5714285714285714,0.2222222222222222,0.5,0.42857142857142855,0.42857142857142855,0.3333333333333333,0.4444444444444444,0.4,0.3,1.0,0.42857142857142855,0.42857142857142855,0.4,0.5,0.6,0.42857142857142855,0.5,0.5,0.625,0.4444444444444444,0.5,0.4166666666666667,0.5,0.5,0.4444444444444444,0.2857142857142857,0.5,0.5714285714285714,0.25,0.5555555555555556,0.4,0.3333333333333333,0.5,0.2857142857142857,0.42857142857142855,0.42857142857142855,0.2222222222222222,0.42857142857142855,0.42857142857142855,0.0,0.42857142857142855
6209,0.36363636363636365,0.4444444444444444,0.0,0.2857142857142857,0.36363636363636365,0.3333333333333333,0.2727272727272727,0.25,0.2,0.18181818181818182,0.4444444444444444,0.3333333333333333,0.0,0.2,0.125,0.2857142857142857,0.1,0.38461538461538464,0.25,0.14285714285714285,0.18181818181818182,0.2727272727272727,0.2222222222222222,0.25,0.14285714285714285,0.14285714285714285,0.2857142857142857,0.36363636363636365,0.2857142857142857,0.4444444444444444,0.14285714285714285,0.3333333333333333,0.14285714285714285,0.4,0.2727272727272727,0.3333333333333333,0.4,0.4444444444444444,0.375,0.25,0.2857142857142857,0.2,0.42857142857142855,0.4,0.2,0.2857142857142857,0.3076923076923077,0.2857142857142857,0.25,0.14285714285714285,0.2222222222222222,0.125,0.42857142857142855,0.3,0.14285714285714285,0.375,0.42857142857142855,0.5,0.4444444444444444,0.375,0.2857142857142857,0.3076923076923077,0.42857142857142855,0.2857142857142857,0.2727272727272727,0.14285714285714285,0.125,0.2857142857142857,0.2857142857142857,0.3333333333333333,0.2857142857142857,0.0,0.14285714285714285,0.14285714285714285,0.2857142857142857,0.2857142857142857,0.2857142857142857,0.14285714285714285,0.2857142857142857,0.14285714285714285,0.2857142857142857,0.14285714285714285,0.2857142857142857,0.42857142857142855,0.2857142857142857,0.42857142857142855,0.42857142857142855,0.3,0.42857142857142855,0.25,0.42857142857142855,0.2857142857142857,0.2857142857142857,0.2857142857142857,0.14285714285714285,0.14285714285714285,0.2857142857142857,0.42857142857142855,0.2857142857142857,0.14285714285714285,0.375,0.14285714285714285,0.14285714285714285,0.14285714285714285,0.5714285714285714,0.2857142857142857,0.2857142857142857,0.14285714285714285,0.42857142857142855,0.42857142857142855,0.0,0.2857142857142857,0.5,0.2857142857142857,0.14285714285714285,0.14285714285714285,0.42857142857142855,0.2857142857142857,0.375,0.2857142857142857,0.25,0.14285714285714285,0.3333333333333333,0.42857142857142855,0.2857142857142857,0.2857142857142857,0.23076923076923078,0.375,0.3076923076923077,0.2857142857142857,0.3333333333333333,0.25,0.2857142857142857,0.3333333333333333,0.0,0.3076923076923077,0.38461538461538464,0.42857142857142855,0.2857142857142857,0.2857142857142857,0.26666666666666666,0.25,0.25,0.4444444444444444,0.5714285714285714,0.3,0.42857142857142855,0.3333333333333333,0.42857142857142855,0.4444444444444444,0.125,0.15384615384615385,0.2857142857142857,0.3333333333333333,0.5454545454545454,0.14285714285714285,0.5,0.5,0.1111111111111111,0.14285714285714285,0.14285714285714285,0.42857142857142855,0.42857142857142855,0.3,0.42857142857142855,0.5555555555555556,0.25,0.18181818181818182,0.4166666666666667,0.3333333333333333,0.42857142857142855,0.42857142857142855,0.2857142857142857,0.3333333333333333,0.125,0.42857142857142855,0.42857142857142855,0.2222222222222222,0.4444444444444444,0.4,0.4,0.42857142857142855,1.0,0.5714285714285714,0.6,0.375,0.6,0.42857142857142855,0.25,0.25,0.5,0.4444444444444444,0.4,0.3333333333333333,0.375,0.6,0.4444444444444444,0.14285714285714285,0.2,0.2857142857142857,0.25,0.3333333333333333,0.4,0.4444444444444444,0.25,0.42857142857142855,0.42857142857142855,0.2857142857142857,0.3333333333333333,0.42857142857142855,0.2857142857142857,0.2857142857142857,0.42857142857142855
6311,0.45454545454545453,0.4444444444444444,0.0,0.42857142857142855,0.36363636363636365,0.2222222222222222,0.2727272727272727,0.16666666666666666,0.3333333333333333,0.36363636363636365,0.3333333333333333,0.3333333333333333,0.14285714285714285,0.3,0.25,0.2857142857142857,0.2,0.3076923076923077,0.5,0.14285714285714285,0.18181818181818182,0.2727272727272727,0.2222222222222222,0.375,0.2857142857142857,0.2857142857142857,0.42857142857142855,0.36363636363636365,0.14285714285714285,0.3333333333333333,0.2857142857142857,0.4166666666666667,0.2857142857142857,0.4,0.45454545454545453,0.3333333333333333,0.5,0.5555555555555556,0.375,0.25,0.42857142857142855,0.3,0.42857142857142855,0.3,0.1,0.14285714285714285,0.3076923076923077,0.14285714285714285,0.25,0.14285714285714285,0.2222222222222222,0.375,0.14285714285714285,0.2,0.2857142857142857,0.375,0.2857142857142857,0.375,0.2222222222222222,0.375,0.2857142857142857,0.23076923076923078,0.2857142857142857,0.2857142857142857,0.36363636363636365,0.14285714285714285,0.125,0.14285714285714285,0.2857142857142857,0.4166666666666667,0.14285714285714285,0.14285714285714285,0.14285714285714285,0.2857142857142857,0.5714285714285714,0.2857142857142857,0.42857142857142855,0.14285714285714285,0.14285714285714285,0.42857142857142855,0.14285714285714285,0.14285714285714285,0.2857142857142857,0.42857142857142855,0.14285714285714285,0.42857142857142855,0.5714285714285714,0.4,0.42857142857142855,0.375,0.42857142857142855,0.2857142857142857,0.2857142857142857,0.2857142857142857,0.14285714285714285,0.2857142857142857,0.14285714285714285,0.2857142857142857,0.14285714285714285,0.14285714285714285,0.5,0.14285714285714285,0.14285714285714285,0.2857142857142857,0.42857142857142855,0.2857142857142857,0.14285714285714285,0.14285714285714285,0.42857142857142855,0.42857142857142855,0.14285714285714285,0.5714285714285714,0.5,0.14285714285714285,0.0,0.2857142857142857,0.42857142857142855,0.2857142857142857,0.5,0.2857142857142857,0.375,0.14285714285714285,0.6666666666666666,0.2857142857142857,0.42857142857142855,0.42857142857142855,0.3076923076923077,0.625,0.23076923076923078,0.14285714285714285,0.4444444444444444,0.375,0.2857142857142857,0.4444444444444444,0.2857142857142857,0.38461538461538464,0.23076923076923078,0.14285714285714285,0.2857142857142857,0.2857142857142857,0.4,0.375,0.25,0.3333333333333333,0.2857142857142857,0.3,0.14285714285714285,0.1111111111111111,0.2857142857142857,0.4444444444444444,0.25,0.23076923076923078,0.0,0.3333333333333333,0.36363636363636365,0.14285714285714285,0.3,0.5,0.2222222222222222,0.42857142857142855,0.14285714285714285,0.42857142857142855,0.2857142857142857,0.2,0.2857142857142857,0.3333333333333333,0.125,0.2727272727272727,0.4166666666666667,0.4444444444444444,0.2857142857142857,0.42857142857142855,0.42857142857142855,0.3333333333333333,0.25,0.2857142857142857,0.2857142857142857,0.1111111111111111,0.4444444444444444,0.3,0.3,0.42857142857142855,0.5714285714285714,1.0,0.5,0.125,0.5,0.0,0.3333333333333333,0.25,0.25,0.1111111111111111,0.3,0.25,0.5,0.6,0.3333333333333333,0.14285714285714285,0.3,0.2857142857142857,0.125,0.4444444444444444,0.2,0.4444444444444444,0.375,0.2857142857142857,0.2857142857142857,0.2857142857142857,0.2222222222222222,0.2857142857142857,0.2857142857142857,0.2857142857142857,0.42857142857142855
6810,0.5454545454545454,0.4,0.1,0.3,0.45454545454545453,0.5,0.36363636363636365,0.25,0.4666666666666667,0.36363636363636365,0.5,0.6,0.3,0.4,0.2,0.3,0.3,0.6153846153846154,0.5,0.1,0.45454545454545453,0.36363636363636365,0.3,0.3,0.1,0.2,0.3,0.45454545454545453,0.3,0.5,0.3,0.5,0.2,0.4,0.5454545454545454,0.3,0.6,0.5,0.4,0.5,0.4,0.4,0.5,0.4,0.3,0.3,0.46153846153846156,0.3,0.3,0.2,0.4,0.3,0.3,0.3,0.3,0.4,0.5,0.4,0.5,0.3,0.3,0.23076923076923078,0.42857142857142855,0.2,0.5454545454545454,0.1,0.3,0.4,0.3,0.4166666666666667,0.2,0.1,0.2,0.2,0.4,0.2,0.3,0.1,0.3,0.2,0.2,0.1,0.3,0.3,0.2,0.3,0.4,0.5,0.4,0.3,0.3,0.2,0.2,0.2,0.1,0.1,0.2,0.3,0.2,0.1,0.5,0.1,0.1,0.3,0.4,0.2,0.2,0.2,0.5,0.4,0.1,0.4,0.4,0.3,0.1,0.1,0.4,0.3,0.4,0.2,0.2,0.2,0.5,0.4,0.3,0.4,0.38461538461538464,0.5,0.38461538461538464,0.4,0.4,0.3,0.2,0.4,0.1,0.5384615384615384,0.38461538461538464,0.3,0.2,0.3,0.4666666666666667,0.3,0.4,0.5,0.3,0.4,0.2,0.3,0.3,0.5,0.3,0.38461538461538464,0.2,0.6,0.5454545454545454,0.2,0.6,0.5833333333333334,0.3,0.2,0.2,0.4,0.3,0.4,0.4,0.7,0.4,0.18181818181818182,0.4166666666666667,0.4,0.3,0.3,0.3,0.3,0.3,0.3,0.3,0.5,0.6,0.3,0.6,0.4,0.6,0.5,1.0,0.4,0.7,0.2,0.5,0.4,0.4,0.4,0.6,0.5,0.4,0.6,0.5,0.2,0.4,0.4,0.4,0.6,0.4,0.5,0.3,0.2,0.3,0.2,0.3,0.3,0.2,0.3,0.3
6910,0.0,0.2222222222222222,0.0,0.0,0.2727272727272727,0.4444444444444444,0.36363636363636365,0.4166666666666667,0.3333333333333333,0.36363636363636365,0.5555555555555556,0.3333333333333333,0.375,0.3,0.25,0.625,0.5,0.46153846153846156,0.25,0.25,0.2727272727272727,0.2727272727272727,0.1111111111111111,0.375,0.375,0.25,0.125,0.18181818181818182,0.25,0.4444444444444444,0.25,0.16666666666666666,0.125,0.3,0.09090909090909091,0.3333333333333333,0.1,0.2222222222222222,0.0,0.5,0.375,0.3,0.35714285714285715,0.4,0.4,0.5,0.46153846153846156,0.625,0.625,0.5,0.5555555555555556,0.625,0.5,0.5,0.25,0.25,0.375,0.375,0.5555555555555556,0.375,0.25,0.38461538461538464,0.42857142857142855,0.125,0.2727272727272727,0.25,0.5,0.375,0.125,0.25,0.25,0.25,0.25,0.375,0.25,0.125,0.0,0.125,0.25,0.25,0.25,0.25,0.25,0.375,0.25,0.25,0.25,0.2,0.25,0.25,0.125,0.125,0.25,0.25,0.125,0.125,0.375,0.25,0.125,0.125,0.5,0.125,0.125,0.25,0.25,0.25,0.375,0.25,0.5,0.125,0.125,0.25,0.125,0.375,0.25,0.125,0.125,0.25,0.0,0.25,0.25,0.25,0.2222222222222222,0.125,0.25,0.25,0.3076923076923077,0.125,0.3076923076923077,0.5,0.2222222222222222,0.375,0.5,0.4444444444444444,0.25,0.3076923076923077,0.3076923076923077,0.375,0.5,0.5,0.26666666666666666,0.5,0.25,0.5555555555555556,0.5,0.7,0.625,0.6666666666666666,0.625,0.4444444444444444,0.625,0.38461538461538464,0.375,0.5555555555555556,0.45454545454545453,0.25,0.4,0.4166666666666667,0.2222222222222222,0.0,0.375,0.375,0.25,0.5,0.375,0.6666666666666666,0.25,0.2727272727272727,0.25,0.4444444444444444,0.375,0.125,0.25,0.3333333333333333,0.5,0.375,0.5,0.6666666666666666,0.4444444444444444,0.4,0.2,0.5,0.375,0.125,0.4,1.0,0.4,0.5,0.4166666666666667,0.625,0.5,0.5555555555555556,0.6,0.5,0.25,0.3,0.4444444444444444,0.375,0.6,0.375,0.5,0.4444444444444444,0.5,0.5555555555555556,0.5,0.375,0.375,0.5,0.4444444444444444,0.625,0.5,0.25,0.375
6920,0.5454545454545454,0.6,0.1,0.2,0.36363636363636365,0.4,0.2727272727272727,0.25,0.4,0.36363636363636365,0.4,0.4,0.1,0.2,0.2,0.5,0.2,0.46153846153846156,0.4166666666666667,0.2,0.45454545454545453,0.2727272727272727,0.2,0.1,0.1,0.1,0.3,0.2727272727272727,0.2,0.6,0.1,0.25,0.2,0.3,0.45454545454545453,0.3,0.6,0.4,0.2,0.4,0.2,0.1,0.42857142857142855,0.5,0.2,0.4,0.46153846153846156,0.3,0.4,0.1,0.3,0.3,0.2,0.4,0.2,0.2,0.2,0.4,0.3,0.2,0.2,0.3076923076923077,0.5,0.3,0.45454545454545453,0.1,0.3,0.1,0.2,0.4166666666666667,0.2,0.1,0.1,0.2,0.4,0.2,0.1,0.1,0.2,0.3,0.2,0.2,0.3,0.4,0.1,0.3,0.4,0.5,0.3,0.1,0.2,0.3,0.1,0.2,0.1,0.2,0.3,0.2,0.2,0.1,0.5,0.1,0.1,0.3,0.3,0.2,0.3,0.2,0.5,0.2,0.2,0.4,0.3,0.2,0.1,0.1,0.2,0.3,0.2,0.2,0.2,0.2,0.5,0.2,0.3,0.2,0.46153846153846156,0.4,0.3076923076923077,0.2,0.4,0.4,0.3,0.4,0.1,0.5384615384615384,0.38461538461538464,0.4,0.5,0.5,0.4,0.4,0.4,0.5,0.4,0.5,0.3,0.6,0.4,0.6,0.5,0.23076923076923078,0.2,0.6,0.5454545454545454,0.2,0.5,0.5833333333333334,0.3,0.4,0.4,0.4,0.2,0.5,0.3,0.6,0.3,0.45454545454545453,0.5833333333333334,0.4,0.3,0.4,0.5,0.3,0.5,0.3,0.5,0.5,0.6,0.5,0.5,0.6,0.6,0.5,0.7,0.4,1.0,0.3,0.5833333333333334,0.5,0.6,0.6,0.8,0.5,0.5,0.7,0.6,0.3,0.5,0.5,0.2,0.4,0.5,0.5,0.5,0.4,0.3,0.4,0.2,0.5,0.4,0.2,0.4
7010,0.0,0.2222222222222222,0.0,0.0,0.09090909090909091,0.1111111111111111,0.18181818181818182,0.25,0.13333333333333333,0.09090909090909091,0.3333333333333333,0.1111111111111111,0.0,0.1,0.0,0.42857142857142855,0.1,0.23076923076923078,0.0,0.0,0.18181818181818182,0.09090909090909091,0.1111111111111111,0.0,0.2,0.0,0.0,0.0,0.5,0.1111111111111111,0.0,0.0,0.0,0.1,0.0,0.2222222222222222,0.1,0.1111111111111111,0.0,0.25,0.0,0.0,0.21428571428571427,0.2,0.2,0.5,0.23076923076923078,0.42857142857142855,0.25,0.4,0.1111111111111111,0.25,0.42857142857142855,0.3,0.0,0.125,0.14285714285714285,0.25,0.2222222222222222,0.25,0.16666666666666666,0.23076923076923078,0.2857142857142857,0.16666666666666666,0.09090909090909091,0.2,0.125,0.14285714285714285,0.16666666666666666,0.16666666666666666,0.4,0.2,0.16666666666666666,0.25,0.16666666666666666,0.25,0.0,0.0,0.14285714285714285,0.0,0.25,0.25,0.25,0.3333333333333333,0.25,0.16666666666666666,0.14285714285714285,0.1,0.25,0.0,0.16666666666666666,0.25,0.25,0.25,0.25,0.25,0.5,0.25,0.25,0.25,0.375,0.25,0.25,0.14285714285714285,0.4,0.5,0.5,0.25,0.42857142857142855,0.0,0.0,0.16666666666666666,0.125,0.4,0.25,0.0,0.16666666666666666,0.16666666666666666,0.0,0.16666666666666666,0.0,0.25,0.0,0.2,0.25,0.0,0.15384615384615385,0.0,0.15384615384615385,0.3333333333333333,0.1111111111111111,0.125,0.4,0.2222222222222222,0.16666666666666666,0.15384615384615385,0.23076923076923078,0.5,0.42857142857142855,0.5,0.06666666666666667,0.125,0.125,0.2222222222222222,0.2857142857142857,0.3,0.42857142857142855,0.4444444444444444,0.3333333333333333,0.2222222222222222,0.25,0.07692307692307693,0.5,0.3333333333333333,0.2727272727272727,0.2857142857142857,0.2,0.25,0.1111111111111111,0.0,0.16666666666666666,0.4,0.16666666666666666,0.3,0.3333333333333333,0.4444444444444444,0.125,0.18181818181818182,0.25,0.2222222222222222,0.6,0.14285714285714285,0.14285714285714285,0.1111111111111111,0.125,0.5,0.2857142857142857,0.2222222222222222,0.2222222222222222,0.3,0.2,0.42857142857142855,0.42857142857142855,0.0,0.2,0.5,0.3,1.0,0.16666666666666666,0.25,0.5,0.4444444444444444,0.3,0.25,0.125,0.2,0.2222222222222222,0.16666666666666666,0.2,0.4,0.25,0.2222222222222222,0.3,0.3333333333333333,0.125,0.4,0.5,0.2857142857142857,0.1111111111111111,0.2857142857142857,0.2857142857142857,0.2,0.3333333333333333
7020,0.5833333333333334,0.5,0.25,0.25,0.4166666666666667,0.3333333333333333,0.5,0.5833333333333334,0.6,0.5833333333333334,0.3333333333333333,0.4166666666666667,0.3333333333333333,0.4166666666666667,0.3333333333333333,0.4166666666666667,0.3333333333333333,0.6923076923076923,0.5833333333333334,0.25,0.5,0.5833333333333334,0.4166666666666667,0.3333333333333333,0.25,0.16666666666666666,0.16666666666666666,0.4166666666666667,0.25,0.5,0.25,0.5,0.3333333333333333,0.5,0.5,0.3333333333333333,0.4166666666666667,0.25,0.25,0.4166666666666667,0.3333333333333333,0.3333333333333333,0.5,0.3333333333333333,0.5,0.3333333333333333,0.6153846153846154,0.3333333333333333,0.5833333333333334,0.25,0.3333333333333333,0.4166666666666667,0.25,0.3333333333333333,0.3333333333333333,0.25,0.25,0.08333333333333333,0.25,0.3333333333333333,0.25,0.38461538461538464,0.5,0.16666666666666666,0.5,0.16666666666666666,0.4166666666666667,0.16666666666666666,0.16666666666666666,0.5833333333333334,0.25,0.16666666666666666,0.25,0.08333333333333333,0.25,0.08333333333333333,0.16666666666666666,0.08333333333333333,0.25,0.3333333333333333,0.08333333333333333,0.08333333333333333,0.16666666666666666,0.25,0.0,0.16666666666666666,0.25,0.5833333333333334,0.16666666666666666,0.3333333333333333,0.16666666666666666,0.16666666666666666,0.0,0.08333333333333333,0.08333333333333333,0.08333333333333333,0.16666666666666666,0.0,0.16666666666666666,0.0,0.4166666666666667,0.0,0.08333333333333333,0.16666666666666666,0.16666666666666666,0.16666666666666666,0.16666666666666666,0.08333333333333333,0.4166666666666667,0.3333333333333333,0.25,0.25,0.16666666666666666,0.08333333333333333,0.0,0.16666666666666666,0.25,0.25,0.25,0.25,0.25,0.16666666666666666,0.4166666666666667,0.16666666666666666,0.16666666666666666,0.16666666666666666,0.6153846153846154,0.4166666666666667,0.6153846153846154,0.16666666666666666,0.3333333333333333,0.4166666666666667,0.25,0.4166666666666667,0.3333333333333333,0.6923076923076923,0.6153846153846154,0.25,0.4166666666666667,0.3333333333333333,0.6666666666666666,0.4166666666666667,0.5,0.5833333333333334,0.3333333333333333,0.5833333333333334,0.3333333333333333,0.5,0.25,0.4166666666666667,0.5833333333333334,0.5384615384615384,0.08333333333333333,0.5,0.5,0.25,0.4166666666666667,0.6666666666666666,0.4166666666666667,0.25,0.4166666666666667,0.25,0.3333333333333333,0.4166666666666667,0.25,0.4166666666666667,0.4166666666666667,0.5,0.5,0.5,0.16666666666666666,0.25,0.3333333333333333,0.4166666666666667,0.4166666666666667,0.16666666666666666,0.3333333333333333,0.5,0.3333333333333333,0.5833333333333334,0.4166666666666667,0.5,0.25,0.3333333333333333,0.5,0.4166666666666667,0.5833333333333334,0.16666666666666666,1.0,0.4166666666666667,0.5,0.5,0.5833333333333334,0.6666666666666666,0.3333333333333333,0.5,0.4166666666666667,0.25,0.5,0.3333333333333333,0.3333333333333333,0.5833333333333334,0.5833333333333334,0.5,0.3333333333333333,0.16666666666666666,0.16666666666666666,0.4166666666666667,0.4166666666666667,0.3333333333333333,0.25,0.08333333333333333,0.25
7110,0.2727272727272727,0.3333333333333333,0.125,0.125,0.2727272727272727,0.3333333333333333,0.09090909090909091,0.25,0.4,0.2727272727272727,0.3333333333333333,0.3333333333333333,0.375,0.2,0.375,0.625,0.4,0.3076923076923077,0.3333333333333333,0.375,0.36363636363636365,0.18181818181818182,0.1111111111111111,0.25,0.25,0.125,0.125,0.2727272727272727,0.125,0.3333333333333333,0.125,0.16666666666666666,0.0,0.2,0.36363636363636365,0.3333333333333333,0.4,0.2222222222222222,0.125,0.5,0.375,0.3,0.2857142857142857,0.3,0.4,0.625,0.46153846153846156,0.5,0.25,0.25,0.3333333333333333,0.5,0.375,0.3,0.25,0.25,0.25,0.375,0.3333333333333333,0.125,0.25,0.3076923076923077,0.42857142857142855,0.125,0.36363636363636365,0.25,0.5,0.375,0.25,0.16666666666666666,0.0,0.375,0.375,0.375,0.375,0.125,0.125,0.125,0.375,0.375,0.25,0.375,0.25,0.5,0.25,0.5,0.375,0.3,0.25,0.25,0.25,0.25,0.25,0.25,0.125,0.25,0.5,0.25,0.125,0.125,0.5,0.125,0.125,0.625,0.25,0.125,0.5,0.25,0.5,0.125,0.5,0.375,0.125,0.125,0.25,0.125,0.125,0.5,0.125,0.375,0.375,0.25,0.4444444444444444,0.125,0.25,0.25,0.38461538461538464,0.25,0.15384615384615385,0.25,0.2222222222222222,0.375,0.25,0.4444444444444444,0.25,0.46153846153846156,0.23076923076923078,0.375,0.5,0.5,0.26666666666666666,0.25,0.375,0.3333333333333333,0.375,0.4,0.375,0.6666666666666666,0.5,0.5555555555555556,0.75,0.3076923076923077,0.375,0.6666666666666666,0.2727272727272727,0.25,0.6,0.3333333333333333,0.3333333333333333,0.375,0.625,0.375,0.25,0.3,0.375,0.3333333333333333,0.25,0.36363636363636365,0.3333333333333333,0.3333333333333333,0.25,0.25,0.375,0.3333333333333333,0.5,0.25,0.5,0.6666666666666666,0.7777777777777778,0.2,0.5,0.5,0.25,0.25,0.4,0.625,0.5,0.25,0.4166666666666667,1.0,0.5,0.4444444444444444,0.6,0.3333333333333333,0.625,0.4,0.3333333333333333,0.5,0.6,0.625,0.25,0.3333333333333333,0.3,0.4444444444444444,0.625,0.375,0.125,0.375,0.2222222222222222,0.5,0.625,0.25,0.25
7210,0.36363636363636365,0.4444444444444444,0.25,0.375,0.2727272727272727,0.2222222222222222,0.36363636363636365,0.3333333333333333,0.3333333333333333,0.2727272727272727,0.4444444444444444,0.1111111111111111,0.125,0.2,0.25,0.625,0.2,0.46153846153846156,0.25,0.0,0.36363636363636365,0.2727272727272727,0.3333333333333333,0.0,0.125,0.0,0.0,0.18181818181818182,0.25,0.3333333333333333,0.125,0.16666666666666666,0.125,0.3,0.2727272727272727,0.3333333333333333,0.4,0.3333333333333333,0.125,0.5,0.25,0.2,0.42857142857142855,0.3,0.3,0.625,0.46153846153846156,0.5,0.5,0.25,0.1111111111111111,0.5,0.375,0.4,0.25,0.375,0.375,0.25,0.3333333333333333,0.375,0.25,0.3076923076923077,0.42857142857142855,0.125,0.45454545454545453,0.25,0.25,0.25,0.375,0.4166666666666667,0.5,0.25,0.375,0.125,0.375,0.125,0.125,0.125,0.375,0.25,0.125,0.25,0.125,0.5,0.125,0.375,0.375,0.5,0.25,0.25,0.25,0.375,0.125,0.25,0.125,0.25,0.375,0.125,0.25,0.125,0.625,0.125,0.125,0.375,0.375,0.25,0.375,0.125,0.625,0.25,0.25,0.25,0.25,0.25,0.125,0.125,0.125,0.25,0.125,0.125,0.0,0.125,0.3333333333333333,0.25,0.25,0.0,0.38461538461538464,0.375,0.3076923076923077,0.25,0.3333333333333333,0.375,0.25,0.3333333333333333,0.25,0.46153846153846156,0.38461538461538464,0.625,0.5,0.625,0.26666666666666666,0.125,0.375,0.4444444444444444,0.25,0.3,0.375,0.6666666666666666,0.25,0.4444444444444444,0.5,0.15384615384615385,0.25,0.5555555555555556,0.36363636363636365,0.375,0.3,0.4166666666666667,0.2222222222222222,0.25,0.375,0.375,0.25,0.4,0.375,0.5555555555555556,0.5,0.36363636363636365,0.5,0.3333333333333333,0.375,0.25,0.25,0.4444444444444444,0.375,0.25,0.375,0.3333333333333333,0.4444444444444444,0.4,0.5,0.625,0.5,0.25,0.4,0.5,0.6,0.5,0.5,0.5,1.0,0.6666666666666666,0.5,0.3333333333333333,0.375,0.5,0.2222222222222222,0.125,0.4,0.5,0.375,0.4444444444444444,0.4,0.4444444444444444,0.375,0.5,0.375,0.25,0.2222222222222222,0.25,0.5,0.25,0.25
7220,0.2727272727272727,0.4444444444444444,0.2222222222222222,0.2222222222222222,0.36363636363636365,0.4444444444444444,0.5454545454545454,0.5,0.4,0.36363636363636365,0.5555555555555556,0.2222222222222222,0.2222222222222222,0.3,0.3333333333333333,0.4444444444444444,0.3,0.5384615384615384,0.25,0.2222222222222222,0.45454545454545453,0.45454545454545453,0.4444444444444444,0.2222222222222222,0.2222222222222222,0.1111111111111111,0.2222222222222222,0.2727272727272727,0.2222222222222222,0.5555555555555556,0.1111111111111111,0.25,0.1111111111111111,0.3,0.18181818181818182,0.3333333333333333,0.3,0.2222222222222222,0.1111111111111111,0.3333333333333333,0.2222222222222222,0.3,0.35714285714285715,0.6,0.4,0.4444444444444444,0.38461538461538464,0.4444444444444444,0.5555555555555556,0.3333333333333333,0.4444444444444444,0.2222222222222222,0.4444444444444444,0.6,0.2222222222222222,0.2222222222222222,0.2222222222222222,0.2222222222222222,0.5555555555555556,0.3333333333333333,0.2222222222222222,0.46153846153846156,0.5714285714285714,0.2222222222222222,0.36363636363636365,0.1111111111111111,0.4444444444444444,0.1111111111111111,0.2222222222222222,0.25,0.3333333333333333,0.1111111111111111,0.2222222222222222,0.1111111111111111,0.2222222222222222,0.1111111111111111,0.1111111111111111,0.1111111111111111,0.2222222222222222,0.1111111111111111,0.1111111111111111,0.2222222222222222,0.1111111111111111,0.3333333333333333,0.1111111111111111,0.2222222222222222,0.2222222222222222,0.3,0.2222222222222222,0.2222222222222222,0.2222222222222222,0.2222222222222222,0.1111111111111111,0.2222222222222222,0.1111111111111111,0.1111111111111111,0.2222222222222222,0.1111111111111111,0.2222222222222222,0.1111111111111111,0.4444444444444444,0.1111111111111111,0.1111111111111111,0.2222222222222222,0.3333333333333333,0.2222222222222222,0.2222222222222222,0.1111111111111111,0.4444444444444444,0.1111111111111111,0.1111111111111111,0.1111111111111111,0.2222222222222222,0.2222222222222222,0.1111111111111111,0.2222222222222222,0.1111111111111111,0.1111111111111111,0.0,0.2222222222222222,0.2222222222222222,0.1111111111111111,0.2222222222222222,0.2222222222222222,0.2222222222222222,0.0,0.5384615384615384,0.1111111111111111,0.46153846153846156,0.2222222222222222,0.2222222222222222,0.5555555555555556,0.2222222222222222,0.3333333333333333,0.1111111111111111,0.46153846153846156,0.5384615384615384,0.3333333333333333,0.4444444444444444,0.4444444444444444,0.3333333333333333,0.4444444444444444,0.3333333333333333,0.5555555555555556,0.4444444444444444,0.5,0.5555555555555556,0.7777777777777778,0.3333333333333333,0.5555555555555556,0.5555555555555556,0.3076923076923077,0.2222222222222222,0.5555555555555556,0.5454545454545454,0.3333333333333333,0.4,0.4166666666666667,0.4444444444444444,0.3333333333333333,0.4444444444444444,0.3333333333333333,0.2222222222222222,0.7,0.4444444444444444,0.5555555555555556,0.3333333333333333,0.5454545454545454,0.4166666666666667,0.4444444444444444,0.3333333333333333,0.3333333333333333,0.3333333333333333,0.2222222222222222,0.4444444444444444,0.2222222222222222,0.4444444444444444,0.6666666666666666,0.3333333333333333,0.5,0.3,0.4444444444444444,0.4444444444444444,0.1111111111111111,0.4,0.5555555555555556,0.6,0.4444444444444444,0.5,0.4444444444444444,0.6666666666666666,1.0,0.6,0.5833333333333334,0.2222222222222222,0.5,0.4444444444444444,0.3333333333333333,0.4,0.3333333333333333,0.3333333333333333,0.2222222222222222,0.5,0.6666666666666666,0.4444444444444444,0.3333333333333333,0.3333333333333333,0.4444444444444444,0.3333333333333333,0.4444444444444444,0.4444444444444444,0.2222222222222222,0.2222222222222222
7310,0.36363636363636365,0.5,0.1,0.1,0.36363636363636365,0.5,0.36363636363636365,0.4166666666666667,0.5333333333333333,0.45454545454545453,0.4,0.4,0.3,0.4,0.2,0.5,0.4,0.46153846153846156,0.5,0.3,0.5454545454545454,0.36363636363636365,0.1,0.2,0.1,0.1,0.2,0.18181818181818182,0.1,0.6,0.1,0.25,0.2,0.3,0.36363636363636365,0.4,0.4,0.3,0.1,0.4,0.2,0.2,0.42857142857142855,0.4,0.3,0.4,0.6153846153846154,0.4,0.5,0.3,0.5,0.4,0.2,0.4,0.1,0.1,0.2,0.3,0.4,0.2,0.2,0.38461538461538464,0.5,0.2,0.45454545454545453,0.1,0.5,0.2,0.1,0.3333333333333333,0.1,0.1,0.1,0.2,0.3,0.1,0.0,0.0,0.1,0.2,0.1,0.2,0.2,0.3,0.1,0.2,0.3,0.3,0.2,0.1,0.1,0.2,0.1,0.1,0.1,0.2,0.3,0.2,0.1,0.1,0.4,0.1,0.1,0.3,0.2,0.1,0.3,0.2,0.4,0.0,0.2,0.4,0.2,0.3,0.1,0.1,0.1,0.2,0.1,0.2,0.2,0.2,0.4,0.1,0.2,0.2,0.5384615384615384,0.3,0.3076923076923077,0.3,0.3,0.4,0.2,0.2,0.1,0.5384615384615384,0.3076923076923077,0.4,0.5,0.5,0.4,0.5,0.3,0.6,0.4,0.6,0.4,0.7,0.5,0.7,0.6,0.38461538461538464,0.2,0.7,0.45454545454545453,0.2,0.5,0.5,0.4,0.4,0.5,0.3,0.3,0.7,0.4,0.6,0.3,0.5454545454545454,0.5,0.6,0.3,0.3,0.4,0.3,0.6,0.3,0.4,0.7,0.6,0.5,0.5,0.5,0.4,0.3,0.6,0.6,0.8,0.3,0.5833333333333334,0.6,0.5,0.6,1.0,0.6666666666666666,0.4,0.6,0.6,0.3,0.7,0.5,0.3,0.4,0.6,0.5,0.6,0.3,0.3,0.5,0.3,0.5,0.5,0.1,0.3
7320,0.4166666666666667,0.5,0.25,0.16666666666666666,0.5833333333333334,0.5,0.5833333333333334,0.75,0.6666666666666666,0.5,0.4166666666666667,0.4166666666666667,0.3333333333333333,0.5,0.16666666666666666,0.4166666666666667,0.4166666666666667,0.6923076923076923,0.5,0.3333333333333333,0.5833333333333334,0.6666666666666666,0.4166666666666667,0.4166666666666667,0.16666666666666666,0.16666666666666666,0.25,0.4166666666666667,0.16666666666666666,0.5,0.16666666666666666,0.5,0.16666666666666666,0.4166666666666667,0.5,0.5,0.25,0.3333333333333333,0.3333333333333333,0.25,0.25,0.3333333333333333,0.42857142857142855,0.3333333333333333,0.5,0.25,0.6923076923076923,0.3333333333333333,0.5,0.25,0.5833333333333334,0.25,0.4166666666666667,0.4166666666666667,0.25,0.16666666666666666,0.16666666666666666,0.16666666666666666,0.4166666666666667,0.3333333333333333,0.16666666666666666,0.6153846153846154,0.6428571428571429,0.16666666666666666,0.3333333333333333,0.08333333333333333,0.4166666666666667,0.16666666666666666,0.0,0.4166666666666667,0.16666666666666666,0.08333333333333333,0.25,0.08333333333333333,0.08333333333333333,0.0,0.16666666666666666,0.0,0.08333333333333333,0.16666666666666666,0.0,0.08333333333333333,0.08333333333333333,0.08333333333333333,0.08333333333333333,0.08333333333333333,0.16666666666666666,0.3333333333333333,0.16666666666666666,0.25,0.16666666666666666,0.0,0.08333333333333333,0.0,0.08333333333333333,0.0,0.08333333333333333,0.16666666666666666,0.08333333333333333,0.0,0.25,0.0,0.08333333333333333,0.08333333333333333,0.16666666666666666,0.08333333333333333,0.08333333333333333,0.08333333333333333,0.25,0.16666666666666666,0.16666666666666666,0.25,0.3333333333333333,0.16666666666666666,0.0,0.08333333333333333,0.25,0.08333333333333333,0.25,0.16666666666666666,0.3333333333333333,0.16666666666666666,0.4166666666666667,0.16666666666666666,0.08333333333333333,0.16666666666666666,0.6153846153846154,0.3333333333333333,0.6153846153846154,0.25,0.3333333333333333,0.4166666666666667,0.25,0.25,0.25,0.6153846153846154,0.6153846153846154,0.16666666666666666,0.4166666666666667,0.3333333333333333,0.6,0.5,0.3333333333333333,0.5833333333333334,0.4166666666666667,0.5833333333333334,0.5,0.5,0.4166666666666667,0.6666666666666666,0.5,0.6923076923076923,0.08333333333333333,0.5,0.5833333333333334,0.3333333333333333,0.5,0.6666666666666666,0.5,0.3333333333333333,0.3333333333333333,0.16666666666666666,0.4166666666666667,0.6666666666666666,0.4166666666666667,0.5,0.3333333333333333,0.6666666666666666,0.5,0.5833333333333334,0.25,0.3333333333333333,0.3333333333333333,0.3333333333333333,0.5,0.3333333333333333,0.3333333333333333,0.5833333333333334,0.4166666666666667,0.5833333333333334,0.4166666666666667,0.4166666666666667,0.3333333333333333,0.25,0.5,0.5,0.5,0.25,0.6666666666666666,0.3333333333333333,0.3333333333333333,0.5833333333333334,0.6666666666666666,1.0,0.25,0.5,0.5833333333333334,0.3333333333333333,0.5833333333333334,0.25,0.4166666666666667,0.4166666666666667,0.5833333333333334,0.5,0.5,0.08333333333333333,0.3333333333333333,0.5,0.5,0.3333333333333333,0.25,0.0,0.25
7410,0.45454545454545453,0.5555555555555556,0.125,0.125,0.18181818181818182,0.4444444444444444,0.09090909090909091,0.25,0.4,0.36363636363636365,0.4444444444444444,0.2222222222222222,0.125,0.3,0.375,0.5,0.3,0.23076923076923078,0.3333333333333333,0.375,0.36363636363636365,0.18181818181818182,0.1111111111111111,0.375,0.375,0.375,0.5,0.36363636363636365,0.25,0.4444444444444444,0.375,0.3333333333333333,0.25,0.3,0.45454545454545453,0.3333333333333333,0.6,0.3333333333333333,0.375,0.5,0.125,0.3,0.35714285714285715,0.3,0.3,0.5,0.3076923076923077,0.375,0.0,0.125,0.1111111111111111,0.375,0.25,0.3,0.125,0.25,0.125,0.625,0.1111111111111111,0.25,0.25,0.3076923076923077,0.42857142857142855,0.375,0.36363636363636365,0.25,0.375,0.25,0.25,0.4166666666666667,0.0,0.375,0.375,0.25,0.25,0.25,0.375,0.125,0.25,0.25,0.25,0.25,0.125,0.5,0.125,0.375,0.625,0.5,0.0,0.25,0.25,0.125,0.25,0.25,0.125,0.25,0.375,0.25,0.0,0.125,0.375,0.125,0.125,0.625,0.25,0.25,0.375,0.0,0.25,0.25,0.5,0.5,0.375,0.125,0.125,0.125,0.375,0.625,0.5,0.375,0.625,0.0,0.5555555555555556,0.0,0.125,0.625,0.38461538461538464,0.25,0.15384615384615385,0.25,0.3333333333333333,0.5,0.25,0.4444444444444444,0.25,0.38461538461538464,0.23076923076923078,0.25,0.375,0.25,0.26666666666666666,0.25,0.25,0.1111111111111111,0.375,0.4,0.25,0.4444444444444444,0.375,0.4444444444444444,0.5,0.23076923076923078,0.25,0.4444444444444444,0.36363636363636365,0.375,0.6,0.3333333333333333,0.4444444444444444,0.625,0.5,0.25,0.25,0.3,0.25,0.2222222222222222,0.25,0.45454545454545453,0.5,0.4444444444444444,0.375,0.5,0.5,0.3333333333333333,0.375,0.125,0.375,0.3333333333333333,0.6666666666666666,0.4,0.5,0.5,0.375,0.5,0.4,0.25,0.5,0.125,0.3333333333333333,0.625,0.375,0.2222222222222222,0.4,0.25,1.0,0.6,0.4444444444444444,0.375,0.5,0.375,0.375,0.3333333333333333,0.4,0.2222222222222222,0.5,0.25,0.375,0.25,0.2222222222222222,0.25,0.5,0.25,0.25
7490,0.5454545454545454,0.7,0.1,0.3,0.45454545454545453,0.5,0.45454545454545453,0.4166666666666667,0.4666666666666667,0.45454545454545453,0.4,0.2,0.1,0.4,0.3,0.4,0.3,0.5384615384615384,0.5,0.2,0.2727272727272727,0.36363636363636365,0.2,0.4,0.3,0.2,0.3,0.45454545454545453,0.2,0.6,0.2,0.5,0.2,0.6,0.45454545454545453,0.5,0.6,0.5,0.3,0.3,0.3,0.4,0.5714285714285714,0.5,0.3,0.3,0.46153846153846156,0.2,0.3,0.2,0.3,0.2,0.2,0.3,0.1,0.3,0.2,0.4,0.4,0.5,0.2,0.38461538461538464,0.5714285714285714,0.3,0.45454545454545453,0.1,0.3,0.1,0.2,0.5,0.2,0.1,0.2,0.1,0.3,0.2,0.3,0.1,0.1,0.2,0.1,0.1,0.1,0.4,0.1,0.3,0.5,0.5,0.2,0.4,0.3,0.2,0.2,0.2,0.1,0.2,0.2,0.2,0.1,0.1,0.4,0.1,0.1,0.3,0.4,0.2,0.2,0.0,0.3,0.3,0.2,0.4,0.5,0.2,0.0,0.3,0.4,0.3,0.4,0.3,0.4,0.0,0.6,0.2,0.2,0.3,0.46153846153846156,0.4,0.38461538461538464,0.1,0.4,0.5,0.2,0.3,0.1,0.5384615384615384,0.46153846153846156,0.3,0.3,0.3,0.4,0.4,0.2,0.5,0.5,0.5,0.4,0.5,0.4,0.7,0.4,0.23076923076923078,0.1,0.5,0.6363636363636364,0.3,0.6,0.6666666666666666,0.4,0.4,0.4,0.3,0.4,0.5,0.4,0.4,0.3,0.5454545454545454,0.5833333333333334,0.6,0.3,0.5,0.4,0.4,0.3,0.3,0.3,0.3,0.5,0.6,0.5,0.5,0.6,0.6,0.6,0.3,0.7,0.2,0.5,0.4,0.5,0.5,0.6,0.5,0.6,1.0,0.4,0.1,0.5,0.3,0.2,0.4,0.5,0.5,0.5,0.3,0.4,0.4,0.4,0.3,0.5,0.2,0.3
7710,0.36363636363636365,0.4444444444444444,0.1111111111111111,0.1111111111111111,0.45454545454545453,0.5555555555555556,0.36363636363636365,0.5,0.4666666666666667,0.2727272727272727,0.4444444444444444,0.5555555555555556,0.4444444444444444,0.4,0.2222222222222222,0.3333333333333333,0.5,0.46153846153846156,0.4166666666666667,0.3333333333333333,0.45454545454545453,0.45454545454545453,0.3333333333333333,0.3333333333333333,0.1111111111111111,0.3333333333333333,0.4444444444444444,0.36363636363636365,0.2222222222222222,0.5555555555555556,0.3333333333333333,0.4166666666666667,0.3333333333333333,0.4,0.45454545454545453,0.3333333333333333,0.3,0.4444444444444444,0.4444444444444444,0.2222222222222222,0.1111111111111111,0.3,0.35714285714285715,0.4,0.3,0.1111111111111111,0.38461538461538464,0.3333333333333333,0.4444444444444444,0.1111111111111111,0.5555555555555556,0.2222222222222222,0.2222222222222222,0.5,0.2222222222222222,0.0,0.1111111111111111,0.4444444444444444,0.3333333333333333,0.2222222222222222,0.2222222222222222,0.38461538461538464,0.35714285714285715,0.4444444444444444,0.18181818181818182,0.0,0.2222222222222222,0.2222222222222222,0.1111111111111111,0.4166666666666667,0.1111111111111111,0.1111111111111111,0.1111111111111111,0.1111111111111111,0.1111111111111111,0.1111111111111111,0.3333333333333333,0.0,0.1111111111111111,0.1111111111111111,0.1111111111111111,0.1111111111111111,0.2222222222222222,0.1111111111111111,0.0,0.1111111111111111,0.2222222222222222,0.2,0.1111111111111111,0.0,0.1111111111111111,0.0,0.0,0.0,0.0,0.0,0.1111111111111111,0.1111111111111111,0.0,0.0,0.2222222222222222,0.0,0.0,0.1111111111111111,0.1111111111111111,0.1111111111111111,0.1111111111111111,0.1111111111111111,0.2222222222222222,0.1111111111111111,0.1111111111111111,0.3333333333333333,0.3333333333333333,0.2222222222222222,0.0,0.0,0.2222222222222222,0.3333333333333333,0.3333333333333333,0.2222222222222222,0.4444444444444444,0.1111111111111111,0.2222222222222222,0.0,0.1111111111111111,0.4444444444444444,0.38461538461538464,0.2222222222222222,0.46153846153846156,0.2222222222222222,0.4444444444444444,0.2222222222222222,0.3333333333333333,0.3333333333333333,0.2222222222222222,0.38461538461538464,0.46153846153846156,0.2222222222222222,0.5555555555555556,0.2222222222222222,0.4666666666666667,0.6666666666666666,0.4444444444444444,0.5555555555555556,0.4444444444444444,0.6,0.3333333333333333,0.3333333333333333,0.4444444444444444,0.5555555555555556,0.3333333333333333,0.46153846153846156,0.1111111111111111,0.3333333333333333,0.45454545454545453,0.2222222222222222,0.4,0.4166666666666667,0.3333333333333333,0.4444444444444444,0.2222222222222222,0.2222222222222222,0.2222222222222222,0.5,0.1111111111111111,0.5555555555555556,0.3333333333333333,0.45454545454545453,0.4166666666666667,0.4444444444444444,0.2222222222222222,0.4444444444444444,0.5555555555555556,0.3333333333333333,0.5555555555555556,0.3333333333333333,0.5555555555555556,0.5555555555555556,0.4444444444444444,0.5,0.3,0.4444444444444444,0.4444444444444444,0.3333333333333333,0.5,0.4444444444444444,0.6,0.2222222222222222,0.4166666666666667,0.3333333333333333,0.2222222222222222,0.4444444444444444,0.6,0.5833333333333334,0.4444444444444444,0.4,1.0,0.5555555555555556,0.5,0.2222222222222222,0.4444444444444444,0.4444444444444444,0.7,0.3333333333333333,0.4444444444444444,0.1111111111111111,0.3333333333333333,0.4444444444444444,0.4444444444444444,0.4444444444444444,0.1111111111111111,0.0,0.3333333333333333
7721,0.18181818181818182,0.2222222222222222,0.16666666666666666,0.16666666666666666,0.2727272727272727,0.2222222222222222,0.18181818181818182,0.3333333333333333,0.3333333333333333,0.18181818181818182,0.3333333333333333,0.3333333333333333,0.42857142857142855,0.2,0.375,0.42857142857142855,0.4,0.23076923076923078,0.25,0.5,0.2727272727272727,0.2727272727272727,0.3333333333333333,0.25,0.16666666666666666,0.3333333333333333,0.42857142857142855,0.2727272727272727,0.16666666666666666,0.2222222222222222,0.2857142857142857,0.16666666666666666,0.16666666666666666,0.1,0.2727272727272727,0.1111111111111111,0.1,0.2222222222222222,0.25,0.125,0.2857142857142857,0.3,0.07142857142857142,0.3,0.4,0.3333333333333333,0.15384615384615385,0.42857142857142855,0.25,0.0,0.4444444444444444,0.25,0.42857142857142855,0.4,0.42857142857142855,0.125,0.14285714285714285,0.25,0.2222222222222222,0.0,0.16666666666666666,0.3076923076923077,0.2857142857142857,0.3333333333333333,0.18181818181818182,0.16666666666666666,0.25,0.2857142857142857,0.16666666666666666,0.08333333333333333,0.0,0.3333333333333333,0.3333333333333333,0.3333333333333333,0.16666666666666666,0.0,0.2857142857142857,0.16666666666666666,0.2857142857142857,0.3333333333333333,0.16666666666666666,0.3333333333333333,0.16666666666666666,0.3333333333333333,0.16666666666666666,0.3333333333333333,0.2857142857142857,0.1,0.16666666666666666,0.125,0.16666666666666666,0.0,0.16666666666666666,0.16666666666666666,0.0,0.0,0.3333333333333333,0.16666666666666666,0.0,0.0,0.25,0.0,0.0,0.2857142857142857,0.16666666666666666,0.0,0.3333333333333333,0.16666666666666666,0.2857142857142857,0.14285714285714285,0.3333333333333333,0.3333333333333333,0.125,0.0,0.16666666666666666,0.0,0.16666666666666666,0.5,0.125,0.16666666666666666,0.375,0.16666666666666666,0.2222222222222222,0.0,0.16666666666666666,0.2857142857142857,0.23076923076923078,0.125,0.23076923076923078,0.16666666666666666,0.2222222222222222,0.25,0.3333333333333333,0.3333333333333333,0.3333333333333333,0.3076923076923077,0.3076923076923077,0.16666666666666666,0.5714285714285714,0.16666666666666666,0.26666666666666666,0.375,0.5,0.3333333333333333,0.42857142857142855,0.4,0.42857142857142855,0.3333333333333333,0.5,0.3333333333333333,0.5,0.38461538461538464,0.3333333333333333,0.2222222222222222,0.2727272727272727,0.14285714285714285,0.3,0.16666666666666666,0.2222222222222222,0.42857142857142855,0.5,0.3333333333333333,0.16666666666666666,0.2,0.0,0.2222222222222222,0.125,0.2727272727272727,0.16666666666666666,0.2222222222222222,0.16666666666666666,0.2857142857142857,0.42857142857142855,0.2222222222222222,0.5,0.3333333333333333,0.7142857142857143,0.5555555555555556,0.4444444444444444,0.2,0.2,0.2857142857142857,0.14285714285714285,0.14285714285714285,0.2,0.375,0.3,0.16666666666666666,0.25,0.5,0.125,0.3333333333333333,0.3,0.3333333333333333,0.375,0.1,0.5555555555555556,1.0,0.3,0.3333333333333333,0.375,0.2222222222222222,0.3,0.3333333333333333,0.375,0.16666666666666666,0.16666666666666666,0.42857142857142855,0.2222222222222222,0.42857142857142855,0.14285714285714285,0.16666666666666666,0.16666666666666666
7730,0.36363636363636365,0.3,0.1,0.1,0.45454545454545453,0.6,0.36363636363636365,0.4166666666666667,0.5333333333333333,0.5454545454545454,0.4,0.3,0.4,0.5,0.3,0.6,0.6,0.46153846153846156,0.5,0.4,0.5454545454545454,0.45454545454545453,0.2,0.3,0.3,0.2,0.2,0.36363636363636365,0.1,0.6,0.2,0.3333333333333333,0.1,0.4,0.45454545454545453,0.6,0.4,0.4,0.2,0.5,0.3,0.4,0.5,0.3,0.4,0.4,0.6923076923076923,0.4,0.5,0.3,0.5,0.5,0.2,0.5,0.2,0.1,0.2,0.4,0.4,0.3,0.2,0.46153846153846156,0.5,0.2,0.36363636363636365,0.1,0.4,0.3,0.1,0.5,0.2,0.4,0.4,0.2,0.2,0.0,0.1,0.1,0.2,0.3,0.1,0.2,0.1,0.2,0.1,0.3,0.3,0.5,0.1,0.2,0.1,0.1,0.1,0.1,0.0,0.1,0.2,0.2,0.0,0.0,0.3,0.0,0.0,0.4,0.0,0.1,0.2,0.1,0.3,0.1,0.4,0.3,0.3,0.2,0.1,0.1,0.0,0.3,0.2,0.2,0.4,0.1,0.5,0.0,0.1,0.4,0.5384615384615384,0.3,0.38461538461538464,0.4,0.4,0.5,0.4,0.4,0.3,0.5384615384615384,0.3076923076923077,0.2,0.5,0.5,0.4666666666666667,0.4,0.2,0.4,0.3,0.6,0.4,0.6,0.5,0.6,0.6,0.5384615384615384,0.1,0.6,0.45454545454545453,0.4,0.5,0.5,0.5,0.4,0.4,0.1,0.2,0.6,0.4,0.5,0.4,0.6363636363636364,0.5,0.5,0.2,0.3,0.4,0.5,0.6,0.2,0.4,0.5,0.6,0.4,0.4,0.5,0.2,0.3,0.4,0.6,0.5,0.2,0.5,0.6,0.4,0.4,0.7,0.5833333333333334,0.5,0.5,0.5,0.3,1.0,0.3,0.4,0.4,0.6,0.3,0.7,0.3,0.3,0.3,0.4,0.4,0.5,0.1,0.2
7740,0.18181818181818182,0.3333333333333333,0.2,0.16666666666666666,0.09090909090909091,0.1111111111111111,0.0,0.08333333333333333,0.26666666666666666,0.09090909090909091,0.2222222222222222,0.2222222222222222,0.14285714285714285,0.0,0.0,0.5714285714285714,0.1,0.23076923076923078,0.16666666666666666,0.0,0.2727272727272727,0.0,0.0,0.0,0.0,0.0,0.0,0.0,0.2,0.1111111111111111,0.0,0.0,0.0,0.0,0.2727272727272727,0.1111111111111111,0.3,0.1111111111111111,0.0,0.375,0.14285714285714285,0.0,0.14285714285714285,0.1,0.1,0.6666666666666666,0.3076923076923077,0.42857142857142855,0.125,0.2,0.1111111111111111,0.375,0.2857142857142857,0.1,0.14285714285714285,0.125,0.14285714285714285,0.125,0.1111111111111111,0.0,0.16666666666666666,0.07692307692307693,0.21428571428571427,0.0,0.2727272727272727,0.2,0.25,0.14285714285714285,0.16666666666666666,0.08333333333333333,0.0,0.2,0.16666666666666666,0.4,0.5,0.2,0.0,0.0,0.14285714285714285,0.4,0.2,0.4,0.4,0.5,0.2,0.3333333333333333,0.2857142857142857,0.2,0.4,0.0,0.16666666666666666,0.4,0.2,0.2,0.2,0.4,0.6,0.2,0.2,0.2,0.5,0.2,0.2,0.42857142857142855,0.4,0.2,0.6,0.4,0.5714285714285714,0.0,0.4,0.5,0.0,0.2,0.2,0.0,0.16666666666666666,0.3333333333333333,0.0,0.16666666666666666,0.0,0.4,0.3333333333333333,0.2,0.4,0.0,0.23076923076923078,0.25,0.0,0.16666666666666666,0.1111111111111111,0.125,0.2,0.2222222222222222,0.16666666666666666,0.3076923076923077,0.07692307692307693,0.5,0.42857142857142855,0.6666666666666666,0.13333333333333333,0.125,0.25,0.2222222222222222,0.14285714285714285,0.2,0.14285714285714285,0.4444444444444444,0.3333333333333333,0.4444444444444444,0.5,0.07692307692307693,0.4,0.5555555555555556,0.09090909090909091,0.14285714285714285,0.3,0.25,0.1111111111111111,0.2857142857142857,0.5,0.6,0.16666666666666666,0.2,0.3333333333333333,0.3333333333333333,0.125,0.18181818181818182,0.25,0.2222222222222222,0.4,0.14285714285714285,0.2857142857142857,0.1111111111111111,0.375,0.4,0.2857142857142857,0.4444444444444444,0.5555555555555556,0.1,0.4,0.5714285714285714,0.2857142857142857,0.2857142857142857,0.4,0.375,0.5,0.4,0.3333333333333333,0.625,0.5,0.3333333333333333,0.5,0.25,0.375,0.3,0.2222222222222222,0.3333333333333333,0.3,1.0,0.125,0.3333333333333333,0.1,0.3333333333333333,0.375,0.4,0.16666666666666666,0.2857142857142857,0.0,0.2857142857142857,0.42857142857142855,0.2,0.3333333333333333
7810,0.2727272727272727,0.1111111111111111,0.25,0.375,0.36363636363636365,0.5555555555555556,0.45454545454545453,0.4166666666666667,0.4666666666666667,0.45454545454545453,0.6666666666666666,0.2222222222222222,0.5,0.5,0.375,0.375,0.5,0.46153846153846156,0.3333333333333333,0.25,0.45454545454545453,0.45454545454545453,0.4444444444444444,0.375,0.25,0.375,0.5,0.45454545454545453,0.375,0.3333333333333333,0.625,0.4166666666666667,0.25,0.2,0.36363636363636365,0.3333333333333333,0.2,0.3333333333333333,0.5,0.5,0.375,0.5,0.35714285714285715,0.3,0.5,0.375,0.3076923076923077,0.625,0.375,0.25,0.4444444444444444,0.5,0.5,0.4,0.5,0.375,0.5,0.375,0.4444444444444444,0.375,0.125,0.38461538461538464,0.2857142857142857,0.125,0.36363636363636365,0.25,0.25,0.5,0.25,0.4166666666666667,0.375,0.375,0.375,0.125,0.125,0.0,0.375,0.125,0.375,0.125,0.125,0.25,0.0,0.25,0.125,0.125,0.5,0.5,0.0,0.375,0.0,0.0,0.125,0.125,0.0,0.0,0.25,0.25,0.0,0.0,0.375,0.0,0.0,0.25,0.125,0.125,0.25,0.0,0.375,0.375,0.125,0.375,0.25,0.25,0.125,0.0,0.25,0.375,0.375,0.0,0.375,0.0,0.2222222222222222,0.125,0.0,0.5,0.3076923076923077,0.375,0.38461538461538464,0.625,0.3333333333333333,0.375,0.25,0.2222222222222222,0.25,0.38461538461538464,0.38461538461538464,0.375,0.25,0.125,0.4,0.25,0.375,0.3333333333333333,0.25,0.4,0.375,0.3333333333333333,0.375,0.3333333333333333,0.375,0.5384615384615384,0.25,0.4444444444444444,0.45454545454545453,0.25,0.3,0.3333333333333333,0.3333333333333333,0.25,0.25,0.125,0.375,0.4,0.25,0.5555555555555556,0.375,0.2727272727272727,0.25,0.4444444444444444,0.375,0.0,0.0,0.3333333333333333,0.375,0.125,0.25,0.4444444444444444,0.3333333333333333,0.4,0.4,0.25,0.25,0.125,0.4,0.5,0.2,0.25,0.3333333333333333,0.25,0.375,0.3333333333333333,0.3,0.4166666666666667,0.375,0.2,0.4444444444444444,0.375,0.4,0.125,1.0,0.5555555555555556,0.5,0.2222222222222222,0.375,0.125,0.5,0.125,0.4444444444444444,0.125,0.125,0.25,0.0
7830,0.45454545454545453,0.4444444444444444,0.1111111111111111,0.4444444444444444,0.36363636363636365,0.3333333333333333,0.45454545454545453,0.4166666666666667,0.5333333333333333,0.36363636363636365,0.3333333333333333,0.5555555555555556,0.4444444444444444,0.5,0.2222222222222222,0.4444444444444444,0.4,0.6153846153846154,0.5,0.0,0.36363636363636365,0.36363636363636365,0.4444444444444444,0.3333333333333333,0.2222222222222222,0.2222222222222222,0.2222222222222222,0.36363636363636365,0.4444444444444444,0.2222222222222222,0.4444444444444444,0.4166666666666667,0.3333333333333333,0.4,0.5454545454545454,0.4444444444444444,0.3,0.4444444444444444,0.4444444444444444,0.5555555555555556,0.4444444444444444,0.4,0.5,0.2,0.5,0.3333333333333333,0.46153846153846156,0.4444444444444444,0.4444444444444444,0.2222222222222222,0.4444444444444444,0.5555555555555556,0.3333333333333333,0.2,0.3333333333333333,0.3333333333333333,0.4444444444444444,0.2222222222222222,0.3333333333333333,0.5555555555555556,0.1111111111111111,0.23076923076923078,0.21428571428571427,0.2222222222222222,0.45454545454545453,0.1111111111111111,0.1111111111111111,0.4444444444444444,0.2222222222222222,0.5,0.3333333333333333,0.3333333333333333,0.3333333333333333,0.1111111111111111,0.3333333333333333,0.1111111111111111,0.4444444444444444,0.0,0.2222222222222222,0.2222222222222222,0.1111111111111111,0.1111111111111111,0.2222222222222222,0.2222222222222222,0.1111111111111111,0.2222222222222222,0.3333333333333333,0.5,0.2222222222222222,0.3333333333333333,0.1111111111111111,0.1111111111111111,0.1111111111111111,0.0,0.0,0.1111111111111111,0.2222222222222222,0.1111111111111111,0.0,0.0,0.5555555555555556,0.0,0.0,0.2222222222222222,0.2222222222222222,0.2222222222222222,0.2222222222222222,0.1111111111111111,0.5555555555555556,0.4444444444444444,0.1111111111111111,0.4444444444444444,0.2222222222222222,0.2222222222222222,0.0,0.0,0.4444444444444444,0.4444444444444444,0.4444444444444444,0.1111111111111111,0.1111111111111111,0.1111111111111111,0.3333333333333333,0.2222222222222222,0.1111111111111111,0.3333333333333333,0.23076923076923078,0.5555555555555556,0.46153846153846156,0.3333333333333333,0.3333333333333333,0.1111111111111111,0.3333333333333333,0.3333333333333333,0.3333333333333333,0.5384615384615384,0.46153846153846156,0.4444444444444444,0.4444444444444444,0.3333333333333333,0.5333333333333333,0.3333333333333333,0.4444444444444444,0.5555555555555556,0.3333333333333333,0.5,0.3333333333333333,0.3333333333333333,0.2222222222222222,0.4444444444444444,0.4444444444444444,0.46153846153846156,0.1111111111111111,0.5555555555555556,0.45454545454545453,0.2222222222222222,0.3,0.5833333333333334,0.2222222222222222,0.1111111111111111,0.2222222222222222,0.2222222222222222,0.3333333333333333,0.2,0.2222222222222222,0.5555555555555556,0.3333333333333333,0.18181818181818182,0.4166666666666667,0.5555555555555556,0.2222222222222222,0.2222222222222222,0.2222222222222222,0.4444444444444444,0.3333333333333333,0.3333333333333333,0.2222222222222222,0.3333333333333333,0.4444444444444444,0.4,0.5,0.5555555555555556,0.3333333333333333,0.4444444444444444,0.6,0.4444444444444444,0.4,0.2222222222222222,0.5833333333333334,0.3333333333333333,0.4444444444444444,0.2222222222222222,0.4,0.4166666666666667,0.3333333333333333,0.4,0.4444444444444444,0.2222222222222222,0.4,0.3333333333333333,0.5555555555555556,1.0,0.5,0.4444444444444444,0.2222222222222222,0.1111111111111111,0.3333333333333333,0.2222222222222222,0.4444444444444444,0.2222222222222222,0.1111111111111111,0.1111111111111111,0.2222222222222222
7911,0.45454545454545453,0.4,0.1,0.1,0.45454545454545453,0.5,0.5454545454545454,0.6666666666666666,0.5333333333333333,0.45454545454545453,0.4,0.4,0.4,0.7,0.4,0.3,0.5,0.5384615384615384,0.5,0.4,0.45454545454545453,0.6363636363636364,0.4,0.3,0.3,0.2,0.3,0.45454545454545453,0.3,0.6,0.3,0.5,0.4,0.6,0.36363636363636365,0.5,0.3,0.4,0.4,0.3,0.2,0.4,0.5714285714285714,0.4,0.6,0.2,0.5384615384615384,0.3,0.6,0.3,0.4,0.3,0.2,0.5,0.1,0.1,0.2,0.4,0.3,0.5,0.2,0.5384615384615384,0.5,0.4,0.2727272727272727,0.1,0.3,0.3,0.2,0.5833333333333334,0.3,0.2,0.3,0.0,0.0,0.1,0.3,0.0,0.2,0.0,0.1,0.0,0.1,0.1,0.0,0.1,0.2,0.4,0.0,0.2,0.1,0.0,0.0,0.0,0.0,0.0,0.1,0.1,0.0,0.0,0.2,0.0,0.0,0.1,0.1,0.2,0.1,0.0,0.2,0.2,0.1,0.2,0.3,0.2,0.0,0.1,0.2,0.3,0.4,0.3,0.4,0.0,0.1,0.0,0.0,0.4,0.46153846153846156,0.2,0.6153846153846154,0.3,0.4,0.4,0.3,0.3,0.3,0.5384615384615384,0.6153846153846154,0.3,0.5,0.2,0.5333333333333333,0.5,0.4,0.6,0.5,0.7,0.5,0.5,0.4,0.4,0.4,0.5384615384615384,0.1,0.4,0.6363636363636364,0.3,0.5,0.5,0.5,0.3,0.3,0.1,0.4,0.6,0.3,0.5,0.4,0.5454545454545454,0.5833333333333334,0.6,0.3,0.4,0.4,0.4,0.3,0.2,0.4,0.4,0.3,0.8,0.4,0.4,0.4,0.2,0.4,0.5,0.5,0.3,0.5833333333333334,0.3,0.4,0.5,0.6,0.5833333333333334,0.4,0.5,0.7,0.3,0.6,0.1,0.5,0.5,1.0,0.4,0.3,0.1,0.4,0.4,0.5,0.4,0.2,0.0,0.2
7912,0.2727272727272727,0.4444444444444444,0.0,0.2222222222222222,0.36363636363636365,0.1111111111111111,0.5454545454545454,0.5,0.4666666666666667,0.45454545454545453,0.5555555555555556,0.4444444444444444,0.2222222222222222,0.5,0.4444444444444444,0.3333333333333333,0.3,0.46153846153846156,0.5,0.2222222222222222,0.2727272727272727,0.45454545454545453,0.4444444444444444,0.3333333333333333,0.3333333333333333,0.1111111111111111,0.2222222222222222,0.2727272727272727,0.2222222222222222,0.3333333333333333,0.1111111111111111,0.3333333333333333,0.2222222222222222,0.4,0.18181818181818182,0.3333333333333333,0.3,0.4444444444444444,0.1111111111111111,0.2222222222222222,0.4444444444444444,0.4,0.42857142857142855,0.5,0.5,0.3333333333333333,0.38461538461538464,0.3333333333333333,0.5555555555555556,0.4444444444444444,0.4444444444444444,0.4444444444444444,0.4444444444444444,0.5,0.2222222222222222,0.4444444444444444,0.3333333333333333,0.2222222222222222,0.4444444444444444,0.4444444444444444,0.3333333333333333,0.46153846153846156,0.5714285714285714,0.2222222222222222,0.45454545454545453,0.2222222222222222,0.4444444444444444,0.2222222222222222,0.3333333333333333,0.25,0.2222222222222222,0.1111111111111111,0.2222222222222222,0.3333333333333333,0.4444444444444444,0.2222222222222222,0.2222222222222222,0.1111111111111111,0.2222222222222222,0.2222222222222222,0.1111111111111111,0.1111111111111111,0.2222222222222222,0.4444444444444444,0.2222222222222222,0.3333333333333333,0.3333333333333333,0.2,0.4444444444444444,0.4444444444444444,0.4444444444444444,0.2222222222222222,0.3333333333333333,0.3333333333333333,0.2222222222222222,0.2222222222222222,0.2222222222222222,0.2222222222222222,0.2222222222222222,0.2222222222222222,0.6666666666666666,0.2222222222222222,0.2222222222222222,0.2222222222222222,0.5555555555555556,0.3333333333333333,0.2222222222222222,0.2222222222222222,0.5555555555555556,0.2222222222222222,0.0,0.3333333333333333,0.3333333333333333,0.2222222222222222,0.1111111111111111,0.3333333333333333,0.3333333333333333,0.1111111111111111,0.2222222222222222,0.3333333333333333,0.2222222222222222,0.2222222222222222,0.4444444444444444,0.3333333333333333,0.4444444444444444,0.1111111111111111,0.46153846153846156,0.3333333333333333,0.38461538461538464,0.2222222222222222,0.3333333333333333,0.5555555555555556,0.2222222222222222,0.5555555555555556,0.3333333333333333,0.5384615384615384,0.46153846153846156,0.2222222222222222,0.4444444444444444,0.3333333333333333,0.4,0.4444444444444444,0.4444444444444444,0.6666666666666666,0.4444444444444444,0.6,0.5555555555555556,0.5555555555555556,0.3333333333333333,0.4444444444444444,0.5555555555555556,0.38461538461538464,0.2222222222222222,0.5555555555555556,0.5454545454545454,0.2222222222222222,0.4,0.5,0.4444444444444444,0.2222222222222222,0.3333333333333333,0.5555555555555556,0.3333333333333333,0.5,0.4444444444444444,0.5555555555555556,0.1111111111111111,0.36363636363636365,0.4166666666666667,0.6666666666666666,0.4444444444444444,0.3333333333333333,0.3333333333333333,0.2222222222222222,0.2222222222222222,0.3333333333333333,0.4444444444444444,0.5555555555555556,0.4444444444444444,0.5,0.3,0.3333333333333333,0.4444444444444444,0.4444444444444444,0.5,0.5555555555555556,0.5,0.3333333333333333,0.5,0.4444444444444444,0.4444444444444444,0.6666666666666666,0.5,0.5,0.2222222222222222,0.5,0.3333333333333333,0.3333333333333333,0.3,0.3333333333333333,0.2222222222222222,0.4444444444444444,0.4,1.0,0.2222222222222222,0.2222222222222222,0.3333333333333333,0.5555555555555556,0.2222222222222222,0.4444444444444444,0.3333333333333333,0.3333333333333333,0.3333333333333333
7990,0.2727272727272727,0.3333333333333333,0.25,0.25,0.45454545454545453,0.6666666666666666,0.2727272727272727,0.25,0.4,0.36363636363636365,0.3333333333333333,0.1111111111111111,0.375,0.2,0.25,0.625,0.5,0.38461538461538464,0.3333333333333333,0.375,0.36363636363636365,0.2727272727272727,0.1111111111111111,0.375,0.25,0.25,0.375,0.36363636363636365,0.0,0.5555555555555556,0.25,0.25,0.0,0.2,0.45454545454545453,0.4444444444444444,0.3,0.3333333333333333,0.25,0.375,0.375,0.3,0.2857142857142857,0.4,0.2,0.375,0.46153846153846156,0.375,0.375,0.125,0.5555555555555556,0.375,0.25,0.3,0.375,0.125,0.125,0.375,0.4444444444444444,0.25,0.0,0.38461538461538464,0.35714285714285715,0.125,0.2727272727272727,0.125,0.375,0.125,0.0,0.25,0.125,0.25,0.25,0.25,0.25,0.0,0.125,0.125,0.125,0.375,0.125,0.375,0.125,0.25,0.125,0.25,0.375,0.4,0.125,0.25,0.0,0.125,0.125,0.125,0.0,0.125,0.25,0.25,0.0,0.0,0.25,0.0,0.0,0.375,0.0,0.0,0.25,0.125,0.25,0.125,0.375,0.375,0.25,0.125,0.125,0.125,0.0,0.25,0.125,0.125,0.5,0.125,0.5555555555555556,0.0,0.125,0.25,0.38461538461538464,0.375,0.23076923076923078,0.25,0.3333333333333333,0.5,0.375,0.2222222222222222,0.125,0.38461538461538464,0.23076923076923078,0.25,0.375,0.5,0.3333333333333333,0.5,0.125,0.3333333333333333,0.375,0.4,0.375,0.5555555555555556,0.625,0.7777777777777778,0.625,0.38461538461538464,0.125,0.5555555555555556,0.36363636363636365,0.25,0.4,0.4166666666666667,0.3333333333333333,0.5,0.5,0.125,0.25,0.5,0.375,0.3333333333333333,0.25,0.5454545454545454,0.3333333333333333,0.3333333333333333,0.125,0.25,0.375,0.3333333333333333,0.75,0.25,0.375,0.5555555555555556,0.5555555555555556,0.3,0.3,0.5,0.25,0.375,0.3,0.5,0.5,0.125,0.3333333333333333,0.625,0.375,0.4444444444444444,0.6,0.5,0.5,0.5,0.4444444444444444,0.375,0.7,0.375,0.375,0.2222222222222222,0.3,0.2222222222222222,1.0,0.375,0.25,0.375,0.4444444444444444,0.5,0.625,0.125,0.25
8110,0.18181818181818182,0.2222222222222222,0.0,0.3333333333333333,0.18181818181818182,0.2222222222222222,0.18181818181818182,0.08333333333333333,0.06666666666666667,0.2727272727272727,0.3333333333333333,0.1111111111111111,0.0,0.0,0.25,0.42857142857142855,0.2,0.15384615384615385,0.16666666666666666,0.16666666666666666,0.18181818181818182,0.09090909090909091,0.1111111111111111,0.125,0.2,0.2,0.14285714285714285,0.18181818181818182,0.0,0.3333333333333333,0.14285714285714285,0.08333333333333333,0.0,0.2,0.09090909090909091,0.2222222222222222,0.3,0.2222222222222222,0.0,0.375,0.2857142857142857,0.2,0.2857142857142857,0.4,0.1,0.5,0.23076923076923078,0.42857142857142855,0.25,0.2,0.2222222222222222,0.375,0.2857142857142857,0.4,0.2857142857142857,0.375,0.42857142857142855,0.375,0.4444444444444444,0.125,0.3333333333333333,0.23076923076923078,0.2857142857142857,0.16666666666666666,0.36363636363636365,0.4,0.25,0.2857142857142857,0.3333333333333333,0.25,0.4,0.4,0.16666666666666666,0.4,0.5,0.2,0.0,0.4,0.42857142857142855,0.6,0.4,0.6,0.2,0.6666666666666666,0.4,0.6666666666666666,0.42857142857142855,0.3,0.4,0.25,0.3333333333333333,0.6,0.4,0.6,0.2,0.4,0.6,0.4,0.4,0.2,0.375,0.2,0.2,0.42857142857142855,0.4,0.2,0.6,0.2,0.42857142857142855,0.2857142857142857,0.4,0.16666666666666666,0.25,0.4,0.4,0.2,0.0,0.3333333333333333,0.0,0.16666666666666666,0.125,0.2,0.3333333333333333,0.4,0.4,0.14285714285714285,0.23076923076923078,0.25,0.15384615384615385,0.3333333333333333,0.2222222222222222,0.25,0.4,0.3333333333333333,0.0,0.15384615384615385,0.15384615384615385,0.5,0.2857142857142857,0.5,0.13333333333333333,0.125,0.125,0.2222222222222222,0.2857142857142857,0.2,0.2857142857142857,0.4444444444444444,0.3333333333333333,0.2222222222222222,0.25,0.07692307692307693,0.4,0.2222222222222222,0.2727272727272727,0.14285714285714285,0.2,0.25,0.0,0.14285714285714285,0.3333333333333333,0.4,0.0,0.2,0.16666666666666666,0.3333333333333333,0.25,0.18181818181818182,0.25,0.1111111111111111,0.2,0.14285714285714285,0.14285714285714285,0.4444444444444444,0.375,0.2,0.42857142857142855,0.2222222222222222,0.3333333333333333,0.1,0.2,0.2857142857142857,0.42857142857142855,0.2857142857142857,0.2,0.375,0.4,0.4,0.16666666666666666,0.375,0.5,0.3333333333333333,0.3,0.08333333333333333,0.25,0.3,0.1111111111111111,0.16666666666666666,0.3,0.4,0.125,0.1111111111111111,0.1,0.2222222222222222,0.375,1.0,0.16666666666666666,0.14285714285714285,0.2222222222222222,0.42857142857142855,0.5714285714285714,0.6,0.3333333333333333
8129,0.18181818181818182,0.3333333333333333,0.0,0.16666666666666666,0.2727272727272727,0.3333333333333333,0.36363636363636365,0.3333333333333333,0.3333333333333333,0.36363636363636365,0.4444444444444444,0.1111111111111111,0.14285714285714285,0.4,0.25,0.42857142857142855,0.3,0.3076923076923077,0.25,0.16666666666666666,0.2727272727272727,0.18181818181818182,0.2222222222222222,0.125,0.3333333333333333,0.16666666666666666,0.42857142857142855,0.18181818181818182,0.5,0.2222222222222222,0.2857142857142857,0.25,0.16666666666666666,0.2,0.18181818181818182,0.4444444444444444,0.3,0.4444444444444444,0.25,0.25,0.14285714285714285,0.2,0.35714285714285715,0.3,0.3,0.3333333333333333,0.23076923076923078,0.2857142857142857,0.25,0.3333333333333333,0.2222222222222222,0.25,0.2857142857142857,0.3,0.14285714285714285,0.25,0.14285714285714285,0.5,0.2222222222222222,0.5,0.16666666666666666,0.3076923076923077,0.35714285714285715,0.5,0.18181818181818182,0.16666666666666666,0.125,0.14285714285714285,0.3333333333333333,0.4166666666666667,0.5,0.3333333333333333,0.16666666666666666,0.16666666666666666,0.3333333333333333,0.16666666666666666,0.2857142857142857,0.0,0.14285714285714285,0.0,0.0,0.0,0.0,0.3333333333333333,0.0,0.0,0.5714285714285714,0.3,0.0,0.25,0.16666666666666666,0.0,0.16666666666666666,0.16666666666666666,0.16666666666666666,0.16666666666666666,0.16666666666666666,0.16666666666666666,0.0,0.16666666666666666,0.5,0.16666666666666666,0.16666666666666666,0.2857142857142857,0.3333333333333333,0.3333333333333333,0.16666666666666666,0.0,0.42857142857142855,0.14285714285714285,0.0,0.6666666666666666,0.5,0.5,0.0,0.16666666666666666,0.5,0.3333333333333333,0.375,0.16666666666666666,0.25,0.0,0.2222222222222222,0.16666666666666666,0.16666666666666666,0.42857142857142855,0.23076923076923078,0.25,0.23076923076923078,0.5,0.4444444444444444,0.375,0.3333333333333333,0.2222222222222222,0.3333333333333333,0.3076923076923077,0.3076923076923077,0.5,0.42857142857142855,0.3333333333333333,0.2,0.25,0.25,0.2222222222222222,0.2857142857142857,0.4,0.42857142857142855,0.3333333333333333,0.5,0.3333333333333333,0.25,0.23076923076923078,0.16666666666666666,0.4444444444444444,0.45454545454545453,0.5714285714285714,0.2,0.4166666666666667,0.4444444444444444,0.2857142857142857,0.16666666666666666,0.3333333333333333,0.3333333333333333,0.4,0.3333333333333333,0.5555555555555556,0.25,0.36363636363636365,0.3333333333333333,0.4444444444444444,0.6666666666666666,0.2857142857142857,0.2857142857142857,0.1111111111111111,0.125,0.3333333333333333,0.2857142857142857,0.1111111111111111,0.2222222222222222,0.5,0.3,0.42857142857142855,0.42857142857142855,0.2857142857142857,0.3,0.375,0.3,0.5,0.16666666666666666,0.125,0.375,0.3333333333333333,0.3,0.3333333333333333,0.375,0.4,0.3333333333333333,0.16666666666666666,0.3,0.16666666666666666,0.5,0.3333333333333333,0.4,0.3333333333333333,0.25,0.16666666666666666,1.0,0.42857142857142855,0.1111111111111111,0.14285714285714285,0.2857142857142857,0.3333333333333333,0.3333333333333333
8219,0.18181818181818182,0.5555555555555556,0.14285714285714285,0.0,0.36363636363636365,0.2222222222222222,0.36363636363636365,0.5,0.3333333333333333,0.36363636363636365,0.2222222222222222,0.3333333333333333,0.2857142857142857,0.3,0.375,0.42857142857142855,0.4,0.3076923076923077,0.3333333333333333,0.42857142857142855,0.18181818181818182,0.2727272727272727,0.2222222222222222,0.375,0.2857142857142857,0.14285714285714285,0.2857142857142857,0.18181818181818182,0.14285714285714285,0.3333333333333333,0.14285714285714285,0.25,0.2857142857142857,0.4,0.18181818181818182,0.3333333333333333,0.2,0.3333333333333333,0.125,0.0,0.2857142857142857,0.2,0.21428571428571427,0.4,0.4,0.14285714285714285,0.3076923076923077,0.14285714285714285,0.5,0.2857142857142857,0.4444444444444444,0.25,0.2857142857142857,0.3,0.2857142857142857,0.25,0.0,0.25,0.2222222222222222,0.375,0.2857142857142857,0.38461538461538464,0.42857142857142855,0.42857142857142855,0.18181818181818182,0.2857142857142857,0.5,0.0,0.14285714285714285,0.25,0.14285714285714285,0.0,0.0,0.2857142857142857,0.2857142857142857,0.14285714285714285,0.14285714285714285,0.0,0.14285714285714285,0.2857142857142857,0.0,0.0,0.14285714285714285,0.2857142857142857,0.0,0.0,0.2857142857142857,0.1,0.14285714285714285,0.375,0.2857142857142857,0.0,0.14285714285714285,0.14285714285714285,0.2857142857142857,0.14285714285714285,0.14285714285714285,0.0,0.14285714285714285,0.14285714285714285,0.375,0.14285714285714285,0.2857142857142857,0.14285714285714285,0.2857142857142857,0.14285714285714285,0.14285714285714285,0.14285714285714285,0.2857142857142857,0.14285714285714285,0.14285714285714285,0.42857142857142855,0.375,0.2857142857142857,0.0,0.2857142857142857,0.42857142857142855,0.14285714285714285,0.25,0.42857142857142855,0.375,0.2857142857142857,0.3333333333333333,0.14285714285714285,0.2857142857142857,0.14285714285714285,0.3076923076923077,0.25,0.3076923076923077,0.0,0.4444444444444444,0.375,0.2857142857142857,0.3333333333333333,0.42857142857142855,0.3076923076923077,0.38461538461538464,0.2857142857142857,0.5714285714285714,0.2857142857142857,0.26666666666666666,0.625,0.5,0.5555555555555556,0.5714285714285714,0.6,0.5714285714285714,0.4444444444444444,0.5714285714285714,0.4444444444444444,0.5,0.3076923076923077,0.14285714285714285,0.3333333333333333,0.36363636363636365,0.42857142857142855,0.3,0.4166666666666667,0.4444444444444444,0.2857142857142857,0.42857142857142855,0.42857142857142855,0.42857142857142855,0.4,0.14285714285714285,0.3333333333333333,0.25,0.45454545454545453,0.25,0.4444444444444444,0.2857142857142857,0.42857142857142855,0.5714285714285714,0.2222222222222222,0.375,0.42857142857142855,0.5714285714285714,0.4444444444444444,0.2222222222222222,0.6,0.2,0.42857142857142855,0.2857142857142857,0.2857142857142857,0.2,0.5,0.4,0.2857142857142857,0.4166666666666667,0.375,0.25,0.4444444444444444,0.5,0.5,0.25,0.4,0.4444444444444444,0.42857142857142855,0.3,0.2857142857142857,0.125,0.2222222222222222,0.4,0.5555555555555556,0.375,0.14285714285714285,0.42857142857142855,1.0,0.3333333333333333,0.5714285714285714,0.42857142857142855,0.14285714285714285,0.5714285714285714
8220,0.36363636363636365,0.4444444444444444,0.3333333333333333,0.3333333333333333,0.5454545454545454,0.6666666666666666,0.5454545454545454,0.5833333333333334,0.3333333333333333,0.36363636363636365,0.3333333333333333,0.4444444444444444,0.4444444444444444,0.4,0.3333333333333333,0.2222222222222222,0.6,0.5384615384615384,0.3333333333333333,0.3333333333333333,0.2727272727272727,0.5454545454545454,0.4444444444444444,0.7777777777777778,0.3333333333333333,0.4444444444444444,0.3333333333333333,0.6363636363636364,0.1111111111111111,0.5555555555555556,0.5555555555555556,0.5833333333333334,0.3333333333333333,0.7,0.45454545454545453,0.4444444444444444,0.2,0.3333333333333333,0.5555555555555556,0.3333333333333333,0.4444444444444444,0.6,0.42857142857142855,0.5,0.5,0.1111111111111111,0.46153846153846156,0.3333333333333333,0.4444444444444444,0.2222222222222222,0.6666666666666666,0.3333333333333333,0.4444444444444444,0.4,0.4444444444444444,0.4444444444444444,0.4444444444444444,0.3333333333333333,0.6666666666666666,0.5555555555555556,0.2222222222222222,0.5384615384615384,0.35714285714285715,0.2222222222222222,0.36363636363636365,0.3333333333333333,0.4444444444444444,0.4444444444444444,0.1111111111111111,0.4166666666666667,0.2222222222222222,0.1111111111111111,0.3333333333333333,0.1111111111111111,0.0,0.1111111111111111,0.4444444444444444,0.1111111111111111,0.3333333333333333,0.2222222222222222,0.2222222222222222,0.2222222222222222,0.1111111111111111,0.1111111111111111,0.2222222222222222,0.2222222222222222,0.1111111111111111,0.4,0.1111111111111111,0.5555555555555556,0.2222222222222222,0.0,0.2222222222222222,0.1111111111111111,0.1111111111111111,0.0,0.1111111111111111,0.2222222222222222,0.1111111111111111,0.0,0.0,0.0,0.1111111111111111,0.1111111111111111,0.1111111111111111,0.1111111111111111,0.1111111111111111,0.0,0.0,0.5555555555555556,0.2222222222222222,0.0,0.3333333333333333,0.2222222222222222,0.1111111111111111,0.1111111111111111,0.3333333333333333,0.2222222222222222,0.4444444444444444,0.3333333333333333,0.5555555555555556,0.1111111111111111,0.3333333333333333,0.2222222222222222,0.0,0.3333333333333333,0.3076923076923077,0.3333333333333333,0.6153846153846154,0.2222222222222222,0.3333333333333333,0.2222222222222222,0.3333333333333333,0.3333333333333333,0.2222222222222222,0.23076923076923078,0.5384615384615384,0.2222222222222222,0.1111111111111111,0.1111111111111111,0.4666666666666667,0.5555555555555556,0.2222222222222222,0.5555555555555556,0.5555555555555556,0.5,0.4444444444444444,0.3333333333333333,0.3333333333333333,0.4444444444444444,0.2222222222222222,0.5384615384615384,0.1111111111111111,0.1111111111111111,0.45454545454545453,0.2222222222222222,0.5,0.4166666666666667,0.2222222222222222,0.1111111111111111,0.2222222222222222,0.0,0.4444444444444444,0.4,0.2222222222222222,0.2222222222222222,0.4444444444444444,0.36363636363636365,0.3333333333333333,0.3333333333333333,0.0,0.3333333333333333,0.2222222222222222,0.6666666666666666,0.4444444444444444,0.2222222222222222,0.2222222222222222,0.4444444444444444,0.2222222222222222,0.5,0.3,0.2222222222222222,0.3333333333333333,0.2222222222222222,0.3,0.4444444444444444,0.2,0.1111111111111111,0.4166666666666667,0.2222222222222222,0.2222222222222222,0.3333333333333333,0.3,0.5,0.2222222222222222,0.4,0.4444444444444444,0.2222222222222222,0.4,0.0,0.4444444444444444,0.4444444444444444,0.5,0.2222222222222222,0.4444444444444444,0.2222222222222222,0.1111111111111111,0.3333333333333333,1.0,0.4444444444444444,0.3333333333333333,0.1111111111111111,0.3333333333333333
8230,0.18181818181818182,0.3333333333333333,0.0,0.0,0.2727272727272727,0.4444444444444444,0.2727272727272727,0.25,0.2,0.2727272727272727,0.2222222222222222,0.4444444444444444,0.2857142857142857,0.2,0.375,0.42857142857142855,0.4,0.3076923076923077,0.25,0.42857142857142855,0.18181818181818182,0.18181818181818182,0.1111111111111111,0.375,0.42857142857142855,0.2857142857142857,0.42857142857142855,0.2727272727272727,0.14285714285714285,0.5555555555555556,0.2857142857142857,0.16666666666666666,0.2857142857142857,0.3,0.18181818181818182,0.2222222222222222,0.2,0.2222222222222222,0.125,0.375,0.42857142857142855,0.2,0.2857142857142857,0.6,0.3,0.2857142857142857,0.3076923076923077,0.2857142857142857,0.5,0.2857142857142857,0.5555555555555556,0.375,0.2857142857142857,0.4,0.2857142857142857,0.25,0.2857142857142857,0.5,0.4444444444444444,0.375,0.14285714285714285,0.38461538461538464,0.35714285714285715,0.42857142857142855,0.2727272727272727,0.2857142857142857,0.5,0.2857142857142857,0.14285714285714285,0.16666666666666666,0.14285714285714285,0.14285714285714285,0.14285714285714285,0.42857142857142855,0.2857142857142857,0.2857142857142857,0.14285714285714285,0.14285714285714285,0.2857142857142857,0.2857142857142857,0.42857142857142855,0.2857142857142857,0.42857142857142855,0.2857142857142857,0.2857142857142857,0.2857142857142857,0.14285714285714285,0.2,0.2857142857142857,0.25,0.14285714285714285,0.14285714285714285,0.2857142857142857,0.2857142857142857,0.14285714285714285,0.14285714285714285,0.2857142857142857,0.2857142857142857,0.14285714285714285,0.14285714285714285,0.25,0.14285714285714285,0.14285714285714285,0.2857142857142857,0.14285714285714285,0.2857142857142857,0.2857142857142857,0.2857142857142857,0.2857142857142857,0.2857142857142857,0.14285714285714285,0.14285714285714285,0.125,0.2857142857142857,0.2857142857142857,0.14285714285714285,0.14285714285714285,0.2857142857142857,0.125,0.42857142857142855,0.375,0.2857142857142857,0.2222222222222222,0.14285714285714285,0.2857142857142857,0.2857142857142857,0.23076923076923078,0.125,0.3076923076923077,0.2857142857142857,0.2222222222222222,0.375,0.5714285714285714,0.4444444444444444,0.14285714285714285,0.23076923076923078,0.3076923076923077,0.2857142857142857,0.42857142857142855,0.42857142857142855,0.26666666666666666,0.625,0.25,0.4444444444444444,0.7142857142857143,0.6,0.5714285714285714,0.5555555555555556,0.5714285714285714,0.3333333333333333,0.5,0.3076923076923077,0.2857142857142857,0.3333333333333333,0.45454545454545453,0.14285714285714285,0.4,0.3333333333333333,0.2222222222222222,0.14285714285714285,0.42857142857142855,0.2857142857142857,0.14285714285714285,0.4,0.2857142857142857,0.3333333333333333,0.125,0.2727272727272727,0.3333333333333333,0.2222222222222222,0.14285714285714285,0.42857142857142855,0.5714285714285714,0.2222222222222222,0.5,0.2857142857142857,0.5714285714285714,0.5555555555555556,0.3333333333333333,0.4,0.1,0.42857142857142855,0.42857142857142855,0.2857142857142857,0.3,0.625,0.5,0.2857142857142857,0.3333333333333333,0.5,0.25,0.4444444444444444,0.5,0.3333333333333333,0.25,0.3,0.4444444444444444,0.42857142857142855,0.4,0.2857142857142857,0.125,0.2222222222222222,0.4,0.4444444444444444,0.5,0.42857142857142855,0.14285714285714285,0.5714285714285714,0.4444444444444444,1.0,0.5714285714285714,0.2857142857142857,0.5714285714285714
8291,0.18181818181818182,0.4444444444444444,0.14285714285714285,0.14285714285714285,0.18181818181818182,0.4444444444444444,0.2727272727272727,0.25,0.26666666666666666,0.36363636363636365,0.3333333333333333,0.1111111111111111,0.14285714285714285,0.2,0.375,0.5714285714285714,0.4,0.23076923076923078,0.25,0.2857142857142857,0.2727272727272727,0.09090909090909091,0.0,0.375,0.42857142857142855,0.2857142857142857,0.2857142857142857,0.18181818181818182,0.0,0.4444444444444444,0.2857142857142857,0.16666666666666666,0.14285714285714285,0.3,0.18181818181818182,0.3333333333333333,0.4,0.2222222222222222,0.0,0.5,0.2857142857142857,0.3,0.35714285714285715,0.5,0.2,0.5714285714285714,0.38461538461538464,0.42857142857142855,0.25,0.42857142857142855,0.3333333333333333,0.5,0.2857142857142857,0.4,0.14285714285714285,0.375,0.2857142857142857,0.5,0.4444444444444444,0.375,0.2857142857142857,0.38461538461538464,0.42857142857142855,0.2857142857142857,0.45454545454545453,0.42857142857142855,0.625,0.2857142857142857,0.2857142857142857,0.25,0.14285714285714285,0.2857142857142857,0.2857142857142857,0.42857142857142855,0.42857142857142855,0.2857142857142857,0.14285714285714285,0.14285714285714285,0.2857142857142857,0.2857142857142857,0.2857142857142857,0.42857142857142855,0.14285714285714285,0.5714285714285714,0.2857142857142857,0.42857142857142855,0.42857142857142855,0.3,0.14285714285714285,0.375,0.2857142857142857,0.2857142857142857,0.42857142857142855,0.42857142857142855,0.2857142857142857,0.42857142857142855,0.42857142857142855,0.2857142857142857,0.14285714285714285,0.2857142857142857,0.375,0.2857142857142857,0.2857142857142857,0.7142857142857143,0.2857142857142857,0.2857142857142857,0.42857142857142855,0.14285714285714285,0.2857142857142857,0.14285714285714285,0.42857142857142855,0.2857142857142857,0.25,0.42857142857142855,0.2857142857142857,0.2857142857142857,0.14285714285714285,0.2857142857142857,0.125,0.42857142857142855,0.375,0.14285714285714285,0.4444444444444444,0.14285714285714285,0.2857142857142857,0.2857142857142857,0.38461538461538464,0.125,0.15384615384615385,0.2857142857142857,0.2222222222222222,0.5,0.2857142857142857,0.3333333333333333,0.14285714285714285,0.23076923076923078,0.15384615384615385,0.42857142857142855,0.2857142857142857,0.5714285714285714,0.13333333333333333,0.375,0.0,0.2222222222222222,0.42857142857142855,0.4,0.42857142857142855,0.6666666666666666,0.42857142857142855,0.4444444444444444,0.5,0.15384615384615385,0.2857142857142857,0.4444444444444444,0.2727272727272727,0.42857142857142855,0.4,0.25,0.3333333333333333,0.42857142857142855,0.5714285714285714,0.2857142857142857,0.14285714285714285,0.5,0.42857142857142855,0.2222222222222222,0.25,0.45454545454545453,0.4166666666666667,0.3333333333333333,0.2857142857142857,0.42857142857142855,0.42857142857142855,0.3333333333333333,0.5,0.14285714285714285,0.2857142857142857,0.4444444444444444,0.4444444444444444,0.3,0.3,0.42857142857142855,0.2857142857142857,0.2857142857142857,0.2,0.5,0.4,0.2857142857142857,0.25,0.625,0.5,0.4444444444444444,0.5,0.25,0.5,0.5,0.1111111111111111,0.14285714285714285,0.5,0.42857142857142855,0.125,0.1111111111111111,0.2,0.3333333333333333,0.625,0.5714285714285714,0.2857142857142857,0.42857142857142855,0.3333333333333333,0.5714285714285714,1.0,0.42857142857142855,0.42857142857142855
8292,0.18181818181818182,0.1111111111111111,0.0,0.3333333333333333,0.18181818181818182,0.2222222222222222,0.2727272727272727,0.08333333333333333,0.13333333333333333,0.36363636363636365,0.4444444444444444,0.2222222222222222,0.14285714285714285,0.2,0.5,0.14285714285714285,0.3,0.15384615384615385,0.25,0.16666666666666666,0.18181818181818182,0.09090909090909091,0.2222222222222222,0.25,0.4,0.4,0.42857142857142855,0.2727272727272727,0.2,0.2222222222222222,0.42857142857142855,0.25,0.2,0.2,0.09090909090909091,0.1111111111111111,0.4,0.3333333333333333,0.125,0.375,0.42857142857142855,0.4,0.2857142857142857,0.5,0.2,0.3333333333333333,0.07692307692307693,0.2857142857142857,0.125,0.4,0.2222222222222222,0.375,0.2857142857142857,0.4,0.42857142857142855,0.625,0.5714285714285714,0.5,0.4444444444444444,0.25,0.5,0.23076923076923078,0.2857142857142857,0.3333333333333333,0.45454545454545453,0.6,0.375,0.42857142857142855,0.6666666666666666,0.25,0.4,0.4,0.16666666666666666,0.6,0.6666666666666666,0.4,0.2857142857142857,0.4,0.5714285714285714,0.4,0.4,0.4,0.2,0.6666666666666666,0.4,0.5,0.5714285714285714,0.3,0.4,0.5,0.5,0.4,0.6,0.8,0.4,0.4,0.4,0.4,0.4,0.4,0.5,0.4,0.4,0.5714285714285714,0.6,0.4,0.4,0.2,0.42857142857142855,0.42857142857142855,0.2,0.3333333333333333,0.375,0.6,0.4,0.4,0.3333333333333333,0.3333333333333333,0.25,0.3333333333333333,0.25,0.2,0.3333333333333333,0.6,0.6,0.42857142857142855,0.23076923076923078,0.25,0.15384615384615385,0.5,0.3333333333333333,0.375,0.2,0.4444444444444444,0.16666666666666666,0.15384615384615385,0.15384615384615385,0.3333333333333333,0.0,0.16666666666666666,0.13333333333333333,0.125,0.25,0.1111111111111111,0.14285714285714285,0.2,0.14285714285714285,0.2222222222222222,0.16666666666666666,0.0,0.125,0.15384615384615385,0.4,0.2222222222222222,0.2727272727272727,0.2857142857142857,0.2,0.16666666666666666,0.2222222222222222,0.14285714285714285,0.16666666666666666,0.6,0.0,0.2,0.16666666666666666,0.3333333333333333,0.25,0.09090909090909091,0.16666666666666666,0.1111111111111111,0.4,0.14285714285714285,0.14285714285714285,0.2222222222222222,0.125,0.0,0.2857142857142857,0.2222222222222222,0.2222222222222222,0.1,0.2,0.0,0.2857142857142857,0.2857142857142857,0.3,0.25,0.2,0.2,0.08333333333333333,0.25,0.25,0.2222222222222222,0.1,0.0,0.25,0.2,0.0,0.16666666666666666,0.1,0.2,0.25,0.1111111111111111,0.0,0.3333333333333333,0.125,0.6,0.3333333333333333,0.14285714285714285,0.1111111111111111,0.2857142857142857,0.42857142857142855,1.0,0.3333333333333333
8299,0.18181818181818182,0.4444444444444444,0.16666666666666666,0.0,0.2727272727272727,0.2222222222222222,0.18181818181818182,0.25,0.13333333333333333,0.18181818181818182,0.2222222222222222,0.4444444444444444,0.14285714285714285,0.1,0.125,0.2857142857142857,0.3,0.23076923076923078,0.16666666666666666,0.16666666666666666,0.18181818181818182,0.09090909090909091,0.1111111111111111,0.375,0.3333333333333333,0.3333333333333333,0.2857142857142857,0.18181818181818182,0.16666666666666666,0.2222222222222222,0.2857142857142857,0.25,0.3333333333333333,0.4,0.2727272727272727,0.2222222222222222,0.4,0.3333333333333333,0.25,0.25,0.14285714285714285,0.1,0.2857142857142857,0.4,0.1,0.16666666666666666,0.3076923076923077,0.14285714285714285,0.25,0.3333333333333333,0.2222222222222222,0.375,0.2857142857142857,0.3,0.2857142857142857,0.375,0.14285714285714285,0.5,0.2222222222222222,0.375,0.5,0.3076923076923077,0.2857142857142857,0.5,0.18181818181818182,0.5,0.375,0.14285714285714285,0.3333333333333333,0.3333333333333333,0.16666666666666666,0.0,0.0,0.5,0.5,0.5,0.2857142857142857,0.0,0.2857142857142857,0.3333333333333333,0.3333333333333333,0.16666666666666666,0.5,0.3333333333333333,0.16666666666666666,0.16666666666666666,0.14285714285714285,0.2,0.3333333333333333,0.25,0.5,0.16666666666666666,0.3333333333333333,0.3333333333333333,0.5,0.3333333333333333,0.16666666666666666,0.16666666666666666,0.3333333333333333,0.3333333333333333,0.375,0.3333333333333333,0.5,0.2857142857142857,0.3333333333333333,0.5,0.16666666666666666,0.3333333333333333,0.2857142857142857,0.2857142857142857,0.16666666666666666,0.3333333333333333,0.375,0.5,0.16666666666666666,0.16666666666666666,0.5,0.16666666666666666,0.375,0.6666666666666666,0.375,0.5,0.3333333333333333,0.3333333333333333,0.5,0.2857142857142857,0.23076923076923078,0.25,0.23076923076923078,0.16666666666666666,0.4444444444444444,0.125,0.5,0.5555555555555556,0.5,0.07692307692307693,0.23076923076923078,0.3333333333333333,0.2857142857142857,0.5,0.2,0.5,0.25,0.2222222222222222,0.2857142857142857,0.4,0.14285714285714285,0.2222222222222222,0.3333333333333333,0.2222222222222222,0.125,0.15384615384615385,0.16666666666666666,0.2222222222222222,0.18181818181818182,0.42857142857142855,0.3,0.3333333333333333,0.2222222222222222,0.14285714285714285,0.0,0.5,0.16666666666666666,0.3,0.16666666666666666,0.3333333333333333,0.25,0.2727272727272727,0.3333333333333333,0.1111111111111111,0.3333333333333333,0.42857142857142855,0.5714285714285714,0.2222222222222222,0.25,0.3333333333333333,0.2857142857142857,0.2222222222222222,0.2222222222222222,0.4,0.2,0.42857142857142855,0.42857142857142855,0.42857142857142855,0.3,0.375,0.4,0.3333333333333333,0.25,0.25,0.25,0.2222222222222222,0.3,0.25,0.25,0.3,0.3333333333333333,0.16666666666666666,0.2,0.3333333333333333,0.0,0.2222222222222222,0.2,0.3333333333333333,0.25,0.3333333333333333,0.3333333333333333,0.5714285714285714,0.3333333333333333,0.5714285714285714,0.42857142857142855,0.3333333333333333,1.0
